{"type":"FeatureCollection","license":"ODbL 1.0; individual source rights retained","attribution":"© OpenStreetMap contributors; municipal publishers","features":[{"type":"Feature","geometry":{"type":"Point","coordinates":[127.7438997,26.1229445]},"properties":{"id":"municipal-7d19c041c3dc2706","name":"八重瀬町のフクギ並木","nameEn":"","source":"https://data.bodik.jp/dataset/470007_hanamidorimeisho"}},{"type":"Feature","geometry":{"type":"Point","coordinates":[137.04539,35.146895]},"properties":{"id":"municipal-88fce7767929fae6","name":"臥龍の松","nameEn":"","source":"https://data.bodik.jp/dataset/232301_p_8040_8040"}},{"type":"Feature","geometry":{"type":"Point","coordinates":[137.046701,35.139753]},"properties":{"id":"municipal-06a2682dd2877e7e","name":"白山古墳","nameEn":"","source":"https://data.bodik.jp/dataset/232301_p_8040_8040"}},{"type":"Feature","geometry":{"type":"Point","coordinates":[137.012388,35.124666]},"properties":{"id":"municipal-64d347494089c548","name":"天地社","nameEn":"","source":"https://data.bodik.jp/dataset/232301_p_8040_8040"}},{"type":"Feature","geometry":{"type":"Point","coordinates":[137.012388,35.124666]},"properties":{"id":"municipal-3c8040d7c90b665b","name":"天地社狛犬","nameEn":"","source":"https://data.bodik.jp/dataset/232301_p_8040_8040"}},{"type":"Feature","geometry":{"type":"Point","coordinates":[137.04539,35.146895]},"properties":{"id":"municipal-d2ac56d5ceab99ab","name":"妙仙寺山門","nameEn":"","source":"https://data.bodik.jp/dataset/232301_p_8040_8040"}},{"type":"Feature","geometry":{"type":"Point","coordinates":[137.030275,35.142191]},"properties":{"id":"municipal-fa59768e0b0dec3b","name":"香久山古窯","nameEn":"","source":"https://data.bodik.jp/dataset/232301_p_8040_8040"}},{"type":"Feature","geometry":{"type":"Point","coordinates":[130.68936,33.01680537]},"properties":{"id":"municipal-e662077ca0917dc5","name":"八千代座","nameEn":"","source":"https://data.bodik.jp/dataset/cultural_property"}},{"type":"Feature","geometry":{"type":"Point","coordinates":[130.6694914,33.02988078]},"properties":{"id":"municipal-0770e00703762a6c","name":"チブサン・オブサン古墳","nameEn":"","source":"https://data.bodik.jp/dataset/cultural_property"}},{"type":"Feature","geometry":{"type":"Point","coordinates":[130.7194687,32.998111]},"properties":{"id":"municipal-7487ffc6e4014519","name":"方保田東原遺跡","nameEn":"","source":"https://data.bodik.jp/dataset/cultural_property"}},{"type":"Feature","geometry":{"type":"Point","coordinates":[130.6961604,33.00210867]},"properties":{"id":"municipal-475eafb502c24dbe","name":"菊池川チスジノリ発生地","nameEn":"","source":"https://data.bodik.jp/dataset/cultural_property"}},{"type":"Feature","geometry":{"type":"Point","coordinates":[130.6884095,33.01513633]},"properties":{"id":"municipal-0c3840df990d4602","name":"山鹿灯籠民芸館","nameEn":"","source":"https://data.bodik.jp/dataset/cultural_property"}},{"type":"Feature","geometry":{"type":"Point","coordinates":[130.72631,32.996731]},"properties":{"id":"municipal-b4f4da39a47d9995","name":"吉岡家住宅","nameEn":"","source":"https://data.bodik.jp/dataset/cultural_property"}},{"type":"Feature","geometry":{"type":"Point","coordinates":[130.6895497,33.01371072]},"properties":{"id":"municipal-d10f57900be48455","name":"大森家住宅","nameEn":"","source":"https://data.bodik.jp/dataset/cultural_property"}},{"type":"Feature","geometry":{"type":"Point","coordinates":[130.7005384,32.80737469]},"properties":{"id":"municipal-a2860f3d528e5d7d","name":"臼塚石人","nameEn":"","source":"https://data.bodik.jp/dataset/cultural_property"}},{"type":"Feature","geometry":{"type":"Point","coordinates":[130.6659009,33.00050411]},"properties":{"id":"municipal-88d9608cd20642a6","name":"長岩横穴群","nameEn":"","source":"https://data.bodik.jp/dataset/cultural_property"}},{"type":"Feature","geometry":{"type":"Point","coordinates":[130.6753785,33.03850426]},"properties":{"id":"municipal-542b685ee9863cdb","name":"馬塚古墳","nameEn":"","source":"https://data.bodik.jp/dataset/cultural_property"}},{"type":"Feature","geometry":{"type":"Point","coordinates":[130.6760876,32.99879987]},"properties":{"id":"municipal-5f58b78e2ba7a1a5","name":"桜の上横穴群","nameEn":"","source":"https://data.bodik.jp/dataset/cultural_property"}},{"type":"Feature","geometry":{"type":"Point","coordinates":[130.6731728,33.03524839]},"properties":{"id":"municipal-67759768bfd76eee","name":"付城横穴群","nameEn":"","source":"https://data.bodik.jp/dataset/cultural_property"}},{"type":"Feature","geometry":{"type":"Point","coordinates":[130.7531324,33.01292402]},"properties":{"id":"municipal-6c44de7821a428ef","name":"津袋古墳群","nameEn":"","source":"https://data.bodik.jp/dataset/cultural_property"}},{"type":"Feature","geometry":{"type":"Point","coordinates":[130.6694444,32.99970332]},"properties":{"id":"municipal-0a4f8fda46c7f0e5","name":"岩原横穴群","nameEn":"","source":"https://data.bodik.jp/dataset/cultural_property"}},{"type":"Feature","geometry":{"type":"Point","coordinates":[130.6601228,32.96059391]},"properties":{"id":"municipal-331736fcb68929a3","name":"姫井の六地蔵","nameEn":"","source":"https://data.bodik.jp/dataset/cultural_property"}},{"type":"Feature","geometry":{"type":"Point","coordinates":[130.674749,32.97333782]},"properties":{"id":"municipal-fac6a0a2f72c2455","name":"堂米野の六地蔵","nameEn":"","source":"https://data.bodik.jp/dataset/cultural_property"}},{"type":"Feature","geometry":{"type":"Point","coordinates":[130.7286584,32.99393325]},"properties":{"id":"municipal-8433233b03346323","name":"藤井八幡宮如法経塔","nameEn":"","source":"https://data.bodik.jp/dataset/cultural_property"}},{"type":"Feature","geometry":{"type":"Point","coordinates":[130.7512447,33.0078007]},"properties":{"id":"municipal-76742b69ceeebcc3","name":"有福寺跡五輪塔","nameEn":"","source":"https://data.bodik.jp/dataset/cultural_property"}},{"type":"Feature","geometry":{"type":"Point","coordinates":[130.6973041,33.00900163]},"properties":{"id":"municipal-d149fe8947fee005","name":"伝宇野親治五輪塔群","nameEn":"","source":"https://data.bodik.jp/dataset/cultural_property"}},{"type":"Feature","geometry":{"type":"Point","coordinates":[130.6883349,33.01545214]},"properties":{"id":"municipal-234b2ba75199ad19","name":"金剛乗寺石門","nameEn":"","source":"https://data.bodik.jp/dataset/cultural_property"}},{"type":"Feature","geometry":{"type":"Point","coordinates":[130.7648631,33.01011672]},"properties":{"id":"municipal-8632ca5b8c271cd9","name":"泉福寺跡古碑古塔群","nameEn":"","source":"https://data.bodik.jp/dataset/cultural_property"}},{"type":"Feature","geometry":{"type":"Point","coordinates":[130.751231,33.00780675]},"properties":{"id":"municipal-63d6cfbc5e9ed250","name":"高橋の一字一石逆修碑","nameEn":"","source":"https://data.bodik.jp/dataset/cultural_property"}},{"type":"Feature","geometry":{"type":"Point","coordinates":[130.6895612,33.0168587]},"properties":{"id":"municipal-56aaf21576133af6","name":"八千代座付属施設","nameEn":"","source":"https://data.bodik.jp/dataset/cultural_property"}},{"type":"Feature","geometry":{"type":"Point","coordinates":[130.654464,33.04958413]},"properties":{"id":"municipal-86f55548bb20679d","name":"湯山橋","nameEn":"","source":"https://data.bodik.jp/dataset/cultural_property"}},{"type":"Feature","geometry":{"type":"Point","coordinates":[130.6949995,32.807029]},"properties":{"id":"municipal-2b4cfd5186e07cb3","name":"土佐光起筆三十六歌仙図扁額（附狩野寿信筆模写扁額）","nameEn":"","source":"https://data.bodik.jp/dataset/cultural_property"}},{"type":"Feature","geometry":{"type":"Point","coordinates":[130.74279,33.00014]},"properties":{"id":"municipal-a2ea83beeee81a74","name":"坂東寺跡聖観音坐像","nameEn":"","source":"https://data.bodik.jp/dataset/cultural_property"}},{"type":"Feature","geometry":{"type":"Point","coordinates":[130.76517,33.00993]},"properties":{"id":"municipal-44dff7a04ce60f75","name":"泉福寺跡毘沙門天像及び聖歓喜天像","nameEn":"","source":"https://data.bodik.jp/dataset/cultural_property"}},{"type":"Feature","geometry":{"type":"Point","coordinates":[130.73433,33.00028]},"properties":{"id":"municipal-d8def267c6ce9b09","name":"大光寺文書","nameEn":"","source":"https://data.bodik.jp/dataset/cultural_property"}},{"type":"Feature","geometry":{"type":"Point","coordinates":[130.7119684,32.99883226]},"properties":{"id":"municipal-19c70e7f5d8b0b2f","name":"方保田古墳石室","nameEn":"","source":"https://data.bodik.jp/dataset/cultural_property"}},{"type":"Feature","geometry":{"type":"Point","coordinates":[130.6951597,33.01196051]},"properties":{"id":"municipal-5a00963e30ec4726","name":"大宮神社猿田彦石碑群","nameEn":"","source":"https://data.bodik.jp/dataset/cultural_property"}},{"type":"Feature","geometry":{"type":"Point","coordinates":[130.7194585,32.99838392]},"properties":{"id":"municipal-8e65b2f571677def","name":"来民団扇製作工具一式","nameEn":"","source":"https://data.bodik.jp/dataset/cultural_property"}},{"type":"Feature","geometry":{"type":"Point","coordinates":[130.6826031,33.01278841]},"properties":{"id":"municipal-3a13e271bae1a343","name":"宗方万行","nameEn":"","source":"https://data.bodik.jp/dataset/cultural_property"}},{"type":"Feature","geometry":{"type":"Point","coordinates":[130.6947478,33.01178454]},"properties":{"id":"municipal-f4cab4694395c3db","name":"山鹿灯籠","nameEn":"","source":"https://data.bodik.jp/dataset/cultural_property"}},{"type":"Feature","geometry":{"type":"Point","coordinates":[130.6951293,33.01185482]},"properties":{"id":"municipal-08978ef5fecdab66","name":"犬子ひょうたん","nameEn":"","source":"https://data.bodik.jp/dataset/cultural_property"}},{"type":"Feature","geometry":{"type":"Point","coordinates":[130.678452,33.02274809]},"properties":{"id":"municipal-734242e97bb0d862","name":"臼塚古墳","nameEn":"","source":"https://data.bodik.jp/dataset/cultural_property"}},{"type":"Feature","geometry":{"type":"Point","coordinates":[130.6985461,33.00748314]},"properties":{"id":"municipal-fb29e1ba9805485b","name":"中村廃寺心礎","nameEn":"","source":"https://data.bodik.jp/dataset/cultural_property"}},{"type":"Feature","geometry":{"type":"Point","coordinates":[130.654284,32.95340511]},"properties":{"id":"municipal-267f090867b9cbbe","name":"長福寺","nameEn":"","source":"https://data.bodik.jp/dataset/cultural_property"}},{"type":"Feature","geometry":{"type":"Point","coordinates":[130.6772008,32.9751604]},"properties":{"id":"municipal-600f76ecdd9c695f","name":"下米野横穴群","nameEn":"","source":"https://data.bodik.jp/dataset/cultural_property"}},{"type":"Feature","geometry":{"type":"Point","coordinates":[130.6766881,32.99083518]},"properties":{"id":"municipal-d9e87cfc398dd398","name":"鬼塚古墳","nameEn":"","source":"https://data.bodik.jp/dataset/cultural_property"}},{"type":"Feature","geometry":{"type":"Point","coordinates":[130.6792416,32.96953366]},"properties":{"id":"municipal-5c2cb231309074a7","name":"双塚古墳","nameEn":"","source":"https://data.bodik.jp/dataset/cultural_property"}},{"type":"Feature","geometry":{"type":"Point","coordinates":[130.6778052,32.9740659]},"properties":{"id":"municipal-aea12d3f88b8793e","name":"島已兮の墓","nameEn":"","source":"https://data.bodik.jp/dataset/cultural_property"}},{"type":"Feature","geometry":{"type":"Point","coordinates":[130.6699269,33.02892026]},"properties":{"id":"municipal-17f406bb3beaa9d9","name":"西福寺摩崖仏","nameEn":"","source":"https://data.bodik.jp/dataset/cultural_property"}},{"type":"Feature","geometry":{"type":"Point","coordinates":[130.7173341,32.99563942]},"properties":{"id":"municipal-484b809dae190957","name":"亀塚古墳","nameEn":"","source":"https://data.bodik.jp/dataset/cultural_property"}},{"type":"Feature","geometry":{"type":"Point","coordinates":[130.7162092,32.99560749]},"properties":{"id":"municipal-8952795675d224a2","name":"端山塚古墳","nameEn":"","source":"https://data.bodik.jp/dataset/cultural_property"}},{"type":"Feature","geometry":{"type":"Point","coordinates":[130.7511563,32.99628521]},"properties":{"id":"municipal-9b62264bd83ffb68","name":"下高橋の御高札場跡","nameEn":"","source":"https://data.bodik.jp/dataset/cultural_property"}},{"type":"Feature","geometry":{"type":"Point","coordinates":[130.6695543,32.96513137]},"properties":{"id":"municipal-2d913f89da864709","name":"堤古墳","nameEn":"","source":"https://data.bodik.jp/dataset/cultural_property"}},{"type":"Feature","geometry":{"type":"Point","coordinates":[130.6641689,33.03972449]},"properties":{"id":"municipal-3bddfc233e08e543","name":"西付城跡","nameEn":"","source":"https://data.bodik.jp/dataset/cultural_property"}},{"type":"Feature","geometry":{"type":"Point","coordinates":[130.7915989,33.01067329]},"properties":{"id":"municipal-23feb23d71cd2654","name":"黄金塚古墳","nameEn":"","source":"https://data.bodik.jp/dataset/cultural_property"}},{"type":"Feature","geometry":{"type":"Point","coordinates":[130.7355948,32.9991581]},"properties":{"id":"municipal-f398d0a021476e1e","name":"来民の大イチョウ","nameEn":"","source":"https://data.bodik.jp/dataset/cultural_property"}},{"type":"Feature","geometry":{"type":"Point","coordinates":[130.6887105,33.01421758]},"properties":{"id":"municipal-1583c6a291cae1d1","name":"湯の端のエノキ","nameEn":"","source":"https://data.bodik.jp/dataset/cultural_property"}},{"type":"Feature","geometry":{"type":"Point","coordinates":[130.6866268,33.00345896]},"properties":{"id":"municipal-9e2faef7c6be9f7e","name":"南島菅原神社のクスノキ","nameEn":"","source":"https://data.bodik.jp/dataset/cultural_property"}},{"type":"Feature","geometry":{"type":"Point","coordinates":[130.7757154,33.01114078]},"properties":{"id":"municipal-7cc0c2ccf64a3b36","name":"松尾神社の樹木群","nameEn":"","source":"https://data.bodik.jp/dataset/cultural_property"}},{"type":"Feature","geometry":{"type":"Point","coordinates":[131.11605016076,32.94773210731]},"properties":{"id":"municipal-0ddcd01a8a88a4af","name":"阿蘇神社（一の神殿・二の神殿・三の神殿・楼門・神幸門・還御門）","nameEn":"","source":"https://data.bodik.jp/dataset/432148_cultural_property"}},{"type":"Feature","geometry":{"type":"Point","coordinates":[131.054110374407,32.8815664621783]},"properties":{"id":"municipal-18d144f537c727cc","name":"米塚及び草千里ヶ浜（※南阿蘇村に及ぶ）","nameEn":"","source":"https://data.bodik.jp/dataset/432148_cultural_property"}},{"type":"Feature","geometry":{"type":"Point","coordinates":[131.067250464766,32.9963531585301]},"properties":{"id":"municipal-bce1c0b2b86e3b76","name":"阿蘇の文化的景観阿蘇北外輪山及び中央火口丘群の草原景観","nameEn":"","source":"https://data.bodik.jp/dataset/432148_cultural_property"}},{"type":"Feature","geometry":{"type":"Point","coordinates":[131.0796,32.93166]},"properties":{"id":"municipal-5d703057fd9ebc1f","name":"豪潮建立宝篋印塔（西巌殿寺）","nameEn":"","source":"https://data.bodik.jp/dataset/432148_cultural_property"}},{"type":"Feature","geometry":{"type":"Point","coordinates":[131.1137,32.93609]},"properties":{"id":"municipal-aa45b9215549c0c8","name":"古神の森","nameEn":"","source":"https://data.bodik.jp/dataset/432148_cultural_property"}},{"type":"Feature","geometry":{"type":"Point","coordinates":[131.1157,32.95477]},"properties":{"id":"municipal-0dc7ce2c288f563f","name":"八丁塚(薮)","nameEn":"","source":"https://data.bodik.jp/dataset/432148_cultural_property"}},{"type":"Feature","geometry":{"type":"Point","coordinates":[131.1062,32.94836]},"properties":{"id":"municipal-c8bb90e99b0eb63e","name":"十二里木跡と石畳","nameEn":"","source":"https://data.bodik.jp/dataset/432148_cultural_property"}},{"type":"Feature","geometry":{"type":"Point","coordinates":[131.2051,32.96239]},"properties":{"id":"municipal-998f17f6d4a4d48c","name":"参勤交代道石畳（笹倉）","nameEn":"","source":"https://data.bodik.jp/dataset/432148_cultural_property"}},{"type":"Feature","geometry":{"type":"Point","coordinates":[131.2054,32.95999]},"properties":{"id":"municipal-0ed2cc09ff1aebff","name":"知事の塔（笹倉）","nameEn":"","source":"https://data.bodik.jp/dataset/432148_cultural_property"}},{"type":"Feature","geometry":{"type":"Point","coordinates":[131.0777,32.93229]},"properties":{"id":"municipal-b9dff7cce5dd7df3","name":"長善坊の公孫樹","nameEn":"","source":"https://data.bodik.jp/dataset/432148_cultural_property"}},{"type":"Feature","geometry":{"type":"Point","coordinates":[131.0681,32.97239]},"properties":{"id":"municipal-97a6e5ae78725649","name":"三の宮の公孫樹","nameEn":"","source":"https://data.bodik.jp/dataset/432148_cultural_property"}},{"type":"Feature","geometry":{"type":"Point","coordinates":[131.0791,32.93089]},"properties":{"id":"municipal-7bb9d424fd0d01f1","name":"西巌殿寺の公孫樹","nameEn":"","source":"https://data.bodik.jp/dataset/432148_cultural_property"}},{"type":"Feature","geometry":{"type":"Point","coordinates":[131.0791,32.93079]},"properties":{"id":"municipal-c1ba18b7598f12b4","name":"西巌殿寺の阿蘇檜","nameEn":"","source":"https://data.bodik.jp/dataset/432148_cultural_property"}},{"type":"Feature","geometry":{"type":"Point","coordinates":[131.0791,32.93069]},"properties":{"id":"municipal-b552d327c634bb0f","name":"西巌殿寺の椎","nameEn":"","source":"https://data.bodik.jp/dataset/432148_cultural_property"}},{"type":"Feature","geometry":{"type":"Point","coordinates":[131.0886,32.98789]},"properties":{"id":"municipal-5aa23d29d9f9a313","name":"山田八幡宮の公孫樹","nameEn":"","source":"https://data.bodik.jp/dataset/432148_cultural_property"}},{"type":"Feature","geometry":{"type":"Point","coordinates":[131.0389,32.97591]},"properties":{"id":"municipal-0bed6ca9f23effde","name":"明行寺の公孫樹","nameEn":"","source":"https://data.bodik.jp/dataset/432148_cultural_property"}},{"type":"Feature","geometry":{"type":"Point","coordinates":[131.0389,32.97578]},"properties":{"id":"municipal-3996090b88c31d11","name":"明行寺の枝垂桜","nameEn":"","source":"https://data.bodik.jp/dataset/432148_cultural_property"}},{"type":"Feature","geometry":{"type":"Point","coordinates":[131.0389,32.97566]},"properties":{"id":"municipal-f65c3ab0ce8de3d0","name":"明行寺の山菜萸","nameEn":"","source":"https://data.bodik.jp/dataset/432148_cultural_property"}},{"type":"Feature","geometry":{"type":"Point","coordinates":[131.0343,32.97502]},"properties":{"id":"municipal-a1cf455ba6955418","name":"内牧菅原神社の椨","nameEn":"","source":"https://data.bodik.jp/dataset/432148_cultural_property"}},{"type":"Feature","geometry":{"type":"Point","coordinates":[131.052,32.97848]},"properties":{"id":"municipal-ac4e015f6c0d9e96","name":"右馬允さんの杉","nameEn":"","source":"https://data.bodik.jp/dataset/432148_cultural_property"}},{"type":"Feature","geometry":{"type":"Point","coordinates":[131.0875,32.93283]},"properties":{"id":"municipal-da7c9962a2016de0","name":"踊山神社の一本杉","nameEn":"","source":"https://data.bodik.jp/dataset/432148_cultural_property"}},{"type":"Feature","geometry":{"type":"Point","coordinates":[131.0530633,32.88229388]},"properties":{"id":"municipal-d4b18b14168d2a91","name":"米塚及び草千里ヶ浜","nameEn":"","source":"https://data.bodik.jp/dataset/434337_cultural_property"}},{"type":"Feature","geometry":{"type":"Point","coordinates":[131.0404883,32.81878844]},"properties":{"id":"municipal-2fa3e231b1436b64","name":"柏木谷遺跡","nameEn":"","source":"https://data.bodik.jp/dataset/434337_cultural_property"}},{"type":"Feature","geometry":{"type":"Point","coordinates":[131.1087066,32.80511167]},"properties":{"id":"municipal-12e6dd0782608107","name":"無量寺跡阿弥陀如来座像","nameEn":"","source":"https://data.bodik.jp/dataset/434337_cultural_property"}},{"type":"Feature","geometry":{"type":"Point","coordinates":[131.0807169,32.81208667]},"properties":{"id":"municipal-8d96e79aaafbf98f","name":"六の小石古墳群一号墳","nameEn":"","source":"https://data.bodik.jp/dataset/434337_cultural_property"}},{"type":"Feature","geometry":{"type":"Point","coordinates":[130.419637,32.451713]},"properties":{"id":"municipal-179502f64ad29bb5","name":"永目神社のアコウ","nameEn":"","source":"https://data.bodik.jp/dataset/432121_cultural_property"}},{"type":"Feature","geometry":{"type":"Point","coordinates":[130.429844,32.583902]},"properties":{"id":"municipal-4ba7a4b19ef9d977","name":"大矢野城址","nameEn":"","source":"https://data.bodik.jp/dataset/432121_cultural_property"}},{"type":"Feature","geometry":{"type":"Point","coordinates":[130.429612,32.583799]},"properties":{"id":"municipal-67904ab8f09b8df8","name":"五輪塔","nameEn":"","source":"https://data.bodik.jp/dataset/432121_cultural_property"}},{"type":"Feature","geometry":{"type":"Point","coordinates":[130.420814,32.583292]},"properties":{"id":"municipal-d828a39891dfdcbf","name":"遍照院銅造梵鐘","nameEn":"","source":"https://data.bodik.jp/dataset/432121_cultural_property"}},{"type":"Feature","geometry":{"type":"Point","coordinates":[130.431882,32.590523]},"properties":{"id":"municipal-c2975a9aab16609b","name":"隠れキリシタン墓碑","nameEn":"","source":"https://data.bodik.jp/dataset/432121_cultural_property"}},{"type":"Feature","geometry":{"type":"Point","coordinates":[130.42411,32.582436]},"properties":{"id":"municipal-d7d2fc14684dc4ab","name":"値賀孫左衛門追遠之碑","nameEn":"","source":"https://data.bodik.jp/dataset/432121_cultural_property"}},{"type":"Feature","geometry":{"type":"Point","coordinates":[130.442026,32.591721]},"properties":{"id":"municipal-472c460459cb23c6","name":"佐藤家墓碑群","nameEn":"","source":"https://data.bodik.jp/dataset/432121_cultural_property"}},{"type":"Feature","geometry":{"type":"Point","coordinates":[130.375312,32.465386]},"properties":{"id":"municipal-8c39d380e47defd2","name":"澄泉寺跡五輪塔群","nameEn":"","source":"https://data.bodik.jp/dataset/432121_cultural_property"}},{"type":"Feature","geometry":{"type":"Point","coordinates":[130.374618,32.465085]},"properties":{"id":"municipal-43210a02759f9767","name":"菅原神社万治元年棟札","nameEn":"","source":"https://data.bodik.jp/dataset/432121_cultural_property"}},{"type":"Feature","geometry":{"type":"Point","coordinates":[130.425563,32.501225]},"properties":{"id":"municipal-dc1a3f896dc77218","name":"向陽寺雨乞いの鐘","nameEn":"","source":"https://data.bodik.jp/dataset/432121_cultural_property"}},{"type":"Feature","geometry":{"type":"Point","coordinates":[130.426978,32.507449]},"properties":{"id":"municipal-b9511719d5e74de7","name":"合津神社獅子舞","nameEn":"","source":"https://data.bodik.jp/dataset/432121_cultural_property"}},{"type":"Feature","geometry":{"type":"Point","coordinates":[130.374618,32.465085]},"properties":{"id":"municipal-3b172f23b7b141b3","name":"菅原神社神楽舞太鼓踊り","nameEn":"","source":"https://data.bodik.jp/dataset/432121_cultural_property"}},{"type":"Feature","geometry":{"type":"Point","coordinates":[130.401307,32.493782]},"properties":{"id":"municipal-8cc03c68290fdd27","name":"御手水の滝","nameEn":"","source":"https://data.bodik.jp/dataset/432121_cultural_property"}},{"type":"Feature","geometry":{"type":"Point","coordinates":[130.422686,32.491396]},"properties":{"id":"municipal-d716a7739b9c1361","name":"諏訪神社の大杉","nameEn":"","source":"https://data.bodik.jp/dataset/432121_cultural_property"}},{"type":"Feature","geometry":{"type":"Point","coordinates":[130.399777,32.432241]},"properties":{"id":"municipal-4e0d08835ed962c8","name":"二間戸小学校跡地のいちょう","nameEn":"","source":"https://data.bodik.jp/dataset/432121_cultural_property"}},{"type":"Feature","geometry":{"type":"Point","coordinates":[130.368181,32.390728]},"properties":{"id":"municipal-ccc1eedefeabe815","name":"開山搭","nameEn":"","source":"https://data.bodik.jp/dataset/432121_cultural_property"}},{"type":"Feature","geometry":{"type":"Point","coordinates":[130.5964689,32.50831257]},"properties":{"id":"municipal-66bcada6ab2fc753","name":"刀無銘伝雲生","nameEn":"","source":"https://data.bodik.jp/dataset/432024_"}},{"type":"Feature","geometry":{"type":"Point","coordinates":[130.5964689,32.50831257]},"properties":{"id":"municipal-e0400ee535259f31","name":"平石如砥墨跡","nameEn":"","source":"https://data.bodik.jp/dataset/432024_"}},{"type":"Feature","geometry":{"type":"Point","coordinates":[130.5965641,32.50959056]},"properties":{"id":"municipal-f9f3d8a5dad41ce2","name":"旧熊本藩八代城主浜御茶屋（松浜軒）庭園","nameEn":"","source":"https://data.bodik.jp/dataset/432024_"}},{"type":"Feature","geometry":{"type":"Point","coordinates":[130.6031133,32.50761152]},"properties":{"id":"municipal-b39ab2197c8d71f9","name":"シャルトル聖パウロ修道院記念館","nameEn":"","source":"https://data.bodik.jp/dataset/432024_"}},{"type":"Feature","geometry":{"type":"Point","coordinates":[130.5739366,32.43293056]},"properties":{"id":"municipal-890c2693b8f69ff9","name":"旅館金波楼本館","nameEn":"","source":"https://data.bodik.jp/dataset/432024_"}},{"type":"Feature","geometry":{"type":"Point","coordinates":[130.5739366,32.43293056]},"properties":{"id":"municipal-634a854f33eb287d","name":"旅館金波楼大広間棟","nameEn":"","source":"https://data.bodik.jp/dataset/432024_"}},{"type":"Feature","geometry":{"type":"Point","coordinates":[130.5739366,32.43293056]},"properties":{"id":"municipal-92f9fca1f40e02c0","name":"旅館金波楼正門及び塀","nameEn":"","source":"https://data.bodik.jp/dataset/432024_"}},{"type":"Feature","geometry":{"type":"Point","coordinates":[130.6034872,32.50775781]},"properties":{"id":"municipal-d6f734a15ae060b4","name":"シャルトル聖パウロ修道女会八代修道院煉瓦塀","nameEn":"","source":"https://data.bodik.jp/dataset/432024_"}},{"type":"Feature","geometry":{"type":"Point","coordinates":[130.600808,32.50325778]},"properties":{"id":"municipal-e1918fe2602d7ef2","name":"作田家住宅","nameEn":"","source":"https://data.bodik.jp/dataset/432024_"}},{"type":"Feature","geometry":{"type":"Point","coordinates":[130.5964689,32.50831257]},"properties":{"id":"municipal-b92496eefbe7fd84","name":"鍔平田彦三作素銅木瓜形","nameEn":"","source":"https://data.bodik.jp/dataset/432024_"}},{"type":"Feature","geometry":{"type":"Point","coordinates":[130.5964689,32.50831257]},"properties":{"id":"municipal-364dd1f4b34dc9f9","name":"木造阿弥陀三尊立像","nameEn":"","source":"https://data.bodik.jp/dataset/432024_"}},{"type":"Feature","geometry":{"type":"Point","coordinates":[130.5964689,32.50831257]},"properties":{"id":"municipal-be360e103df2dfe3","name":"木造阿弥陀如来坐像","nameEn":"","source":"https://data.bodik.jp/dataset/432024_"}},{"type":"Feature","geometry":{"type":"Point","coordinates":[130.5964689,32.50831257]},"properties":{"id":"municipal-7bcd19e22c08e4a2","name":"鐔林又七作三階松透","nameEn":"","source":"https://data.bodik.jp/dataset/432024_"}},{"type":"Feature","geometry":{"type":"Point","coordinates":[130.5964689,32.50831257]},"properties":{"id":"municipal-65fcd8433b0af6d5","name":"悟真寺の雲版","nameEn":"","source":"https://data.bodik.jp/dataset/432024_"}},{"type":"Feature","geometry":{"type":"Point","coordinates":[130.5964689,32.50831257]},"properties":{"id":"municipal-c9e8d7840cbbe02b","name":"大門観音堂の鰐口","nameEn":"","source":"https://data.bodik.jp/dataset/432024_"}},{"type":"Feature","geometry":{"type":"Point","coordinates":[130.5964689,32.50831257]},"properties":{"id":"municipal-6c6f3d21244f5b4f","name":"小早川家文書","nameEn":"","source":"https://data.bodik.jp/dataset/432024_"}},{"type":"Feature","geometry":{"type":"Point","coordinates":[130.5964689,32.50831257]},"properties":{"id":"municipal-2ea38b29770c0faf","name":"宮本武蔵書状","nameEn":"","source":"https://data.bodik.jp/dataset/432024_"}},{"type":"Feature","geometry":{"type":"Point","coordinates":[130.5970543,32.50934154]},"properties":{"id":"municipal-b016987d2e37ff0a","name":"千利休書状（二月十四日）","nameEn":"","source":"https://data.bodik.jp/dataset/432024_"}},{"type":"Feature","geometry":{"type":"Point","coordinates":[130.6088614,32.46890634]},"properties":{"id":"municipal-49b34293b785f385","name":"高田焼平山窯跡","nameEn":"","source":"https://data.bodik.jp/dataset/432024_"}},{"type":"Feature","geometry":{"type":"Point","coordinates":[130.5873179,32.44240349]},"properties":{"id":"municipal-76e9fe8074796b89","name":"田川内第一号古墳","nameEn":"","source":"https://data.bodik.jp/dataset/432024_"}},{"type":"Feature","geometry":{"type":"Point","coordinates":[130.5994716,32.5088881]},"properties":{"id":"municipal-c518e1c7d57227c1","name":"臥龍梅","nameEn":"","source":"https://data.bodik.jp/dataset/432024_"}},{"type":"Feature","geometry":{"type":"Point","coordinates":[130.5757786,32.43069267]},"properties":{"id":"municipal-fc4864da43121e7a","name":"日奈久温泉神社本殿","nameEn":"","source":"https://data.bodik.jp/dataset/432024_"}},{"type":"Feature","geometry":{"type":"Point","coordinates":[130.6212003,32.48572782]},"properties":{"id":"municipal-d8bcd5221d138675","name":"奈良木神社","nameEn":"","source":"https://data.bodik.jp/dataset/432024_"}},{"type":"Feature","geometry":{"type":"Point","coordinates":[130.6046607,32.50401688]},"properties":{"id":"municipal-4690966386462fe1","name":"加藤可重菩提所了覚山浄信寺","nameEn":"","source":"https://data.bodik.jp/dataset/432024_"}},{"type":"Feature","geometry":{"type":"Point","coordinates":[130.5974525,32.5041585]},"properties":{"id":"municipal-5bd37e53fb736c2d","name":"加藤正方父母の菩提所安養寺","nameEn":"","source":"https://data.bodik.jp/dataset/432024_"}},{"type":"Feature","geometry":{"type":"Point","coordinates":[130.5985227,32.50987677]},"properties":{"id":"municipal-1401723b641d3f7c","name":"織田信長墓ー五輪塔","nameEn":"","source":"https://data.bodik.jp/dataset/432024_"}},{"type":"Feature","geometry":{"type":"Point","coordinates":[130.6019698,32.50363588]},"properties":{"id":"municipal-7a8d8830876e09bf","name":"加藤忠正菩提所泉福山本成寺","nameEn":"","source":"https://data.bodik.jp/dataset/432024_"}},{"type":"Feature","geometry":{"type":"Point","coordinates":[130.6017673,32.50353521]},"properties":{"id":"municipal-5332eaeb3e95ef30","name":"本成寺の高麗門","nameEn":"","source":"https://data.bodik.jp/dataset/432024_"}},{"type":"Feature","geometry":{"type":"Point","coordinates":[130.6054315,32.50575648]},"properties":{"id":"municipal-0b162d6fe3fd928d","name":"白雲山医王寺","nameEn":"","source":"https://data.bodik.jp/dataset/432024_"}},{"type":"Feature","geometry":{"type":"Point","coordinates":[130.6211821,32.48580364]},"properties":{"id":"municipal-263f7650347efc31","name":"奈良木十一面観音堂","nameEn":"","source":"https://data.bodik.jp/dataset/432024_"}},{"type":"Feature","geometry":{"type":"Point","coordinates":[130.5434065,32.39249167]},"properties":{"id":"municipal-daf1e3971ec46515","name":"赤松第一号眼鏡橋","nameEn":"","source":"https://data.bodik.jp/dataset/432024_"}},{"type":"Feature","geometry":{"type":"Point","coordinates":[130.5969755,32.50928525]},"properties":{"id":"municipal-1102220b9102f65c","name":"松濱軒","nameEn":"","source":"https://data.bodik.jp/dataset/432024_"}},{"type":"Feature","geometry":{"type":"Point","coordinates":[130.6025009,32.49238024]},"properties":{"id":"municipal-7542c20994a4c9f5","name":"八代市立植柳小学校旧講堂","nameEn":"","source":"https://data.bodik.jp/dataset/432024_"}},{"type":"Feature","geometry":{"type":"Point","coordinates":[130.6573897,32.56873472]},"properties":{"id":"municipal-b81fab6efbfdd806","name":"鑑内橋","nameEn":"","source":"https://data.bodik.jp/dataset/432024_"}},{"type":"Feature","geometry":{"type":"Point","coordinates":[130.5968461,32.5070987]},"properties":{"id":"municipal-7095f54e583e9c92","name":"澤井家住宅及び長屋門","nameEn":"","source":"https://data.bodik.jp/dataset/432024_"}},{"type":"Feature","geometry":{"type":"Point","coordinates":[130.5969175,32.50709122]},"properties":{"id":"municipal-afbc9b930e18b208","name":"澤井家長屋門","nameEn":"","source":"https://data.bodik.jp/dataset/432024_"}},{"type":"Feature","geometry":{"type":"Point","coordinates":[130.5964689,32.50831257]},"properties":{"id":"municipal-d5d896e192f570ad","name":"不動三尊区ある天平革の模型","nameEn":"","source":"https://data.bodik.jp/dataset/432024_"}},{"type":"Feature","geometry":{"type":"Point","coordinates":[130.5964689,32.50831257]},"properties":{"id":"municipal-37f933c42669fe5e","name":"不動の梵字・八幡の銘ある天平革の模型","nameEn":"","source":"https://data.bodik.jp/dataset/432024_"}},{"type":"Feature","geometry":{"type":"Point","coordinates":[130.5964689,32.50831257]},"properties":{"id":"municipal-e95f98bebe060625","name":"御免革正平年号銘入","nameEn":"","source":"https://data.bodik.jp/dataset/432024_"}},{"type":"Feature","geometry":{"type":"Point","coordinates":[130.5969755,32.50928525]},"properties":{"id":"municipal-9e1330af3a82e688","name":"朱柄の槍","nameEn":"","source":"https://data.bodik.jp/dataset/432024_"}},{"type":"Feature","geometry":{"type":"Point","coordinates":[130.5969755,32.50928525]},"properties":{"id":"municipal-bacc8cde09e4c166","name":"釣り革の駕籠","nameEn":"","source":"https://data.bodik.jp/dataset/432024_"}},{"type":"Feature","geometry":{"type":"Point","coordinates":[130.5969755,32.50928525]},"properties":{"id":"municipal-924507daa818228f","name":"深山の茶壺","nameEn":"","source":"https://data.bodik.jp/dataset/432024_"}},{"type":"Feature","geometry":{"type":"Point","coordinates":[130.5969755,32.50928525]},"properties":{"id":"municipal-2847523c012321d2","name":"縄簾の水指","nameEn":"","source":"https://data.bodik.jp/dataset/432024_"}},{"type":"Feature","geometry":{"type":"Point","coordinates":[130.5969755,32.50928525]},"properties":{"id":"municipal-d5c4717ca01167c8","name":"青井戸の水指","nameEn":"","source":"https://data.bodik.jp/dataset/432024_"}},{"type":"Feature","geometry":{"type":"Point","coordinates":[130.5969755,32.50928525]},"properties":{"id":"municipal-078bbe2b4b672f58","name":"朝鮮そば茶碗","nameEn":"","source":"https://data.bodik.jp/dataset/432024_"}},{"type":"Feature","geometry":{"type":"Point","coordinates":[130.5969755,32.50928525]},"properties":{"id":"municipal-6efc40998c69a187","name":"宮本武蔵作大木太刀","nameEn":"","source":"https://data.bodik.jp/dataset/432024_"}},{"type":"Feature","geometry":{"type":"Point","coordinates":[130.5969755,32.50928525]},"properties":{"id":"municipal-677ddbdebeddfe87","name":"宮本武蔵作二刀流木刀","nameEn":"","source":"https://data.bodik.jp/dataset/432024_"}},{"type":"Feature","geometry":{"type":"Point","coordinates":[130.5969755,32.50928525]},"properties":{"id":"municipal-30f1868e48bde39a","name":"宮本武蔵作鞍","nameEn":"","source":"https://data.bodik.jp/dataset/432024_"}},{"type":"Feature","geometry":{"type":"Point","coordinates":[130.5964689,32.50831257]},"properties":{"id":"municipal-b88527fb27e68597","name":"不動三尊区ある天平革の染革","nameEn":"","source":"https://data.bodik.jp/dataset/432024_"}},{"type":"Feature","geometry":{"type":"Point","coordinates":[130.5969755,32.50928525]},"properties":{"id":"municipal-6541759b9696980e","name":"春日局の文","nameEn":"","source":"https://data.bodik.jp/dataset/432024_"}},{"type":"Feature","geometry":{"type":"Point","coordinates":[130.5969755,32.50928525]},"properties":{"id":"municipal-9de360ca55374b97","name":"沢庵和尚の文","nameEn":"","source":"https://data.bodik.jp/dataset/432024_"}},{"type":"Feature","geometry":{"type":"Point","coordinates":[130.5964689,32.50831257]},"properties":{"id":"municipal-307731b0e0f6786c","name":"ぼう製捩り文帯鏡","nameEn":"","source":"https://data.bodik.jp/dataset/432024_"}},{"type":"Feature","geometry":{"type":"Point","coordinates":[130.5964689,32.50831257]},"properties":{"id":"municipal-5963bd2336affea2","name":"ぼう製変形獣文帯鏡","nameEn":"","source":"https://data.bodik.jp/dataset/432024_"}},{"type":"Feature","geometry":{"type":"Point","coordinates":[130.5964689,32.50831257]},"properties":{"id":"municipal-7815c3663cec89c7","name":"陶製円面硯甲","nameEn":"","source":"https://data.bodik.jp/dataset/432024_"}},{"type":"Feature","geometry":{"type":"Point","coordinates":[130.5964689,32.50831257]},"properties":{"id":"municipal-d25ad288c4c4203f","name":"瑞花双鳳八稜鏡","nameEn":"","source":"https://data.bodik.jp/dataset/432024_"}},{"type":"Feature","geometry":{"type":"Point","coordinates":[130.5964689,32.50831257]},"properties":{"id":"municipal-0448974d98b4f6e4","name":"五反田古墳副葬品","nameEn":"","source":"https://data.bodik.jp/dataset/432024_"}},{"type":"Feature","geometry":{"type":"Point","coordinates":[130.5964689,32.50831257]},"properties":{"id":"municipal-dd86567742e249a5","name":"大鼠蔵箱式石棺群出土品","nameEn":"","source":"https://data.bodik.jp/dataset/432024_"}},{"type":"Feature","geometry":{"type":"Point","coordinates":[130.5964689,32.50831257]},"properties":{"id":"municipal-f19008eae9e3e94b","name":"大鼠蔵楠木山古墳副葬品","nameEn":"","source":"https://data.bodik.jp/dataset/432024_"}},{"type":"Feature","geometry":{"type":"Point","coordinates":[130.5964689,32.50831257]},"properties":{"id":"municipal-d7373abd9d5aac74","name":"護神寺廃寺跡出土の複弁軒丸瓦","nameEn":"","source":"https://data.bodik.jp/dataset/432024_"}},{"type":"Feature","geometry":{"type":"Point","coordinates":[130.5964689,32.50831257]},"properties":{"id":"municipal-df38710e4b317901","name":"須恵器樽形※（はそう）","nameEn":"","source":"https://data.bodik.jp/dataset/432024_"}},{"type":"Feature","geometry":{"type":"Point","coordinates":[130.5964689,32.50831257]},"properties":{"id":"municipal-7ed805c1622f6491","name":"大塚古墳出土人物埴輪","nameEn":"","source":"https://data.bodik.jp/dataset/432024_"}},{"type":"Feature","geometry":{"type":"Point","coordinates":[130.5964689,32.50831257]},"properties":{"id":"municipal-10fe99342706e2e8","name":"田川内貝塚出土貝輪","nameEn":"","source":"https://data.bodik.jp/dataset/432024_"}},{"type":"Feature","geometry":{"type":"Point","coordinates":[130.5964689,32.50831257]},"properties":{"id":"municipal-d0d4f8f2730bd1cc","name":"八代城間取図","nameEn":"","source":"https://data.bodik.jp/dataset/432024_"}},{"type":"Feature","geometry":{"type":"Point","coordinates":[130.6054235,32.50577457]},"properties":{"id":"municipal-ba762e4b6f54e9b8","name":"医王寺の浄心銘石塔","nameEn":"","source":"https://data.bodik.jp/dataset/432024_"}},{"type":"Feature","geometry":{"type":"Point","coordinates":[130.6054235,32.50577457]},"properties":{"id":"municipal-1c8dc985044fd403","name":"医王寺の庚申碑と青面金剛堂","nameEn":"","source":"https://data.bodik.jp/dataset/432024_"}},{"type":"Feature","geometry":{"type":"Point","coordinates":[130.6010503,32.50946855]},"properties":{"id":"municipal-357c39528e5f8bd9","name":"八王社の庚申碑","nameEn":"","source":"https://data.bodik.jp/dataset/432024_"}},{"type":"Feature","geometry":{"type":"Point","coordinates":[130.5964689,32.50831257]},"properties":{"id":"municipal-8daa7056846770d7","name":"八代御用紙漉きの道具及び文書・記録","nameEn":"","source":"https://data.bodik.jp/dataset/432024_"}},{"type":"Feature","geometry":{"type":"Point","coordinates":[130.6024678,32.50507807]},"properties":{"id":"municipal-6cbaa8578a072b74","name":"金立院のキリシタン墓碑","nameEn":"","source":"https://data.bodik.jp/dataset/432024_"}},{"type":"Feature","geometry":{"type":"Point","coordinates":[130.5951272,32.45244428]},"properties":{"id":"municipal-fb4814fb115b2c48","name":"五反田古墳","nameEn":"","source":"https://data.bodik.jp/dataset/432024_"}},{"type":"Feature","geometry":{"type":"Point","coordinates":[130.5873864,32.44244878]},"properties":{"id":"municipal-2d472f4a5e7458f3","name":"田川内貝塚","nameEn":"","source":"https://data.bodik.jp/dataset/432024_"}},{"type":"Feature","geometry":{"type":"Point","coordinates":[130.5840255,32.43747902]},"properties":{"id":"municipal-e95318dbe696fb51","name":"竹の内古墳","nameEn":"","source":"https://data.bodik.jp/dataset/432024_"}},{"type":"Feature","geometry":{"type":"Point","coordinates":[130.5888334,32.44323511]},"properties":{"id":"municipal-254270c5ef1068c3","name":"田河内関と田河内城跡","nameEn":"","source":"https://data.bodik.jp/dataset/432024_"}},{"type":"Feature","geometry":{"type":"Point","coordinates":[130.5965883,32.45132467]},"properties":{"id":"municipal-09d0af17f15dd6f3","name":"志紀河内村杵築宮と古宮床","nameEn":"","source":"https://data.bodik.jp/dataset/432024_"}},{"type":"Feature","geometry":{"type":"Point","coordinates":[130.6113268,32.47229592]},"properties":{"id":"municipal-b00f7b8b9fedc179","name":"平山城跡","nameEn":"","source":"https://data.bodik.jp/dataset/432024_"}},{"type":"Feature","geometry":{"type":"Point","coordinates":[130.6192792,32.48474989]},"properties":{"id":"municipal-441d44f964f77451","name":"中院義定卿館跡･高田御所跡･八代征西府跡","nameEn":"","source":"https://data.bodik.jp/dataset/432024_"}},{"type":"Feature","geometry":{"type":"Point","coordinates":[130.6115478,32.47446417]},"properties":{"id":"municipal-0e95dc25152d19d9","name":"十二里木跡","nameEn":"","source":"https://data.bodik.jp/dataset/432024_"}},{"type":"Feature","geometry":{"type":"Point","coordinates":[130.5985094,32.50984879]},"properties":{"id":"municipal-957e2e6fe273eded","name":"細川幽斎菩提所泰勝院跡","nameEn":"","source":"https://data.bodik.jp/dataset/432024_"}},{"type":"Feature","geometry":{"type":"Point","coordinates":[130.5985094,32.50984879]},"properties":{"id":"municipal-f5cff0fa85257f7a","name":"細川三斎荼毘所甘棠園跡","nameEn":"","source":"https://data.bodik.jp/dataset/432024_"}},{"type":"Feature","geometry":{"type":"Point","coordinates":[130.5985094,32.50984879]},"properties":{"id":"municipal-54df467d7ef1a017","name":"織田信長菩提所泰巌寺廃寺跡","nameEn":"","source":"https://data.bodik.jp/dataset/432024_"}},{"type":"Feature","geometry":{"type":"Point","coordinates":[130.5968973,32.50709895]},"properties":{"id":"municipal-d7b065a7d8a6a625","name":"永御蔵跡","nameEn":"","source":"https://data.bodik.jp/dataset/432024_"}},{"type":"Feature","geometry":{"type":"Point","coordinates":[130.6021718,32.50773682]},"properties":{"id":"municipal-a700a590989e0082","name":"八代の藩校伝習堂と教衛場跡","nameEn":"","source":"https://data.bodik.jp/dataset/432024_"}},{"type":"Feature","geometry":{"type":"Point","coordinates":[130.6594281,32.56796312]},"properties":{"id":"municipal-b158e67c422b2559","name":"名和童山の墓","nameEn":"","source":"https://data.bodik.jp/dataset/432024_"}},{"type":"Feature","geometry":{"type":"Point","coordinates":[130.6580759,32.56629485]},"properties":{"id":"municipal-ba8fb0105c3a5c8b","name":"新川義塾跡","nameEn":"","source":"https://data.bodik.jp/dataset/432024_"}},{"type":"Feature","geometry":{"type":"Point","coordinates":[130.662093,32.56925577]},"properties":{"id":"municipal-27e59aeddaacea8c","name":"鏡が池","nameEn":"","source":"https://data.bodik.jp/dataset/432024_"}},{"type":"Feature","geometry":{"type":"Point","coordinates":[130.661212,32.56719748]},"properties":{"id":"municipal-a59026fa16b37cde","name":"八代郡倉跡","nameEn":"","source":"https://data.bodik.jp/dataset/432024_"}},{"type":"Feature","geometry":{"type":"Point","coordinates":[130.6540051,32.56813783]},"properties":{"id":"municipal-1c9e618549a5d15b","name":"だいばどんの墓","nameEn":"","source":"https://data.bodik.jp/dataset/432024_"}},{"type":"Feature","geometry":{"type":"Point","coordinates":[130.660138,32.56826647]},"properties":{"id":"municipal-1ce78729874bc81d","name":"遠山参良の墓","nameEn":"","source":"https://data.bodik.jp/dataset/432024_"}},{"type":"Feature","geometry":{"type":"Point","coordinates":[130.6530117,32.56934067]},"properties":{"id":"municipal-ed35ad0c8af7b8c9","name":"細川藩在倉跡","nameEn":"","source":"https://data.bodik.jp/dataset/432024_"}},{"type":"Feature","geometry":{"type":"Point","coordinates":[130.657328,32.56871107]},"properties":{"id":"municipal-8a5632beabe3651e","name":"御高札場跡","nameEn":"","source":"https://data.bodik.jp/dataset/432024_"}},{"type":"Feature","geometry":{"type":"Point","coordinates":[130.603039,32.49260851]},"properties":{"id":"municipal-1d2ab138f871fea5","name":"栽柳園","nameEn":"","source":"https://data.bodik.jp/dataset/432024_"}},{"type":"Feature","geometry":{"type":"Point","coordinates":[130.6012236,32.5095878]},"properties":{"id":"municipal-ed47100e77c6a04a","name":"八王社の樟","nameEn":"","source":"https://data.bodik.jp/dataset/432024_"}},{"type":"Feature","geometry":{"type":"Point","coordinates":[130.6018485,32.50747343]},"properties":{"id":"municipal-12ed1fecefecaf2f","name":"上日置女夫木遺跡出土小銅鐸","nameEn":"","source":"https://data.bodik.jp/dataset/432024_"}},{"type":"Feature","geometry":{"type":"Point","coordinates":[127.9273024,26.69165443]},"properties":{"id":"municipal-9896c0c21c8b5601","name":"あおりやえ按司曲玉","nameEn":"","source":"https://data.bodik.jp/dataset/470007_bunkazai"}},{"type":"Feature","geometry":{"type":"Point","coordinates":[127.9273024,26.69165443]},"properties":{"id":"municipal-46f825731814b589","name":"山北今帰仁城監守来歴碑記","nameEn":"","source":"https://data.bodik.jp/dataset/470007_bunkazai"}},{"type":"Feature","geometry":{"type":"Point","coordinates":[127.7299614,26.13342915]},"properties":{"id":"municipal-5c433945e1162733","name":"富盛の石彫大獅子","nameEn":"","source":"https://data.bodik.jp/dataset/470007_bunkazai"}},{"type":"Feature","geometry":{"type":"Point","coordinates":[128.0169318,26.69740999]},"properties":{"id":"municipal-c0b364b048d27b83","name":"古宇利トゥーミヤ(遠見台)","nameEn":"","source":"https://data.bodik.jp/dataset/470007_bunkazai"}},{"type":"Feature","geometry":{"type":"Point","coordinates":[127.9304269,26.69982308]},"properties":{"id":"municipal-713bab6556546570","name":"今帰仁ノロの祭祀道具一式","nameEn":"","source":"https://data.bodik.jp/dataset/470007_bunkazai"}},{"type":"Feature","geometry":{"type":"Point","coordinates":[127.985518,26.67644458]},"properties":{"id":"municipal-bf511b9c827bd4cc","name":"勢理客ノロの祭祀道具一式","nameEn":"","source":"https://data.bodik.jp/dataset/470007_bunkazai"}},{"type":"Feature","geometry":{"type":"Point","coordinates":[127.9273024,26.69165443]},"properties":{"id":"municipal-1df01a18da733a90","name":"仲村源正宛辞令書及び関係資料","nameEn":"","source":"https://data.bodik.jp/dataset/470007_bunkazai"}},{"type":"Feature","geometry":{"type":"Point","coordinates":[127.9273024,26.69165443]},"properties":{"id":"municipal-a616910f285c8f42","name":"新城徳助・徳幸宛辞令書及び関係資料","nameEn":"","source":"https://data.bodik.jp/dataset/470007_bunkazai"}},{"type":"Feature","geometry":{"type":"Point","coordinates":[127.9273024,26.69165443]},"properties":{"id":"municipal-46b1395f73d66017","name":"諸喜田福安宛辞令書及び関係資料","nameEn":"","source":"https://data.bodik.jp/dataset/470007_bunkazai"}},{"type":"Feature","geometry":{"type":"Point","coordinates":[127.9273024,26.69165443]},"properties":{"id":"municipal-883aa27bb2c1af98","name":"国頭郡今帰仁間切各村全図及び字図","nameEn":"","source":"https://data.bodik.jp/dataset/470007_bunkazai"}},{"type":"Feature","geometry":{"type":"Point","coordinates":[127.9273024,26.69165443]},"properties":{"id":"municipal-07fdf03326de5180","name":"今帰仁間切平敷村略図及び平敷村字図","nameEn":"","source":"https://data.bodik.jp/dataset/470007_bunkazai"}},{"type":"Feature","geometry":{"type":"Point","coordinates":[127.7378666,26.11944165]},"properties":{"id":"municipal-28936b68d2d6cade","name":"玻名城の獅子舞","nameEn":"","source":"https://data.bodik.jp/dataset/470007_bunkazai"}},{"type":"Feature","geometry":{"type":"Point","coordinates":[127.7315755,26.11921091]},"properties":{"id":"municipal-3f11fcfbb47c7479","name":"安里のウフデーク","nameEn":"","source":"https://data.bodik.jp/dataset/470007_bunkazai"}},{"type":"Feature","geometry":{"type":"Point","coordinates":[127.7433489,26.13976792]},"properties":{"id":"municipal-690495ec0d9255d7","name":"新城のシーヤーマー","nameEn":"","source":"https://data.bodik.jp/dataset/470007_bunkazai"}},{"type":"Feature","geometry":{"type":"Point","coordinates":[127.72707,26.13292909]},"properties":{"id":"municipal-6f931f19541ba77d","name":"富盛の大和人行列","nameEn":"","source":"https://data.bodik.jp/dataset/470007_bunkazai"}},{"type":"Feature","geometry":{"type":"Point","coordinates":[127.72707,26.13292909]},"properties":{"id":"municipal-740dd8110e7211c5","name":"富盛の唐人行列","nameEn":"","source":"https://data.bodik.jp/dataset/470007_bunkazai"}},{"type":"Feature","geometry":{"type":"Point","coordinates":[127.72707,26.13292909]},"properties":{"id":"municipal-ba2bb32f209e426d","name":"富盛の女行列","nameEn":"","source":"https://data.bodik.jp/dataset/470007_bunkazai"}},{"type":"Feature","geometry":{"type":"Point","coordinates":[127.7439355,26.1219833]},"properties":{"id":"municipal-42e4278213253ed3","name":"ゆったちじょうの御嶽","nameEn":"","source":"https://data.bodik.jp/dataset/470007_bunkazai"}},{"type":"Feature","geometry":{"type":"Point","coordinates":[127.7312922,26.11957475]},"properties":{"id":"municipal-ce859a4f0dc71947","name":"慶座井","nameEn":"","source":"https://data.bodik.jp/dataset/470007_bunkazai"}},{"type":"Feature","geometry":{"type":"Point","coordinates":[127.7489956,26.14039301]},"properties":{"id":"municipal-4c168c2c5fc07e98","name":"玉泉洞","nameEn":"","source":"https://data.bodik.jp/dataset/470007_bunkazai"}},{"type":"Feature","geometry":{"type":"Point","coordinates":[130.456231,32.621918]},"properties":{"id":"municipal-1a524286bd55b512","name":"三角旧港（三角西港）施設","nameEn":"","source":"https://data.bodik.jp/dataset/432130_cultural_property"}},{"type":"Feature","geometry":{"type":"Point","coordinates":[130.456231,32.621918]},"properties":{"id":"municipal-f69790b37059e6cc","name":"三角浦の文化的景観","nameEn":"","source":"https://data.bodik.jp/dataset/432130_cultural_property"}},{"type":"Feature","geometry":{"type":"Point","coordinates":[130.455571,32.62211]},"properties":{"id":"municipal-976797ab1ed3dae1","name":"旧三角海運倉庫（三角築港記念館）","nameEn":"","source":"https://data.bodik.jp/dataset/432130_cultural_property"}},{"type":"Feature","geometry":{"type":"Point","coordinates":[130.456053,32.622119]},"properties":{"id":"municipal-cb622afa0e06b860","name":"龍讓館","nameEn":"","source":"https://data.bodik.jp/dataset/432130_cultural_property"}},{"type":"Feature","geometry":{"type":"Point","coordinates":[130.456636,32.623211]},"properties":{"id":"municipal-5528165ba1d93ae8","name":"宇城市国際交流村法の館（旧三角簡易裁判所本館）","nameEn":"","source":"https://data.bodik.jp/dataset/432130_cultural_property"}},{"type":"Feature","geometry":{"type":"Point","coordinates":[130.456731,32.623415]},"properties":{"id":"municipal-dc2ebbcd19c8b87d","name":"宇城市国際交流村伝統工芸館（旧三角簡易裁判所弁護士等控室）","nameEn":"","source":"https://data.bodik.jp/dataset/432130_cultural_property"}},{"type":"Feature","geometry":{"type":"Point","coordinates":[130.456464,32.62326]},"properties":{"id":"municipal-f6f5f7c0498cc815","name":"宇城市国際交流村重要資料展示室（旧三角簡易裁判所記録倉庫）","nameEn":"","source":"https://data.bodik.jp/dataset/432130_cultural_property"}},{"type":"Feature","geometry":{"type":"Point","coordinates":[130.457537,32.622659]},"properties":{"id":"municipal-0cd97aed39c5853c","name":"九州海技学院本館（旧宇土郡役所庁舎）","nameEn":"","source":"https://data.bodik.jp/dataset/432130_cultural_property"}},{"type":"Feature","geometry":{"type":"Point","coordinates":[130.457266,32.622555]},"properties":{"id":"municipal-4f546f0f2851f6c2","name":"九州海技学院正門及び石垣（旧宇土郡役所正門及び石垣）","nameEn":"","source":"https://data.bodik.jp/dataset/432130_cultural_property"}},{"type":"Feature","geometry":{"type":"Point","coordinates":[130.455608,32.622641]},"properties":{"id":"municipal-4ef8af9012f1524b","name":"旧高田回漕店","nameEn":"","source":"https://data.bodik.jp/dataset/432130_cultural_property"}},{"type":"Feature","geometry":{"type":"Point","coordinates":[130.493143,32.649303]},"properties":{"id":"municipal-c6d5dce928f3ef87","name":"小田良古墳","nameEn":"","source":"https://data.bodik.jp/dataset/432130_tourism"}},{"type":"Feature","geometry":{"type":"Point","coordinates":[130.753272,32.6405]},"properties":{"id":"municipal-c9994effc5e92eb7","name":"蕉夢庵棟端瓦","nameEn":"","source":"https://data.bodik.jp/dataset/432130_cultural_property"}},{"type":"Feature","geometry":{"type":"Point","coordinates":[130.753272,32.6405]},"properties":{"id":"municipal-98ab5e12bcd4477a","name":"足利尊氏安堵書下","nameEn":"","source":"https://data.bodik.jp/dataset/432130_cultural_property"}},{"type":"Feature","geometry":{"type":"Point","coordinates":[130.753272,32.6405]},"properties":{"id":"municipal-cfbd0231879db7fc","name":"八歳子誓詞","nameEn":"","source":"https://data.bodik.jp/dataset/432130_cultural_property"}},{"type":"Feature","geometry":{"type":"Point","coordinates":[130.753272,32.6405]},"properties":{"id":"municipal-2df9bc91c329e172","name":"河江手永御九地高反別帳","nameEn":"","source":"https://data.bodik.jp/dataset/432130_cultural_property"}},{"type":"Feature","geometry":{"type":"Point","coordinates":[130.753272,32.6405]},"properties":{"id":"municipal-de65eaf9242c13f2","name":"竹崎村下組若者備銭根帳","nameEn":"","source":"https://data.bodik.jp/dataset/432130_cultural_property"}},{"type":"Feature","geometry":{"type":"Point","coordinates":[130.6796936,32.648584]},"properties":{"id":"municipal-db12251d6786e23f","name":"大塚古墳","nameEn":"","source":"https://data.bodik.jp/dataset/432130_tourism"}},{"type":"Feature","geometry":{"type":"Point","coordinates":[130.6771025,32.649711]},"properties":{"id":"municipal-3bf7c9103353d5db","name":"山伏塚","nameEn":"","source":"https://data.bodik.jp/dataset/432130_tourism"}},{"type":"Feature","geometry":{"type":"Point","coordinates":[130.702782,32.647406]},"properties":{"id":"municipal-ad87621d04bc262a","name":"豊田城跡","nameEn":"","source":"https://data.bodik.jp/dataset/432130_tourism"}},{"type":"Feature","geometry":{"type":"Point","coordinates":[130.700575,32.807473]},"properties":{"id":"municipal-33f73eac35f6b619","name":"竹崎季長寄進状併置文","nameEn":"","source":"https://data.bodik.jp/dataset/432130_cultural_property"}},{"type":"Feature","geometry":{"type":"Point","coordinates":[130.753272,32.6405]},"properties":{"id":"municipal-623a906c5e99d8c4","name":"柏原家文書","nameEn":"","source":"https://data.bodik.jp/dataset/432130_cultural_property"}},{"type":"Feature","geometry":{"type":"Point","coordinates":[130.740185,32.641995]},"properties":{"id":"municipal-95c22684e96fbfb6","name":"浄水寺碑附天保二年修理記念碑","nameEn":"","source":"https://data.bodik.jp/dataset/432130_cultural_property"}},{"type":"Feature","geometry":{"type":"Point","coordinates":[130.740185,32.641995]},"properties":{"id":"municipal-2ed135da22e288c9","name":"浄水寺跡","nameEn":"","source":"https://data.bodik.jp/dataset/432130_tourism"}},{"type":"Feature","geometry":{"type":"Point","coordinates":[130.74543,32.64504]},"properties":{"id":"municipal-5ba77f2e12ad0f4f","name":"中山手永における石橋群附石碑2基山崎橋","nameEn":"","source":"https://data.bodik.jp/dataset/432130_cultural_property"}},{"type":"Feature","geometry":{"type":"Point","coordinates":[130.759929,32.639156]},"properties":{"id":"municipal-b7167baebff31e01","name":"中山手永における石橋群附石碑2基薩摩渡","nameEn":"","source":"https://data.bodik.jp/dataset/432130_cultural_property"}},{"type":"Feature","geometry":{"type":"Point","coordinates":[130.740185,32.641995]},"properties":{"id":"municipal-7ad024d894a31b91","name":"浄水寺跡の無患子","nameEn":"","source":"https://data.bodik.jp/dataset/432130_tourism"}},{"type":"Feature","geometry":{"type":"Point","coordinates":[130.622939,33.038825]},"properties":{"id":"municipal-59f46319d70a7ddb","name":"江田船山古墳","nameEn":"","source":"https://data.bodik.jp/dataset/433691_bunka"}},{"type":"Feature","geometry":{"type":"Point","coordinates":[130.621046,33.05918]},"properties":{"id":"municipal-8f52db0f99975758","name":"江田穴観音古墳","nameEn":"","source":"https://data.bodik.jp/dataset/433691_bunka"}},{"type":"Feature","geometry":{"type":"Point","coordinates":[130.606512,32.975235]},"properties":{"id":"municipal-4abb3e231bfce965","name":"下岩官軍墓地","nameEn":"","source":"https://data.bodik.jp/dataset/433691_bunka"}},{"type":"Feature","geometry":{"type":"Point","coordinates":[130.631843,32.967159]},"properties":{"id":"municipal-bfcbd61646aa7085","name":"若宮古墳","nameEn":"","source":"https://data.bodik.jp/dataset/433691_bunka"}},{"type":"Feature","geometry":{"type":"Point","coordinates":[130.603304,32.971245]},"properties":{"id":"municipal-cedea21f5e3a0ff4","name":"トンカラリン","nameEn":"","source":"https://data.bodik.jp/dataset/433691_bunka"}},{"type":"Feature","geometry":{"type":"Point","coordinates":[130.599767,32.971215]},"properties":{"id":"municipal-7820edee2bfcdfca","name":"熊野宮宝塔","nameEn":"","source":"https://data.bodik.jp/dataset/433691_bunka"}},{"type":"Feature","geometry":{"type":"Point","coordinates":[130.598076,32.970582]},"properties":{"id":"municipal-aa60ec45968dd0be","name":"清原石人附石製品一括","nameEn":"","source":"https://data.bodik.jp/dataset/433691_bunka"}},{"type":"Feature","geometry":{"type":"Point","coordinates":[130.605673,32.977506]},"properties":{"id":"municipal-b03a5714382fad3e","name":"田中城岩地蔵","nameEn":"","source":"https://data.bodik.jp/dataset/433691_bunka"}},{"type":"Feature","geometry":{"type":"Point","coordinates":[130.597785,32.97001]},"properties":{"id":"municipal-18eef9c3e0c54cd0","name":"金栗瀬助翁の墓","nameEn":"","source":"https://data.bodik.jp/dataset/433691_bunka"}},{"type":"Feature","geometry":{"type":"Point","coordinates":[130.603483,32.969885]},"properties":{"id":"municipal-44ac344ecc973aa4","name":"久井原六地蔵","nameEn":"","source":"https://data.bodik.jp/dataset/433691_bunka"}},{"type":"Feature","geometry":{"type":"Point","coordinates":[130.605924,32.976695]},"properties":{"id":"municipal-4ef88624798d56a4","name":"佐藤固庵・草野潜渓の墓","nameEn":"","source":"https://data.bodik.jp/dataset/433691_bunka"}},{"type":"Feature","geometry":{"type":"Point","coordinates":[130.603596,32.975971]},"properties":{"id":"municipal-216bcb198e18908d","name":"内田五輪塔群","nameEn":"","source":"https://data.bodik.jp/dataset/433691_bunka"}},{"type":"Feature","geometry":{"type":"Point","coordinates":[130.622479,33.047319]},"properties":{"id":"municipal-d48eb84f10675f67","name":"上津田(苧生田)の六地蔵","nameEn":"","source":"https://data.bodik.jp/dataset/433691_bunka"}},{"type":"Feature","geometry":{"type":"Point","coordinates":[130.5988,32.97198]},"properties":{"id":"municipal-dd5c9da726bc8b23","name":"下津原西六地蔵","nameEn":"","source":"https://data.bodik.jp/dataset/433691_bunka"}},{"type":"Feature","geometry":{"type":"Point","coordinates":[130.5972,32.9717]},"properties":{"id":"municipal-c10e9d3df8ec9b12","name":"旧布施家","nameEn":"","source":"https://data.bodik.jp/dataset/433691_bunka"}},{"type":"Feature","geometry":{"type":"Point","coordinates":[130.6065,32.975]},"properties":{"id":"municipal-6a5b8141406dd4cc","name":"中道宝塔","nameEn":"","source":"https://data.bodik.jp/dataset/433691_bunka"}},{"type":"Feature","geometry":{"type":"Point","coordinates":[130.6322,32.9671]},"properties":{"id":"municipal-f10c017a6d77d0c3","name":"用木六地蔵","nameEn":"","source":"https://data.bodik.jp/dataset/433691_bunka"}},{"type":"Feature","geometry":{"type":"Point","coordinates":[130.605,32.9652]},"properties":{"id":"municipal-54ecbfea1782163e","name":"日置の墓地","nameEn":"","source":"https://data.bodik.jp/dataset/433691_bunka"}},{"type":"Feature","geometry":{"type":"Point","coordinates":[130.6196,33.068]},"properties":{"id":"municipal-d6ca58d2c1453e57","name":"広徳寺の地蔵","nameEn":"","source":"https://data.bodik.jp/dataset/433691_bunka"}},{"type":"Feature","geometry":{"type":"Point","coordinates":[130.512787,32.362201]},"properties":{"id":"municipal-46d47ee4b83693a0","name":"藤崎家住宅（赤松館）主屋","nameEn":"","source":"https://data.bodik.jp/dataset/434825_cultural_property"}},{"type":"Feature","geometry":{"type":"Point","coordinates":[130.512787,32.362201]},"properties":{"id":"municipal-94e0949e913b83cd","name":"藤崎家住宅（赤松館）味噌蔵","nameEn":"","source":"https://data.bodik.jp/dataset/434825_cultural_property"}},{"type":"Feature","geometry":{"type":"Point","coordinates":[130.512787,32.362201]},"properties":{"id":"municipal-bb0b590f31c7018e","name":"藤崎家住宅（赤松館）長屋","nameEn":"","source":"https://data.bodik.jp/dataset/434825_cultural_property"}},{"type":"Feature","geometry":{"type":"Point","coordinates":[130.512787,32.362201]},"properties":{"id":"municipal-474e33e62496089f","name":"藤崎家住宅（赤松館）篭部屋","nameEn":"","source":"https://data.bodik.jp/dataset/434825_cultural_property"}},{"type":"Feature","geometry":{"type":"Point","coordinates":[130.512787,32.362201]},"properties":{"id":"municipal-bd613f7d3481b031","name":"藤崎家住宅（赤松館）米蔵","nameEn":"","source":"https://data.bodik.jp/dataset/434825_cultural_property"}},{"type":"Feature","geometry":{"type":"Point","coordinates":[130.512787,32.362201]},"properties":{"id":"municipal-95fab220b48fe2e6","name":"藤崎家住宅（赤松館）表門","nameEn":"","source":"https://data.bodik.jp/dataset/434825_cultural_property"}},{"type":"Feature","geometry":{"type":"Point","coordinates":[130.512787,32.362201]},"properties":{"id":"municipal-7f696da68f49cc9b","name":"藤崎家住宅（赤松館）真中の門","nameEn":"","source":"https://data.bodik.jp/dataset/434825_cultural_property"}},{"type":"Feature","geometry":{"type":"Point","coordinates":[130.512787,32.362201]},"properties":{"id":"municipal-16ec39edfd0d044b","name":"藤崎家住宅（赤松館）下の門","nameEn":"","source":"https://data.bodik.jp/dataset/434825_cultural_property"}},{"type":"Feature","geometry":{"type":"Point","coordinates":[130.512787,32.362201]},"properties":{"id":"municipal-3f720ba48c6da2ae","name":"藤崎家住宅（赤松館）塀","nameEn":"","source":"https://data.bodik.jp/dataset/434825_cultural_property"}},{"type":"Feature","geometry":{"type":"Point","coordinates":[130.456617,32.232147]},"properties":{"id":"municipal-86636e4fa7f9cf8c","name":"津奈木重盤岩眼鏡橋","nameEn":"","source":"https://data.bodik.jp/dataset/434841_open7"}},{"type":"Feature","geometry":{"type":"Point","coordinates":[130.438657,32.21928]},"properties":{"id":"municipal-0ee8e81b5f104d67","name":"瀬戸眼鏡橋","nameEn":"","source":"https://data.bodik.jp/dataset/434841_open7"}},{"type":"Feature","geometry":{"type":"Point","coordinates":[130.445708,32.237672]},"properties":{"id":"municipal-2294a62bfafccb78","name":"新村眼鏡橋","nameEn":"","source":"https://data.bodik.jp/dataset/434841_open7"}},{"type":"Feature","geometry":{"type":"Point","coordinates":[130.447969,32.235607]},"properties":{"id":"municipal-58a70caf9ac6b065","name":"浜眼鏡橋","nameEn":"","source":"https://data.bodik.jp/dataset/434841_open7"}},{"type":"Feature","geometry":{"type":"Point","coordinates":[130.453919,32.234135]},"properties":{"id":"municipal-93aad6f8677e4781","name":"中村眼鏡橋","nameEn":"","source":"https://data.bodik.jp/dataset/434841_open7"}},{"type":"Feature","geometry":{"type":"Point","coordinates":[130.471004,32.240767]},"properties":{"id":"municipal-0ee3aa1aeb1d5699","name":"寺前眼鏡橋","nameEn":"","source":"https://data.bodik.jp/dataset/434841_open7"}},{"type":"Feature","geometry":{"type":"Point","coordinates":[130.4741,32.241404]},"properties":{"id":"municipal-2faa49d7f993c6b5","name":"内野眼鏡橋","nameEn":"","source":"https://data.bodik.jp/dataset/434841_open7"}},{"type":"Feature","geometry":{"type":"Point","coordinates":[130.471318,32.234371]},"properties":{"id":"municipal-0fedd5c9a2378260","name":"中尾眼鏡橋","nameEn":"","source":"https://data.bodik.jp/dataset/434841_open7"}},{"type":"Feature","geometry":{"type":"Point","coordinates":[130.477374,32.245912]},"properties":{"id":"municipal-b06bfb3a60cac793","name":"千代塚","nameEn":"","source":"https://data.bodik.jp/dataset/434841_open7"}},{"type":"Feature","geometry":{"type":"Point","coordinates":[130.449431,32.23225]},"properties":{"id":"municipal-d85b8b80f5ad8c55","name":"浜崎貝塚跡","nameEn":"","source":"https://data.bodik.jp/dataset/434841_open7"}},{"type":"Feature","geometry":{"type":"Point","coordinates":[130.47031,32.235036]},"properties":{"id":"municipal-081e3a62ed0eb94c","name":"諏訪宮のクスノキ","nameEn":"","source":"https://data.bodik.jp/dataset/434841_open7"}},{"type":"Feature","geometry":{"type":"Point","coordinates":[130.439644,32.23347]},"properties":{"id":"municipal-41ac57e347602eed","name":"役場前のソテツ","nameEn":"","source":"https://data.bodik.jp/dataset/434841_open7"}},{"type":"Feature","geometry":{"type":"Point","coordinates":[131.137839,32.828345]},"properties":{"id":"municipal-7befcfaa4af97da2","name":"祖母神社","nameEn":"soboshrine","source":"https://data.bodik.jp/dataset/434281_bunkazai"}},{"type":"Feature","geometry":{"type":"Point","coordinates":[131.158569,32.854736]},"properties":{"id":"municipal-a09b78d8a8f517c9","name":"上色見熊野座神社","nameEn":"kamishikimikumanozashrine","source":"https://data.bodik.jp/dataset/434281_bunkazai"}},{"type":"Feature","geometry":{"type":"Point","coordinates":[131.235252,32.8847]},"properties":{"id":"municipal-3576e52527f45a16","name":"河原熊野座神社","nameEn":"kawarakumanozashrine","source":"https://data.bodik.jp/dataset/434281_bunkazai"}},{"type":"Feature","geometry":{"type":"Point","coordinates":[131.132621,32.82016]},"properties":{"id":"municipal-e5935648f6488746","name":"達磨大師画像","nameEn":"darumataishiimage","source":"https://data.bodik.jp/dataset/434281_bunkazai"}},{"type":"Feature","geometry":{"type":"Point","coordinates":[131.132621,32.82016]},"properties":{"id":"municipal-d2534ad60fbbe1dc","name":"出山釈迦画像","nameEn":"syutsuzansyakaimage","source":"https://data.bodik.jp/dataset/434281_bunkazai"}},{"type":"Feature","geometry":{"type":"Point","coordinates":[131.123798,32.816093]},"properties":{"id":"municipal-6b82fdd35dd36d7b","name":"柏姫の手鏡","nameEn":"kashiwahimenohandomirror","source":"https://data.bodik.jp/dataset/434281_bunkazai"}},{"type":"Feature","geometry":{"type":"Point","coordinates":[131.128521,32.818487]},"properties":{"id":"municipal-b90533c98f0f88b4","name":"深水摂津介頼則の墓","nameEn":"hukamisettsunosukeyorigrave","source":"https://data.bodik.jp/dataset/434281_bunkazai"}},{"type":"Feature","geometry":{"type":"Point","coordinates":[131.136934,32.829959]},"properties":{"id":"municipal-f4b2f76363d999f9","name":"村山城跡","nameEn":"murayamacastletrace","source":"https://data.bodik.jp/dataset/434281_bunkazai"}},{"type":"Feature","geometry":{"type":"Point","coordinates":[131.117035,32.816868]},"properties":{"id":"municipal-cd5e8328f7b2339c","name":"柏塚柏姫の墓・古沢元倫の墓","nameEn":"kashiwadukakashiwahimegrave hurusawagenringrave","source":"https://data.bodik.jp/dataset/434281_bunkazai"}},{"type":"Feature","geometry":{"type":"Point","coordinates":[131.127536,32.817638]},"properties":{"id":"municipal-25c30ea708bdf25f","name":"山村主殿父子の墓","nameEn":"yamamuratonomohushigrave","source":"https://data.bodik.jp/dataset/434281_bunkazai"}},{"type":"Feature","geometry":{"type":"Point","coordinates":[131.112106,32.81179]},"properties":{"id":"municipal-61a3b79e8811b645","name":"津留大蔵の碑","nameEn":"turuookuramonument","source":"https://data.bodik.jp/dataset/434281_bunkazai"}},{"type":"Feature","geometry":{"type":"Point","coordinates":[131.126237,32.816575]},"properties":{"id":"municipal-696af40186148322","name":"高森手永会所跡","nameEn":"takamoritenagakaisyotrace","source":"https://data.bodik.jp/dataset/434281_bunkazai"}},{"type":"Feature","geometry":{"type":"Point","coordinates":[131.125255,32.814429]},"properties":{"id":"municipal-ac0c413638021aae","name":"高森手永出会所跡","nameEn":"takamoritenagasyukkaishotrace","source":"https://data.bodik.jp/dataset/434281_bunkazai"}},{"type":"Feature","geometry":{"type":"Point","coordinates":[131.11309,32.810043]},"properties":{"id":"municipal-4ae9f1512254b8eb","name":"高森村総庄屋及庄屋跡","nameEn":"takamorimurasoujouyaoyobisyouyatrace","source":"https://data.bodik.jp/dataset/434281_bunkazai"}},{"type":"Feature","geometry":{"type":"Point","coordinates":[131.172637,32.865461]},"properties":{"id":"municipal-6777b3b30418d42e","name":"洗川妙見社","nameEn":"sosogawamyoukenshrine","source":"https://data.bodik.jp/dataset/434281_bunkazai"}},{"type":"Feature","geometry":{"type":"Point","coordinates":[131.254751,32.856617]},"properties":{"id":"municipal-4e6a79c8028ed02b","name":"千人塚","nameEn":"sennninmound","source":"https://data.bodik.jp/dataset/434281_bunkazai"}},{"type":"Feature","geometry":{"type":"Point","coordinates":[131.134982,32.824862]},"properties":{"id":"municipal-de9ee4df94b596d4","name":"上園古墳群","nameEn":"kamisonooldburialmoundgroup","source":"https://data.bodik.jp/dataset/434281_bunkazai"}},{"type":"Feature","geometry":{"type":"Point","coordinates":[131.134328,32.825]},"properties":{"id":"municipal-7646709854cc854b","name":"豆塚古墳","nameEn":"mamedukaoldburialmound","source":"https://data.bodik.jp/dataset/434281_bunkazai"}},{"type":"Feature","geometry":{"type":"Point","coordinates":[131.143639,32.848556]},"properties":{"id":"municipal-aba3d8cefefdc18c","name":"米塚古墳","nameEn":"komedukaoldburialmound","source":"https://data.bodik.jp/dataset/434281_bunkazai"}},{"type":"Feature","geometry":{"type":"Point","coordinates":[131.123826,32.81607]},"properties":{"id":"municipal-319ea2126fb1093f","name":"了誓上人父子の墓","nameEn":"ryouzeisyouninhushigrave","source":"https://data.bodik.jp/dataset/434281_bunkazai"}},{"type":"Feature","geometry":{"type":"Point","coordinates":[131.132621,32.82016]},"properties":{"id":"municipal-8e9d134cbc687272","name":"含蔵寺","nameEn":"ganzoutemple","source":"https://data.bodik.jp/dataset/434281_bunkazai"}},{"type":"Feature","geometry":{"type":"Point","coordinates":[131.157114,32.858051]},"properties":{"id":"municipal-1ea6453a8c8230d0","name":"了蓮寺","nameEn":"ryourentemple","source":"https://data.bodik.jp/dataset/434281_bunkazai"}},{"type":"Feature","geometry":{"type":"Point","coordinates":[135.4989723,34.6693423]},"properties":{"id":"municipal-b3cd53740d5a101e","name":"SushiMakingOsaka","nameEn":"","source":"https://data.bodik.jp/dataset/270008_tourism"}},{"type":"Feature","geometry":{"type":"Point","coordinates":[135.501295,34.668723]},"properties":{"id":"municipal-8a6c05b77ca9b0af","name":"大阪のハロウィン","nameEn":"","source":"https://data.bodik.jp/dataset/270008_tourism"}},{"type":"Feature","geometry":{"type":"Point","coordinates":[135.501689,34.665305]},"properties":{"id":"municipal-4926e67f11af3341","name":"忍者屋敷体験「忍者トリックハウス」","nameEn":"","source":"https://data.bodik.jp/dataset/270008_tourism"}},{"type":"Feature","geometry":{"type":"Point","coordinates":[135.49993,34.665854]},"properties":{"id":"municipal-3038f2546cee7f4b","name":"ホテルロイヤルクラシック大阪","nameEn":"","source":"https://data.bodik.jp/dataset/270008_tourism"}},{"type":"Feature","geometry":{"type":"Point","coordinates":[135.501011,34.663816]},"properties":{"id":"municipal-b0003b5e3e2d477e","name":"スイスホテル南海大阪","nameEn":"","source":"https://data.bodik.jp/dataset/270008_tourism"}},{"type":"Feature","geometry":{"type":"Point","coordinates":[135.4976836,34.66902036]},"properties":{"id":"municipal-3663b72bc0d99d93","name":"とんぼりリバージャズボート","nameEn":"","source":"https://data.bodik.jp/dataset/270008_tourism"}},{"type":"Feature","geometry":{"type":"Point","coordinates":[135.499897,34.669254]},"properties":{"id":"municipal-280972ea5311bf37","name":"ドン・キホーテ道頓堀御堂筋店","nameEn":"","source":"https://data.bodik.jp/dataset/270008_tourism"}},{"type":"Feature","geometry":{"type":"Point","coordinates":[135.500803,34.666226]},"properties":{"id":"municipal-c1a469d749f40284","name":"大阪ぼてぢゅう本店","nameEn":"","source":"https://data.bodik.jp/dataset/270008_tourism"}},{"type":"Feature","geometry":{"type":"Point","coordinates":[135.500799,34.666269]},"properties":{"id":"municipal-a4cd0c6232ecdb61","name":"戎橋筋商店街","nameEn":"","source":"https://data.bodik.jp/dataset/270008_tourism"}},{"type":"Feature","geometry":{"type":"Point","coordinates":[135.499619,34.668198]},"properties":{"id":"municipal-ebab5e71b6edf495","name":"ワイズキャビン大阪難波","nameEn":"","source":"https://data.bodik.jp/dataset/270008_tourism"}},{"type":"Feature","geometry":{"type":"Point","coordinates":[135.500801,34.6648235]},"properties":{"id":"municipal-cac95807164ee1aa","name":"TKTS難波観光案内所","nameEn":"","source":"https://data.bodik.jp/dataset/270008_tourism"}},{"type":"Feature","geometry":{"type":"Point","coordinates":[135.50091,34.668499]},"properties":{"id":"municipal-4ae61d84d2658597","name":"道頓堀ビール工場","nameEn":"","source":"https://data.bodik.jp/dataset/270008_tourism"}},{"type":"Feature","geometry":{"type":"Point","coordinates":[135.500266,34.663258]},"properties":{"id":"municipal-b507c413869234bd","name":"フレイザーレジデンス南海大阪","nameEn":"","source":"https://data.bodik.jp/dataset/270008_tourism"}},{"type":"Feature","geometry":{"type":"Point","coordinates":[135.496086,34.666324]},"properties":{"id":"municipal-198e0c43d75ac7e0","name":"ホテルモントレグラスミア大阪","nameEn":"","source":"https://data.bodik.jp/dataset/270008_tourism"}},{"type":"Feature","geometry":{"type":"Point","coordinates":[135.49883,34.670567]},"properties":{"id":"municipal-50aa85b0d1fa8517","name":"からくさホテル大阪なんば","nameEn":"","source":"https://data.bodik.jp/dataset/270008_tourism"}},{"type":"Feature","geometry":{"type":"Point","coordinates":[135.498705,34.668374]},"properties":{"id":"municipal-1fed7cef175eff5a","name":"道頓堀ホテル","nameEn":"","source":"https://data.bodik.jp/dataset/270008_tourism"}},{"type":"Feature","geometry":{"type":"Point","coordinates":[135.501435,34.667945]},"properties":{"id":"municipal-dc7fc431c7127d6d","name":"小倉屋／をぐら昆布","nameEn":"","source":"https://data.bodik.jp/dataset/270008_tourism"}},{"type":"Feature","geometry":{"type":"Point","coordinates":[135.501362,34.66575]},"properties":{"id":"municipal-a3fbdb7c82477aa5","name":"O1O1NAMBAMARUI（なんばマルイ）","nameEn":"","source":"https://data.bodik.jp/dataset/270008_tourism"}},{"type":"Feature","geometry":{"type":"Point","coordinates":[135.501566,34.666194]},"properties":{"id":"municipal-04e731e21d7d7166","name":"大寅蒲鉾戎橋筋本店","nameEn":"","source":"https://data.bodik.jp/dataset/270008_tourism"}},{"type":"Feature","geometry":{"type":"Point","coordinates":[135.501011,34.663816]},"properties":{"id":"municipal-bbdcb7f8dea7a62c","name":"なんばCITY","nameEn":"","source":"https://data.bodik.jp/dataset/270008_tourism"}},{"type":"Feature","geometry":{"type":"Point","coordinates":[135.500674,34.667657]},"properties":{"id":"municipal-0450786a074148d5","name":"namBaHIPS（ナンバヒップス）","nameEn":"","source":"https://data.bodik.jp/dataset/270008_tourism"}},{"type":"Feature","geometry":{"type":"Point","coordinates":[135.501362,34.66575]},"properties":{"id":"municipal-abbbb1207bf6f9ac","name":"TOHOCINEMASなんば","nameEn":"","source":"https://data.bodik.jp/dataset/270008_tourism"}},{"type":"Feature","geometry":{"type":"Point","coordinates":[135.496694,34.661621]},"properties":{"id":"municipal-caaed92a039f32e3","name":"難波八阪神社","nameEn":"","source":"https://data.bodik.jp/dataset/270008_tourism"}},{"type":"Feature","geometry":{"type":"Point","coordinates":[135.49577,34.668475]},"properties":{"id":"municipal-e206656be76dc7ae","name":"湊町リバープレイス","nameEn":"","source":"https://data.bodik.jp/dataset/270008_tourism"}},{"type":"Feature","geometry":{"type":"Point","coordinates":[135.49577,34.66848]},"properties":{"id":"municipal-ad27690128a27e38","name":"なんばHatch（なんばハッチ）","nameEn":"","source":"https://data.bodik.jp/dataset/270008_tourism"}},{"type":"Feature","geometry":{"type":"Point","coordinates":[135.49926,34.66238]},"properties":{"id":"municipal-cbadad0420e9386b","name":"エディオンアリーナ大阪（大阪府立体育会館）","nameEn":"","source":"https://data.bodik.jp/dataset/270008_tourism"}},{"type":"Feature","geometry":{"type":"Point","coordinates":[135.49531,34.66625]},"properties":{"id":"municipal-1ce8f0e6057aec86","name":"OCAT（大阪シティエアターミナル）","nameEn":"","source":"https://data.bodik.jp/dataset/270008_tourism"}},{"type":"Feature","geometry":{"type":"Point","coordinates":[135.50091,34.66847]},"properties":{"id":"municipal-5308f180540faca4","name":"大阪松竹座","nameEn":"","source":"https://data.bodik.jp/dataset/270008_tourism"}},{"type":"Feature","geometry":{"type":"Point","coordinates":[137.042055,35.145565]},"properties":{"id":"municipal-18fd9750fb507b41","name":"岩崎城址公園","nameEn":"","source":"https://data.bodik.jp/dataset/232301_p_7800_7800"}},{"type":"Feature","geometry":{"type":"Point","coordinates":[137.087688,35.130694]},"properties":{"id":"municipal-22498bbcadd23b8d","name":"愛知牧場","nameEn":"","source":"https://data.bodik.jp/dataset/232301_p_7800_7800"}},{"type":"Feature","geometry":{"type":"Point","coordinates":[137.068223,35.155757]},"properties":{"id":"municipal-56d86ecc01a27be4","name":"五色園","nameEn":"","source":"https://data.bodik.jp/dataset/232301_p_7800_7800"}},{"type":"Feature","geometry":{"type":"Point","coordinates":[137.022146,35.12286]},"properties":{"id":"municipal-b9e08b7b93071c5c","name":"レトロでんしゃ館（名古屋市市電・地下鉄保存館）","nameEn":"","source":"https://data.bodik.jp/dataset/232301_p_7800_7800"}},{"type":"Feature","geometry":{"type":"Point","coordinates":[137.044030735029,35.1376965034464]},"properties":{"id":"municipal-866318b87d1038bf","name":"道の駅マチテラス日進","nameEn":"","source":"https://data.bodik.jp/dataset/232301_p_7800_7800"}},{"type":"Feature","geometry":{"type":"Point","coordinates":[130.683521,33.019387]},"properties":{"id":"municipal-df454d18ae98fce8","name":"豊前街道","nameEn":"","source":"https://data.bodik.jp/dataset/432083_tourism"}},{"type":"Feature","geometry":{"type":"Point","coordinates":[130.688424,33.015123]},"properties":{"id":"municipal-1d71ca75d1c54489","name":"山鹿灯籠民芸館","nameEn":"","source":"https://data.bodik.jp/dataset/432083_tourism"}},{"type":"Feature","geometry":{"type":"Point","coordinates":[130.688322,33.015456]},"properties":{"id":"municipal-a983a9fc43db3789","name":"金剛乗寺・石門","nameEn":"","source":"https://data.bodik.jp/dataset/432083_tourism"}},{"type":"Feature","geometry":{"type":"Point","coordinates":[130.688687,33.014993]},"properties":{"id":"municipal-ce32f308a299101d","name":"湯の端公園あし湯","nameEn":"","source":"https://data.bodik.jp/dataset/432083_tourism"}},{"type":"Feature","geometry":{"type":"Point","coordinates":[130.688966,33.014421]},"properties":{"id":"municipal-2d33a3ad12094313","name":"さくら湯","nameEn":"","source":"https://data.bodik.jp/dataset/432083_tourism"}},{"type":"Feature","geometry":{"type":"Point","coordinates":[130.689347,33.01681]},"properties":{"id":"municipal-db9c471d6271d419","name":"八千代座","nameEn":"","source":"https://data.bodik.jp/dataset/432083_tourism"}},{"type":"Feature","geometry":{"type":"Point","coordinates":[130.669413,33.029939]},"properties":{"id":"municipal-d475d73907cf1981","name":"チブサン古墳・オブサン古墳","nameEn":"","source":"https://data.bodik.jp/dataset/432083_tourism"}},{"type":"Feature","geometry":{"type":"Point","coordinates":[130.74842,33.005497]},"properties":{"id":"municipal-ded514db643c45fa","name":"清浦記念館","nameEn":"","source":"https://data.bodik.jp/dataset/432083_tourism"}},{"type":"Feature","geometry":{"type":"Point","coordinates":[130.72627,32.996742]},"properties":{"id":"municipal-2f0efc8888b0952b","name":"来民文庫","nameEn":"","source":"https://data.bodik.jp/dataset/432083_tourism"}},{"type":"Feature","geometry":{"type":"Point","coordinates":[130.688054,33.015733]},"properties":{"id":"municipal-eb59bf98c4a9436d","name":"山鹿三十三観音めぐり","nameEn":"","source":"https://data.bodik.jp/dataset/432083_tourism"}},{"type":"Feature","geometry":{"type":"Point","coordinates":[130.694926,33.011728]},"properties":{"id":"municipal-b07e6f5423277221","name":"大宮神社・燈籠殿","nameEn":"","source":"https://data.bodik.jp/dataset/432083_tourism"}},{"type":"Feature","geometry":{"type":"Point","coordinates":[130.777345,33.01331277]},"properties":{"id":"municipal-96d97f09d754832f","name":"岩隈山の切通し","nameEn":"","source":"https://data.bodik.jp/dataset/432083_tourism"}},{"type":"Feature","geometry":{"type":"Point","coordinates":[130.687877,33.016635]},"properties":{"id":"municipal-fb8d71a943c59df0","name":"灯籠モダンガールとモダンボーイ","nameEn":"","source":"https://data.bodik.jp/dataset/432083_tourism"}},{"type":"Feature","geometry":{"type":"Point","coordinates":[130.688456,33.015105]},"properties":{"id":"municipal-65784eb2c39be7bf","name":"擬宝珠ランプづくり","nameEn":"","source":"https://data.bodik.jp/dataset/432083_tourism"}},{"type":"Feature","geometry":{"type":"Point","coordinates":[130.688424,33.016068]},"properties":{"id":"municipal-d0920a3e5dc8ddb8","name":"まゆ人形づくり体験(やまが門前美術館)","nameEn":"","source":"https://data.bodik.jp/dataset/432083_tourism"}},{"type":"Feature","geometry":{"type":"Point","coordinates":[130.75711,32.98759]},"properties":{"id":"municipal-5ed3fbd98bc251ab","name":"ピザづくり体験","nameEn":"","source":"https://data.bodik.jp/dataset/432083_tourism"}},{"type":"Feature","geometry":{"type":"Point","coordinates":[130.755516,32.98678164]},"properties":{"id":"municipal-095ac5f3647fce78","name":"カヌー体験","nameEn":"","source":"https://data.bodik.jp/dataset/432083_tourism"}},{"type":"Feature","geometry":{"type":"Point","coordinates":[130.755516,32.98678164]},"properties":{"id":"municipal-b6767a65c5819c40","name":"道の駅水辺プラザかもと","nameEn":"","source":"https://data.bodik.jp/dataset/432083_tourism"}},{"type":"Feature","geometry":{"type":"Point","coordinates":[130.6728802,32.99263716]},"properties":{"id":"municipal-ef5ce7107556ea59","name":"鹿央物産館","nameEn":"","source":"https://data.bodik.jp/dataset/432083_tourism"}},{"type":"Feature","geometry":{"type":"Point","coordinates":[130.6900387,33.01449057]},"properties":{"id":"municipal-d93e83a7f2607c18","name":"ふるさと市場","nameEn":"","source":"https://data.bodik.jp/dataset/432083_tourism"}},{"type":"Feature","geometry":{"type":"Point","coordinates":[131.051036,32.976092]},"properties":{"id":"municipal-24b3e2055551f8e0","name":"はな阿蘇美","nameEn":"","source":"https://data.bodik.jp/dataset/430005_04"}},{"type":"Feature","geometry":{"type":"Point","coordinates":[131.197443,32.959912]},"properties":{"id":"municipal-34b07f09b10d051f","name":"道の駅波野神楽苑","nameEn":"","source":"https://data.bodik.jp/dataset/432148_tourism"}},{"type":"Feature","geometry":{"type":"Point","coordinates":[131.080886,32.937029]},"properties":{"id":"municipal-2c495ebb6d67938f","name":"道の駅阿蘇","nameEn":"","source":"https://data.bodik.jp/dataset/432148_tourism"}},{"type":"Feature","geometry":{"type":"Point","coordinates":[131.074254,32.879559]},"properties":{"id":"municipal-f6662367a146dacc","name":"阿蘇山公園道路（中岳火口）","nameEn":"","source":"https://data.bodik.jp/dataset/432148_tourism"}},{"type":"Feature","geometry":{"type":"Point","coordinates":[131.0788962,32.9364798]},"properties":{"id":"municipal-814cd6be45039323","name":"阿蘇坊中温泉夢の湯","nameEn":"","source":"https://data.bodik.jp/dataset/432148_tourism"}},{"type":"Feature","geometry":{"type":"Point","coordinates":[131.040959,32.818701]},"properties":{"id":"municipal-074489a13b26bc9d","name":"南阿蘇村観光案内所","nameEn":"","source":"https://data.bodik.jp/dataset/434337_tourism"}},{"type":"Feature","geometry":{"type":"Point","coordinates":[131.095116,32.825186]},"properties":{"id":"municipal-c98e92384d534793","name":"白川水源公園","nameEn":"","source":"https://data.bodik.jp/dataset/434337_tourism"}},{"type":"Feature","geometry":{"type":"Point","coordinates":[131.093967,32.823825]},"properties":{"id":"municipal-7c30130e708326d1","name":"白水物産館「自然庵」","nameEn":"","source":"https://data.bodik.jp/dataset/434337_tourism"}},{"type":"Feature","geometry":{"type":"Point","coordinates":[131.04195,32.818736]},"properties":{"id":"municipal-135a73427f9e1680","name":"そば道場","nameEn":"","source":"https://data.bodik.jp/dataset/434337_tourism"}},{"type":"Feature","geometry":{"type":"Point","coordinates":[131.042183,32.818033]},"properties":{"id":"municipal-016b993df9978331","name":"みなみあそコミュニティーセンター","nameEn":"","source":"https://data.bodik.jp/dataset/434337_tourism"}},{"type":"Feature","geometry":{"type":"Point","coordinates":[131.093973,32.823832]},"properties":{"id":"municipal-144b009ff91e7a4d","name":"白川水源交流館","nameEn":"","source":"https://data.bodik.jp/dataset/434337_tourism"}},{"type":"Feature","geometry":{"type":"Point","coordinates":[131.091541,32.8224]},"properties":{"id":"municipal-573079fc20a49013","name":"白川水源駅舎（駅cafe倶利伽羅）","nameEn":"","source":"https://data.bodik.jp/dataset/434337_tourism"}},{"type":"Feature","geometry":{"type":"Point","coordinates":[131.003927,32.854648]},"properties":{"id":"municipal-1c7ee70dca39b768","name":"長陽駅舎（久永屋）","nameEn":"","source":"https://data.bodik.jp/dataset/434337_tourism"}},{"type":"Feature","geometry":{"type":"Point","coordinates":[127.6520625,26.20654167]},"properties":{"id":"municipal-83e10ef0ed9c4338","name":"（ゆいレール）那覇空港駅","nameEn":"","source":"https://data.bodik.jp/dataset/470007_tourist_attraction"}},{"type":"Feature","geometry":{"type":"Point","coordinates":[128.0190625,26.71329167]},"properties":{"id":"municipal-62707d7700f97176","name":"トケイ浜周辺","nameEn":"","source":"https://data.bodik.jp/dataset/470007_tourist_attraction"}},{"type":"Feature","geometry":{"type":"Point","coordinates":[128.0144375,26.71295833]},"properties":{"id":"municipal-5f9fb331e0454f45","name":"ハートロック周辺","nameEn":"","source":"https://data.bodik.jp/dataset/470007_tourist_attraction"}},{"type":"Feature","geometry":{"type":"Point","coordinates":[128.0245625,26.70029167]},"properties":{"id":"municipal-5a39c512f891ce85","name":"古宇利オーシャンタワー","nameEn":"","source":"https://data.bodik.jp/dataset/470007_tourist_attraction"}},{"type":"Feature","geometry":{"type":"Point","coordinates":[128.0215625,26.69470833]},"properties":{"id":"municipal-b79b80d7dcce2276","name":"古宇利大橋・古宇利ビーチ周辺","nameEn":"","source":"https://data.bodik.jp/dataset/470007_tourist_attraction"}},{"type":"Feature","geometry":{"type":"Point","coordinates":[127.9719375,26.68079167]},"properties":{"id":"municipal-86cafaf1a812067a","name":"今帰仁の駅そーれ","nameEn":"","source":"https://data.bodik.jp/dataset/470007_tourist_attraction"}},{"type":"Feature","geometry":{"type":"Point","coordinates":[127.9298125,26.69120833]},"properties":{"id":"municipal-25fc08cd52f159d1","name":"今帰仁城跡（なきじんじょうあと）","nameEn":"","source":"https://data.bodik.jp/dataset/470007_tourist_attraction"}},{"type":"Feature","geometry":{"type":"Point","coordinates":[127.8600625,26.65029167]},"properties":{"id":"municipal-9041dc14226f4e07","name":"ヒルトン沖縄瀬底リゾート","nameEn":"","source":"https://data.bodik.jp/dataset/470007_tourist_attraction"}},{"type":"Feature","geometry":{"type":"Point","coordinates":[127.8551875,26.64929167]},"properties":{"id":"municipal-707901b0715e801c","name":"瀬底ビーチ","nameEn":"","source":"https://data.bodik.jp/dataset/470007_tourist_attraction"}},{"type":"Feature","geometry":{"type":"Point","coordinates":[127.7425625,26.12154167]},"properties":{"id":"municipal-b410a6a53a5b44c6","name":"南の駅やえせ","nameEn":"","source":"https://data.bodik.jp/dataset/470007_tourist_attraction"}},{"type":"Feature","geometry":{"type":"Point","coordinates":[130.421137,32.57597]},"properties":{"id":"municipal-61df0c47e9fa4825","name":"天草四郎ミュージアム","nameEn":"","source":"https://data.bodik.jp/dataset/432121_tourism"}},{"type":"Feature","geometry":{"type":"Point","coordinates":[130.424417,32.540213]},"properties":{"id":"municipal-c8887b40992542cc","name":"松島展望休憩所","nameEn":"","source":"https://data.bodik.jp/dataset/432121_tourism"}},{"type":"Feature","geometry":{"type":"Point","coordinates":[130.425883,32.527072]},"properties":{"id":"municipal-fa49a9c65bd9b570","name":"前島観光拠点施設","nameEn":"","source":"https://data.bodik.jp/dataset/432121_tourism"}},{"type":"Feature","geometry":{"type":"Point","coordinates":[130.4175,32.439715]},"properties":{"id":"municipal-1a072fda4e585997","name":"小島公園キャンプ場","nameEn":"","source":"https://data.bodik.jp/dataset/432121_tourism"}},{"type":"Feature","geometry":{"type":"Point","coordinates":[130.406831,32.423645]},"properties":{"id":"municipal-ed0709567c3e8679","name":"諏訪公園キャンプ場","nameEn":"","source":"https://data.bodik.jp/dataset/432121_tourism"}},{"type":"Feature","geometry":{"type":"Point","coordinates":[130.41688,32.439818]},"properties":{"id":"municipal-d683f81cd08ddf06","name":"小島海水浴場","nameEn":"","source":"https://data.bodik.jp/dataset/432121_tourism"}},{"type":"Feature","geometry":{"type":"Point","coordinates":[130.407081,32.422534]},"properties":{"id":"municipal-cec5a843b6d47fb0","name":"諏訪海水浴場","nameEn":"","source":"https://data.bodik.jp/dataset/432121_tourism"}},{"type":"Feature","geometry":{"type":"Point","coordinates":[130.400919,32.397238]},"properties":{"id":"municipal-62726fb488543925","name":"高戸海水浴場","nameEn":"","source":"https://data.bodik.jp/dataset/432121_tourism"}},{"type":"Feature","geometry":{"type":"Point","coordinates":[130.422429,32.54757]},"properties":{"id":"municipal-5a8bb091fdd63c7d","name":"二号橋公園","nameEn":"","source":"https://data.bodik.jp/dataset/432121_tourism"}},{"type":"Feature","geometry":{"type":"Point","coordinates":[130.435626,32.547985]},"properties":{"id":"municipal-dc9946db53cfa4aa","name":"柳公園","nameEn":"","source":"https://data.bodik.jp/dataset/432121_tourism"}},{"type":"Feature","geometry":{"type":"Point","coordinates":[130.441349,32.522492]},"properties":{"id":"municipal-db5265efc1cb0bfd","name":"高舞登山","nameEn":"","source":"https://data.bodik.jp/dataset/432121_tourism"}},{"type":"Feature","geometry":{"type":"Point","coordinates":[130.408064,32.41523]},"properties":{"id":"municipal-194110b601ac2156","name":"権現公園","nameEn":"","source":"https://data.bodik.jp/dataset/432121_tourism"}},{"type":"Feature","geometry":{"type":"Point","coordinates":[136.140647,35.45968681]},"properties":{"id":"municipal-a39215d7a10b49b8","name":"菅浦郷土史料館","nameEn":"","source":"https://data.bodik.jp/dataset/252034_touristfacilties"}},{"type":"Feature","geometry":{"type":"Point","coordinates":[136.1233529,35.48877395]},"properties":{"id":"municipal-5d42bd0d5000fdf5","name":"北淡海丸子船の館","nameEn":"","source":"https://data.bodik.jp/dataset/252034_touristfacilties"}},{"type":"Feature","geometry":{"type":"Point","coordinates":[136.162841,35.52083635]},"properties":{"id":"municipal-199759c5497507a9","name":"道の駅塩津海道あぢかまの里","nameEn":"","source":"https://data.bodik.jp/dataset/252034_touristfacilties"}},{"type":"Feature","geometry":{"type":"Point","coordinates":[130.787634,32.693454]},"properties":{"id":"municipal-395c76852c730049","name":"津志田河川自然公園","nameEn":"","source":"https://data.bodik.jp/dataset/430005_04"}},{"type":"Feature","geometry":{"type":"Point","coordinates":[130.819324,32.642866]},"properties":{"id":"municipal-396122e69574a550","name":"やな場","nameEn":"","source":"https://data.bodik.jp/dataset/430005_04"}},{"type":"Feature","geometry":{"type":"Point","coordinates":[130.805948,32.665058]},"properties":{"id":"municipal-cdaea62dacfa4168","name":"安津橋健康広場（グリーンパル甲佐）","nameEn":"","source":"https://data.bodik.jp/dataset/430005_04"}},{"type":"Feature","geometry":{"type":"Point","coordinates":[130.542187,33.062389]},"properties":{"id":"municipal-4863601d674efe13","name":"豊前街道南関御茶屋跡","nameEn":"Nankan Ochaya Ruins","source":"https://data.bodik.jp/dataset/433675_nankankankou"}},{"type":"Feature","geometry":{"type":"Point","coordinates":[130.770617,32.979721]},"properties":{"id":"municipal-917a19d1d222aebe","name":"道の駅七城メロンドーム","nameEn":"","source":"https://data.bodik.jp/dataset/430005_04"}},{"type":"Feature","geometry":{"type":"Point","coordinates":[130.82368,32.947213]},"properties":{"id":"municipal-bda7ca0d4c6e9b9e","name":"コッコファーム","nameEn":"","source":"https://data.bodik.jp/dataset/430005_04"}},{"type":"Feature","geometry":{"type":"Point","coordinates":[130.771452,32.925129]},"properties":{"id":"municipal-fac158a8330d6765","name":"道の駅泗水養生市場","nameEn":"","source":"https://data.bodik.jp/dataset/430005_04"}},{"type":"Feature","geometry":{"type":"Point","coordinates":[130.749758,32.961962]},"properties":{"id":"municipal-36201ff18d7fb2a2","name":"七城温泉ドーム","nameEn":"","source":"https://data.bodik.jp/dataset/430005_04"}},{"type":"Feature","geometry":{"type":"Point","coordinates":[130.8164794,32.98389744]},"properties":{"id":"municipal-5dcff21e00d0b80e","name":"菊池温泉","nameEn":"","source":"https://data.bodik.jp/dataset/432105_tourism"}},{"type":"Feature","geometry":{"type":"Point","coordinates":[130.815993,32.987805]},"properties":{"id":"municipal-45d7e903083ec520","name":"菊池神社","nameEn":"","source":"https://data.bodik.jp/dataset/430005_04"}},{"type":"Feature","geometry":{"type":"Point","coordinates":[130.772401,32.925307]},"properties":{"id":"municipal-6909627a150443a7","name":"有明の里泗水孔子公園","nameEn":"","source":"https://data.bodik.jp/dataset/430005_04"}},{"type":"Feature","geometry":{"type":"Point","coordinates":[130.81464,32.985219]},"properties":{"id":"municipal-95faae428eaaab7a","name":"きくち観光物産館","nameEn":"","source":"https://data.bodik.jp/dataset/430005_04"}},{"type":"Feature","geometry":{"type":"Point","coordinates":[130.7486048,32.96253392]},"properties":{"id":"municipal-fbbfd41f8103d730","name":"リバーサイドパーク","nameEn":"","source":"https://data.bodik.jp/dataset/432105_tourism"}},{"type":"Feature","geometry":{"type":"Point","coordinates":[130.8301701,32.93118246]},"properties":{"id":"municipal-294de1e4218a34ff","name":"道の駅旭志旭志村ふれあいセンター","nameEn":"","source":"https://data.bodik.jp/dataset/432105_tourism"}},{"type":"Feature","geometry":{"type":"Point","coordinates":[130.78683,32.972324]},"properties":{"id":"municipal-eeb8eaa57bce01c8","name":"きくちのまんま","nameEn":"","source":"https://data.bodik.jp/dataset/432105_tourism"}},{"type":"Feature","geometry":{"type":"Point","coordinates":[130.4815815,32.96140704]},"properties":{"id":"municipal-e6ebd567cc75ed4f","name":"野原八幡宮風流","nameEn":"","source":"https://data.bodik.jp/dataset/432041_bunnkazai"}},{"type":"Feature","geometry":{"type":"Point","coordinates":[130.4345762,32.98580709]},"properties":{"id":"municipal-c3600ddffe92d698","name":"浄業寺古塔群","nameEn":"","source":"https://data.bodik.jp/dataset/432041_bunnkazai"}},{"type":"Feature","geometry":{"type":"Point","coordinates":[130.4815815,32.96140704]},"properties":{"id":"municipal-93af2fe2d7a31d67","name":"野原八幡宮祭事簿","nameEn":"","source":"https://data.bodik.jp/dataset/432041_bunnkazai"}},{"type":"Feature","geometry":{"type":"Point","coordinates":[130.4347031,32.98459723]},"properties":{"id":"municipal-aebad7983122766f","name":"宮崎兄弟の生家","nameEn":"","source":"https://data.bodik.jp/dataset/432041_bunnkazai"}},{"type":"Feature","geometry":{"type":"Point","coordinates":[130.4699572,32.98177247]},"properties":{"id":"municipal-81fb6572a48ff7b9","name":"大別当Ａ窯出土の陶硯","nameEn":"","source":"https://data.bodik.jp/dataset/432041_bunnkazai"}},{"type":"Feature","geometry":{"type":"Point","coordinates":[130.6992779,32.8086245]},"properties":{"id":"municipal-ba62198e314e24b1","name":"境崎貝塚の岩偶","nameEn":"","source":"https://data.bodik.jp/dataset/432041_bunnkazai"}},{"type":"Feature","geometry":{"type":"Point","coordinates":[130.4815815,32.96140704]},"properties":{"id":"municipal-b76b68d3826475be","name":"野原八幡宮神事節頭行事","nameEn":"","source":"https://data.bodik.jp/dataset/432041_bunnkazai"}},{"type":"Feature","geometry":{"type":"Point","coordinates":[130.4362431,32.98460422]},"properties":{"id":"municipal-9fe7d5bc2c47c0f7","name":"上荒尾熊野座神社神楽","nameEn":"","source":"https://data.bodik.jp/dataset/432041_bunnkazai"}},{"type":"Feature","geometry":{"type":"Point","coordinates":[130.482468,32.96143643]},"properties":{"id":"municipal-a9531478cd5c4bac","name":"野原古墳群","nameEn":"","source":"https://data.bodik.jp/dataset/432041_bunnkazai"}},{"type":"Feature","geometry":{"type":"Point","coordinates":[130.4381188,32.97376163]},"properties":{"id":"municipal-57ba2766f9fe91d9","name":"月田蒙斎の墓","nameEn":"","source":"https://data.bodik.jp/dataset/432041_bunnkazai"}},{"type":"Feature","geometry":{"type":"Point","coordinates":[130.81731,32.624294]},"properties":{"id":"municipal-03641c6401b56c7c","name":"熊延鉄道遺構八角トンネル","nameEn":"","source":"https://data.bodik.jp/dataset/433489_cultural_propety"}},{"type":"Feature","geometry":{"type":"Point","coordinates":[130.816194,32.623459]},"properties":{"id":"municipal-21a73e5515b09807","name":"二俣渡","nameEn":"","source":"https://data.bodik.jp/dataset/433489_cultural_propety"}},{"type":"Feature","geometry":{"type":"Point","coordinates":[130.860868,32.62063]},"properties":{"id":"municipal-971636134a987065","name":"舞鹿野田橋","nameEn":"","source":"https://data.bodik.jp/dataset/433489_cultural_propety"}},{"type":"Feature","geometry":{"type":"Point","coordinates":[130.849498,32.614382]},"properties":{"id":"municipal-2773aa16ce20b8f3","name":"大窪橋","nameEn":"","source":"https://data.bodik.jp/dataset/433489_cultural_propety"}},{"type":"Feature","geometry":{"type":"Point","coordinates":[130.829299,32.622212]},"properties":{"id":"municipal-cb6978c4c09b1a21","name":"馬門橋","nameEn":"","source":"https://data.bodik.jp/dataset/433489_cultural_propety"}},{"type":"Feature","geometry":{"type":"Point","coordinates":[130.816253,32.623441]},"properties":{"id":"municipal-76678f52318dea2f","name":"二俣福良渡","nameEn":"","source":"https://data.bodik.jp/dataset/433489_cultural_propety"}},{"type":"Feature","geometry":{"type":"Point","coordinates":[130.816153,32.622881]},"properties":{"id":"municipal-97c9ecbce4153b7c","name":"年称橋","nameEn":"","source":"https://data.bodik.jp/dataset/433489_cultural_propety"}},{"type":"Feature","geometry":{"type":"Point","coordinates":[130.812212,32.625477]},"properties":{"id":"municipal-879a51b21452b9c3","name":"小筵橋","nameEn":"","source":"https://data.bodik.jp/dataset/433489_cultural_propety"}},{"type":"Feature","geometry":{"type":"Point","coordinates":[130.865968,32.621389]},"properties":{"id":"municipal-b0f0ea8cb81f9ff2","name":"上小夏橋","nameEn":"","source":"https://data.bodik.jp/dataset/433489_cultural_propety"}},{"type":"Feature","geometry":{"type":"Point","coordinates":[130.788257,32.643987]},"properties":{"id":"municipal-c32b2bbe353a9f40","name":"堅志田橋","nameEn":"","source":"https://data.bodik.jp/dataset/433489_cultural_propety"}},{"type":"Feature","geometry":{"type":"Point","coordinates":[130.79636,32.63169]},"properties":{"id":"municipal-b30c3b60fc8fc431","name":"梅林神社","nameEn":"","source":"https://data.bodik.jp/dataset/433489_cultural_propety"}},{"type":"Feature","geometry":{"type":"Point","coordinates":[130.791565,32.638218]},"properties":{"id":"municipal-1162250dbff82f24","name":"宝匡印塔","nameEn":"","source":"https://data.bodik.jp/dataset/433489_cultural_propety"}},{"type":"Feature","geometry":{"type":"Point","coordinates":[130.792778,32.644647]},"properties":{"id":"municipal-e8287fd3dbce80ff","name":"若宮神社","nameEn":"","source":"https://data.bodik.jp/dataset/433489_cultural_propety"}},{"type":"Feature","geometry":{"type":"Point","coordinates":[130.819981,32.622591]},"properties":{"id":"municipal-4a66c2cb55dee5ca","name":"佐俣阿蘇神社","nameEn":"","source":"https://data.bodik.jp/dataset/433489_cultural_propety"}},{"type":"Feature","geometry":{"type":"Point","coordinates":[130.811189,32.621701]},"properties":{"id":"municipal-fe5794268d8f522a","name":"吉見神社","nameEn":"","source":"https://data.bodik.jp/dataset/433489_cultural_propety"}},{"type":"Feature","geometry":{"type":"Point","coordinates":[130.871241,32.61846]},"properties":{"id":"municipal-03d705f42e7ec787","name":"白石野のいち樫","nameEn":"","source":"https://data.bodik.jp/dataset/433489_cultural_propety"}},{"type":"Feature","geometry":{"type":"Point","coordinates":[130.820265,32.621349]},"properties":{"id":"municipal-5a525ab1cca06338","name":"猿田彦大神","nameEn":"","source":"https://data.bodik.jp/dataset/433489_cultural_propety"}},{"type":"Feature","geometry":{"type":"Point","coordinates":[130.86686,32.619285]},"properties":{"id":"municipal-f03a92bc716b9013","name":"名越谷阿蘇神社","nameEn":"","source":"https://data.bodik.jp/dataset/433489_cultural_propety"}},{"type":"Feature","geometry":{"type":"Point","coordinates":[130.7888,32.648137]},"properties":{"id":"municipal-3f58801c354cb3b7","name":"西照寺","nameEn":"","source":"https://data.bodik.jp/dataset/433489_cultural_propety"}},{"type":"Feature","geometry":{"type":"Point","coordinates":[130.805722,32.630243]},"properties":{"id":"municipal-992ad507a1074e3a","name":"善林寺","nameEn":"","source":"https://data.bodik.jp/dataset/433489_cultural_propety"}},{"type":"Feature","geometry":{"type":"Point","coordinates":[130.805096,32.644974]},"properties":{"id":"municipal-e6f43b6c55d94a52","name":"正乗寺","nameEn":"","source":"https://data.bodik.jp/dataset/433489_cultural_propety"}},{"type":"Feature","geometry":{"type":"Point","coordinates":[130.821306,32.623797]},"properties":{"id":"municipal-a154edef40aa081a","name":"熊延鉄道遺構第二津留川橋梁橋脚","nameEn":"","source":"https://data.bodik.jp/dataset/433489_cultural_propety"}},{"type":"Feature","geometry":{"type":"Point","coordinates":[127.748192,26.140242]},"properties":{"id":"municipal-d0fb7b145cc88e98","name":"玉泉洞","nameEn":"","source":"https://data.bodik.jp/dataset/okinawa-dpf_cultural_property"}},{"type":"Feature","geometry":{"type":"Point","coordinates":[130.807013,32.750495]},"properties":{"id":"municipal-6360f785f6a6a9b4","name":"飯田山常楽寺十一面千手観音立像及び神仏像","nameEn":"","source":"https://data.bodik.jp/dataset/434434_cultural_property"}},{"type":"Feature","geometry":{"type":"Point","coordinates":[130.807013,32.750495]},"properties":{"id":"municipal-c140dd0eaf8cf73c","name":"飯田山常楽寺の層塔","nameEn":"","source":"https://data.bodik.jp/dataset/434434_cultural_property"}},{"type":"Feature","geometry":{"type":"Point","coordinates":[130.807013,32.750495]},"properties":{"id":"municipal-d807f579622332b1","name":"常楽寺境内","nameEn":"","source":"https://data.bodik.jp/dataset/434434_cultural_property"}},{"type":"Feature","geometry":{"type":"Point","coordinates":[130.5645832,32.9677167408501]},"properties":{"id":"municipal-ef3510354f112918","name":"石貫ナギノ横穴群","nameEn":"","source":"https://data.bodik.jp/dataset/432067_05"}},{"type":"Feature","geometry":{"type":"Point","coordinates":[130.5630758,32.9694134601525]},"properties":{"id":"municipal-358a67d2fdd7949b","name":"石貫穴観音横穴","nameEn":"","source":"https://data.bodik.jp/dataset/432067_05"}},{"type":"Feature","geometry":{"type":"Point","coordinates":[130.5703674,32.949082036747]},"properties":{"id":"municipal-d717244081536599","name":"大坊古墳","nameEn":"","source":"https://data.bodik.jp/dataset/432067_05"}},{"type":"Feature","geometry":{"type":"Point","coordinates":[130.5765311,32.9517582755083]},"properties":{"id":"municipal-526a98b74b8a4638","name":"永安寺東古墳・永安寺西古墳","nameEn":"","source":"https://data.bodik.jp/dataset/432067_05"}},{"type":"Feature","geometry":{"type":"Point","coordinates":[130.5491299,32.9306653877977]},"properties":{"id":"municipal-d1e7320a8eca8880","name":"熊本県立玉名高等学校本館","nameEn":"","source":"https://data.bodik.jp/dataset/432067_05"}},{"type":"Feature","geometry":{"type":"Point","coordinates":[130.5486616,32.9303557420982]},"properties":{"id":"municipal-242aaeb3d56ef52b","name":"熊本県立玉名高等学校前提池","nameEn":"","source":"https://data.bodik.jp/dataset/432067_05"}},{"type":"Feature","geometry":{"type":"Point","coordinates":[130.5485611,32.9300885572059]},"properties":{"id":"municipal-23b857547a518094","name":"熊本県立玉名高等学校正門","nameEn":"","source":"https://data.bodik.jp/dataset/432067_05"}},{"type":"Feature","geometry":{"type":"Point","coordinates":[130.5464787,32.9223498088509]},"properties":{"id":"municipal-a4c3760bf96d8071","name":"菊池川堤防のハゼ並木","nameEn":"","source":"https://data.bodik.jp/dataset/432067_05"}},{"type":"Feature","geometry":{"type":"Point","coordinates":[130.5626064,32.9272538596491]},"properties":{"id":"municipal-3ba56efc623db2b4","name":"高瀬目鏡橋","nameEn":"","source":"https://data.bodik.jp/dataset/432067_05"}},{"type":"Feature","geometry":{"type":"Point","coordinates":[130.5578463,32.9300727708415]},"properties":{"id":"municipal-9b218eac7489e611","name":"補陀落渡海供養塔附石塔群","nameEn":"","source":"https://data.bodik.jp/dataset/432067_05"}},{"type":"Feature","geometry":{"type":"Point","coordinates":[130.5351949,32.9323324708563]},"properties":{"id":"municipal-6788ede1023afccc","name":"関白塔附浄光寺跡出土五輪塔地輪","nameEn":"","source":"https://data.bodik.jp/dataset/432067_05"}},{"type":"Feature","geometry":{"type":"Point","coordinates":[130.5622882,32.9266960660005]},"properties":{"id":"municipal-881a2e6632c489fe","name":"秋丸眼鏡橋","nameEn":"","source":"https://data.bodik.jp/dataset/432067_05"}},{"type":"Feature","geometry":{"type":"Point","coordinates":[130.5406702,32.940643738239]},"properties":{"id":"municipal-18c0bbd6202cf86b","name":"石造十六橋","nameEn":"","source":"https://data.bodik.jp/dataset/432067_05"}},{"type":"Feature","geometry":{"type":"Point","coordinates":[130.564275,32.965248]},"properties":{"id":"municipal-f4ad07622fd0fcf5","name":"石貫車橋","nameEn":"","source":"https://data.bodik.jp/dataset/432067_05"}},{"type":"Feature","geometry":{"type":"Point","coordinates":[130.556984,32.929184]},"properties":{"id":"municipal-18e4bdedb8ac7400","name":"豪潮式石造宝篋印塔（繁根木）","nameEn":"","source":"https://data.bodik.jp/dataset/432067_05"}},{"type":"Feature","geometry":{"type":"Point","coordinates":[130.561838,32.930237]},"properties":{"id":"municipal-ff34d2819a6bd1bc","name":"豪潮式石造宝篋印塔（大覚寺）","nameEn":"","source":"https://data.bodik.jp/dataset/432067_05"}},{"type":"Feature","geometry":{"type":"Point","coordinates":[130.55841,32.928186]},"properties":{"id":"municipal-130a249c18e933b3","name":"豪潮式石造宝篋印塔（稲荷山）","nameEn":"","source":"https://data.bodik.jp/dataset/432067_05"}},{"type":"Feature","geometry":{"type":"Point","coordinates":[130.5808018,32.938515]},"properties":{"id":"municipal-fcb98a3cde416e43","name":"両迫間六地蔵石幢","nameEn":"","source":"https://data.bodik.jp/dataset/432067_05"}},{"type":"Feature","geometry":{"type":"Point","coordinates":[130.5576483,32.9269401]},"properties":{"id":"municipal-2a864abd799caae1","name":"繁根木八幡宮鳥居","nameEn":"","source":"https://data.bodik.jp/dataset/432067_05"}},{"type":"Feature","geometry":{"type":"Point","coordinates":[130.56121,32.9342417969064]},"properties":{"id":"municipal-8892aa50d5f85de5","name":"小路古墳石室・舟形石棺附出土品一括","nameEn":"","source":"https://data.bodik.jp/dataset/432067_05"}},{"type":"Feature","geometry":{"type":"Point","coordinates":[130.55829,32.92684]},"properties":{"id":"municipal-04d5e28958f8995d","name":"繁根木八幡宮の石造狛犬","nameEn":"","source":"https://data.bodik.jp/dataset/432067_05"}},{"type":"Feature","geometry":{"type":"Point","coordinates":[130.5618051,32.9238129054327]},"properties":{"id":"municipal-2f2f3de664b70f3d","name":"熊本藩高瀬米蔵跡(高瀬船着場跡)","nameEn":"","source":"https://data.bodik.jp/dataset/432067_05"}},{"type":"Feature","geometry":{"type":"Point","coordinates":[130.5578212,32.9292508978891]},"properties":{"id":"municipal-3233cd3656ce590a","name":"伝左山古墳","nameEn":"","source":"https://data.bodik.jp/dataset/432067_05"}},{"type":"Feature","geometry":{"type":"Point","coordinates":[130.5615999,32.9277339909095]},"properties":{"id":"municipal-ecb0eaaa619290f9","name":"宝成就寺跡古塔碑群・石仏群","nameEn":"","source":"https://data.bodik.jp/dataset/432067_05"}},{"type":"Feature","geometry":{"type":"Point","coordinates":[130.562233,32.969662]},"properties":{"id":"municipal-726c4332a8f67693","name":"安世寺墓塔群","nameEn":"","source":"https://data.bodik.jp/dataset/432067_05"}},{"type":"Feature","geometry":{"type":"Point","coordinates":[130.5628528,32.9309522935911]},"properties":{"id":"municipal-e3cce7c33f3575c3","name":"高瀬官軍墓地","nameEn":"","source":"https://data.bodik.jp/dataset/432067_05"}},{"type":"Feature","geometry":{"type":"Point","coordinates":[130.5609357,32.9245103151436]},"properties":{"id":"municipal-0b734391485b0843","name":"熊本藩高瀬米蔵跡(高瀬御蔵跡)","nameEn":"","source":"https://data.bodik.jp/dataset/432067_05"}},{"type":"Feature","geometry":{"type":"Point","coordinates":[130.5378,32.926936]},"properties":{"id":"municipal-c732cdfc4aed2d00","name":"貴船神社の樟","nameEn":"","source":"https://data.bodik.jp/dataset/432067_05"}},{"type":"Feature","geometry":{"type":"Point","coordinates":[130.529118,32.925217]},"properties":{"id":"municipal-6fcdb2676e439990","name":"下前原のタブノキ","nameEn":"","source":"https://data.bodik.jp/dataset/432067_05"}},{"type":"Feature","geometry":{"type":"Point","coordinates":[130.553567,32.940144]},"properties":{"id":"municipal-9bebe6e1eba2e50d","name":"玉名郡倉跡","nameEn":"","source":"https://data.bodik.jp/dataset/432067_05"}},{"type":"Feature","geometry":{"type":"Point","coordinates":[130.536103,32.923847]},"properties":{"id":"municipal-1c4eb29fc4d44980","name":"上野口菅原神社のイチョウ","nameEn":"","source":"https://data.bodik.jp/dataset/432067_05"}},{"type":"Feature","geometry":{"type":"Point","coordinates":[130.599797,32.507748]},"properties":{"id":"municipal-c63c71813f5eae49","name":"八代城跡","nameEn":"","source":"https://data.bodik.jp/dataset/432024_tourism"}},{"type":"Feature","geometry":{"type":"Point","coordinates":[130.596611,32.509567]},"properties":{"id":"municipal-2996cafd71a6cfb9","name":"松浜軒","nameEn":"","source":"https://data.bodik.jp/dataset/432024_tourism"}},{"type":"Feature","geometry":{"type":"Point","coordinates":[130.596556,32.50825]},"properties":{"id":"municipal-d5b95e5f62d94310","name":"八代市立博物館未来の森ミュージアム","nameEn":"","source":"https://data.bodik.jp/dataset/432024_tourism"}},{"type":"Feature","geometry":{"type":"Point","coordinates":[130.597866,32.508051]},"properties":{"id":"municipal-3644c52df386f7fa","name":"お祭りでんでん館","nameEn":"","source":"https://data.bodik.jp/dataset/432024_tourism"}},{"type":"Feature","geometry":{"type":"Point","coordinates":[130.608492,32.507393]},"properties":{"id":"municipal-b7f25dd8dcfd50ca","name":"桜十字ホールやつしろ","nameEn":"","source":"https://data.bodik.jp/dataset/432024_tourism"}},{"type":"Feature","geometry":{"type":"Point","coordinates":[130.621399,32.503982]},"properties":{"id":"municipal-c71b7a18e28453c4","name":"八代観光案内所","nameEn":"","source":"https://data.bodik.jp/dataset/432024_tourism"}},{"type":"Feature","geometry":{"type":"Point","coordinates":[130.60228,32.504301]},"properties":{"id":"municipal-ae8ab9f062cd1125","name":"くまなんステーション","nameEn":"","source":"https://data.bodik.jp/dataset/432024_tourism"}},{"type":"Feature","geometry":{"type":"Point","coordinates":[130.602816,32.506239]},"properties":{"id":"municipal-e5dfd9756a0dcda5","name":"こいこい広場","nameEn":"","source":"https://data.bodik.jp/dataset/432024_tourism"}},{"type":"Feature","geometry":{"type":"Point","coordinates":[130.575016,32.432543]},"properties":{"id":"municipal-d9f2abf59c61c8d4","name":"日奈久温泉センター「ばんぺい湯」","nameEn":"","source":"https://data.bodik.jp/dataset/432024_tourism"}},{"type":"Feature","geometry":{"type":"Point","coordinates":[130.575421,32.433753]},"properties":{"id":"municipal-81346022767105fe","name":"日奈久温泉・東湯","nameEn":"","source":"https://data.bodik.jp/dataset/432024_tourism"}},{"type":"Feature","geometry":{"type":"Point","coordinates":[130.574546,32.434396]},"properties":{"id":"municipal-455baa74ea0272a0","name":"日奈久観光交流施設「日奈久ゆめ倉庫」","nameEn":"","source":"https://data.bodik.jp/dataset/432024_tourism"}},{"type":"Feature","geometry":{"type":"Point","coordinates":[130.632713,32.535773]},"properties":{"id":"municipal-1d134cc5b65e1898","name":"いぐさの里公園","nameEn":"","source":"https://data.bodik.jp/dataset/432024_tourism"}},{"type":"Feature","geometry":{"type":"Point","coordinates":[130.6485,32.562535]},"properties":{"id":"municipal-3a155599dd1190ef","name":"鏡文化センター","nameEn":"","source":"https://data.bodik.jp/dataset/432024_tourism"}},{"type":"Feature","geometry":{"type":"Point","coordinates":[128.02409,26.70223]},"properties":{"id":"municipal-2bb27f0619e4518b","name":"古宇利オーシャンタワー","nameEn":"kouri ocean tower","source":"https://data.bodik.jp/dataset/churashisetu_okinawa-dpf_"}},{"type":"Feature","geometry":{"type":"Point","coordinates":[127.748943,26.137418]},"properties":{"id":"municipal-4c1af45722b61900","name":"ガンガラーの谷","nameEn":"Valley of Gangala","source":"https://data.bodik.jp/dataset/churashisetu_okinawa-dpf_"}},{"type":"Feature","geometry":{"type":"Point","coordinates":[130.703683,32.803705]},"properties":{"id":"municipal-0bdc3fae23b97fe9","name":"熊本城","nameEn":"","source":"https://data.bodik.jp/dataset/430005_04"}},{"type":"Feature","geometry":{"type":"Point","coordinates":[130.703642,32.803604]},"properties":{"id":"municipal-2410bd67cb46dda3","name":"桜の馬場城彩苑","nameEn":"","source":"https://data.bodik.jp/dataset/430005_04"}},{"type":"Feature","geometry":{"type":"Point","coordinates":[130.703642,32.803604]},"properties":{"id":"municipal-e364ed22e82adc4e","name":"湧々座","nameEn":"","source":"https://data.bodik.jp/dataset/430005_04"}},{"type":"Feature","geometry":{"type":"Point","coordinates":[130.734937,32.790801]},"properties":{"id":"municipal-ffdb5d54d283f32a","name":"水前寺成趣園","nameEn":"","source":"https://data.bodik.jp/dataset/430005_04"}},{"type":"Feature","geometry":{"type":"Point","coordinates":[130.750339,32.774925]},"properties":{"id":"municipal-2818593bf5e4b76a","name":"熊本市動植物園","nameEn":"","source":"https://data.bodik.jp/dataset/430005_04"}},{"type":"Feature","geometry":{"type":"Point","coordinates":[130.724109,32.848613]},"properties":{"id":"municipal-91587b26d251f726","name":"水の科学館","nameEn":"","source":"https://data.bodik.jp/dataset/430005_04"}},{"type":"Feature","geometry":{"type":"Point","coordinates":[130.681887,32.741113]},"properties":{"id":"municipal-f773b07de399d2a4","name":"くまもと工芸会館","nameEn":"","source":"https://data.bodik.jp/dataset/430005_04"}},{"type":"Feature","geometry":{"type":"Point","coordinates":[130.706908,32.807608]},"properties":{"id":"municipal-92d1b8fd7f0b1dd0","name":"熊本県伝統工芸館","nameEn":"","source":"https://data.bodik.jp/dataset/430005_04"}},{"type":"Feature","geometry":{"type":"Point","coordinates":[130.701922,32.807899]},"properties":{"id":"municipal-123409c662fb3200","name":"熊本県立美術館本館","nameEn":"","source":"https://data.bodik.jp/dataset/430005_04"}},{"type":"Feature","geometry":{"type":"Point","coordinates":[130.708216,32.806619]},"properties":{"id":"municipal-3473b0cd4e423a5c","name":"熊本県立美術館分館","nameEn":"","source":"https://data.bodik.jp/dataset/430005_04"}},{"type":"Feature","geometry":{"type":"Point","coordinates":[130.735104,32.786082]},"properties":{"id":"municipal-dd5ab8f3d83df91a","name":"くまもと文学・歴史館","nameEn":"","source":"https://data.bodik.jp/dataset/430005_04"}},{"type":"Feature","geometry":{"type":"Point","coordinates":[130.710746,32.80345]},"properties":{"id":"municipal-23cfbc17bcd203c6","name":"熊本市現代美術館","nameEn":"","source":"https://data.bodik.jp/dataset/430005_04"}},{"type":"Feature","geometry":{"type":"Point","coordinates":[130.712458,32.801826]},"properties":{"id":"municipal-c855f8f94d866b8b","name":"くまモンスクエア","nameEn":"","source":"https://data.bodik.jp/dataset/430005_04"}},{"type":"Feature","geometry":{"type":"Point","coordinates":[130.693258,32.908116]},"properties":{"id":"municipal-739460ba49b8921a","name":"道の駅すいかの里植木","nameEn":"","source":"https://data.bodik.jp/dataset/430005_04"}},{"type":"Feature","geometry":{"type":"Point","coordinates":[131.041445,32.933326]},"properties":{"id":"municipal-783cab95fabc497b","name":"乙姫温泉湯ら癒ら","nameEn":"","source":"https://data.bodik.jp/dataset/430005_04"}},{"type":"Feature","geometry":{"type":"Point","coordinates":[131.047639,32.970029]},"properties":{"id":"municipal-0e887b7d3055636b","name":"阿蘇ネイチャーランド","nameEn":"","source":"https://data.bodik.jp/dataset/430005_04"}},{"type":"Feature","geometry":{"type":"Point","coordinates":[131.066982,32.930957]},"properties":{"id":"municipal-dce21982593e2df9","name":"阿蘇カドリー・ドミニオン","nameEn":"","source":"https://data.bodik.jp/dataset/430005_04"}},{"type":"Feature","geometry":{"type":"Point","coordinates":[131.040734,32.934229]},"properties":{"id":"municipal-53f3d74b85a8f4fa","name":"コスギリゾート阿蘇ハイランドゴルフコース","nameEn":"","source":"https://data.bodik.jp/dataset/430005_04"}},{"type":"Feature","geometry":{"type":"Point","coordinates":[131.197443,32.959912]},"properties":{"id":"municipal-98e61a39c979b284","name":"道の駅波野神楽苑","nameEn":"","source":"https://data.bodik.jp/dataset/430005_04"}},{"type":"Feature","geometry":{"type":"Point","coordinates":[131.080886,32.937029]},"properties":{"id":"municipal-082558325f0e06d7","name":"道の駅阿蘇","nameEn":"","source":"https://data.bodik.jp/dataset/430005_04"}},{"type":"Feature","geometry":{"type":"Point","coordinates":[131.115917,32.947512]},"properties":{"id":"municipal-4fed0cefa307a14a","name":"阿蘇神社","nameEn":"","source":"https://data.bodik.jp/dataset/430005_04"}},{"type":"Feature","geometry":{"type":"Point","coordinates":[131.070582,32.998297]},"properties":{"id":"municipal-b19c3a6d59a9a4be","name":"大観峰（大観峰茶店）","nameEn":"","source":"https://data.bodik.jp/dataset/430005_04"}},{"type":"Feature","geometry":{"type":"Point","coordinates":[131.079278,32.933743]},"properties":{"id":"municipal-de8501c8a8959a77","name":"阿蘇山公園道路（中岳火口）","nameEn":"","source":"https://data.bodik.jp/dataset/430005_04"}},{"type":"Feature","geometry":{"type":"Point","coordinates":[131.067737,33.099894]},"properties":{"id":"municipal-973e25b41a199939","name":"きよらカァサ","nameEn":"","source":"https://data.bodik.jp/dataset/430005_04"}},{"type":"Feature","geometry":{"type":"Point","coordinates":[131.068837,33.092413]},"properties":{"id":"municipal-8a0ed4c7d47e848b","name":"温泉館きよら","nameEn":"","source":"https://data.bodik.jp/dataset/430005_04"}},{"type":"Feature","geometry":{"type":"Point","coordinates":[131.187323,33.071568]},"properties":{"id":"municipal-fc3979ff1a7e232e","name":"三愛レストハウス","nameEn":"","source":"https://data.bodik.jp/dataset/430005_04"}},{"type":"Feature","geometry":{"type":"Point","coordinates":[131.141135,33.077779]},"properties":{"id":"municipal-ad5da60d1b396b61","name":"黒川温泉","nameEn":"","source":"https://data.bodik.jp/dataset/430005_04"}},{"type":"Feature","geometry":{"type":"Point","coordinates":[131.037671,33.173288]},"properties":{"id":"municipal-c8fb1cb01253dc0d","name":"観音岩温泉","nameEn":"","source":"https://data.bodik.jp/dataset/430005_04"}},{"type":"Feature","geometry":{"type":"Point","coordinates":[131.037023,33.175869]},"properties":{"id":"municipal-134bf9749e14fb50","name":"白岩温泉","nameEn":"","source":"https://data.bodik.jp/dataset/430005_04"}},{"type":"Feature","geometry":{"type":"Point","coordinates":[131.064688,33.1231]},"properties":{"id":"municipal-da24a629aa5ee669","name":"道の駅小国ゆうステーション","nameEn":"","source":"https://data.bodik.jp/dataset/430005_04"}},{"type":"Feature","geometry":{"type":"Point","coordinates":[131.062267,33.112151]},"properties":{"id":"municipal-36753d212d384933","name":"ぴらみっと","nameEn":"","source":"https://data.bodik.jp/dataset/430005_04"}},{"type":"Feature","geometry":{"type":"Point","coordinates":[131.134463,32.838589]},"properties":{"id":"municipal-64ea9be6071bdcc5","name":"月廻り温泉館","nameEn":"","source":"https://data.bodik.jp/dataset/430005_04"}},{"type":"Feature","geometry":{"type":"Point","coordinates":[131.122828,32.813497]},"properties":{"id":"municipal-1b8454ff8b35f50e","name":"高森湧水トンネル公園","nameEn":"","source":"https://data.bodik.jp/dataset/430005_04"}},{"type":"Feature","geometry":{"type":"Point","coordinates":[131.122608,32.819499]},"properties":{"id":"municipal-abf5492b5c01e3a7","name":"南阿蘇鉄道（トロッコ列車）","nameEn":"","source":"https://data.bodik.jp/dataset/430005_04"}},{"type":"Feature","geometry":{"type":"Point","coordinates":[131.147638,32.843386]},"properties":{"id":"municipal-a9ce67d2fa17aa07","name":"休暇村南阿蘇・阿蘇野草園・南阿蘇ビジターセンター","nameEn":"","source":"https://data.bodik.jp/dataset/430005_04"}},{"type":"Feature","geometry":{"type":"Point","coordinates":[131.12593,32.818523]},"properties":{"id":"municipal-040153d3d5927660","name":"高森町観光交流センター","nameEn":"","source":"https://data.bodik.jp/dataset/430005_04"}},{"type":"Feature","geometry":{"type":"Point","coordinates":[131.158664,32.85451]},"properties":{"id":"municipal-ac6777f58e0434d4","name":"上色見熊野座神社","nameEn":"","source":"https://data.bodik.jp/dataset/430005_04"}},{"type":"Feature","geometry":{"type":"Point","coordinates":[131.006643,32.898015]},"properties":{"id":"municipal-6c53c91800fe9ab9","name":"阿蘇ファームランド","nameEn":"","source":"https://data.bodik.jp/dataset/430005_04"}},{"type":"Feature","geometry":{"type":"Point","coordinates":[131.095071,32.825004]},"properties":{"id":"municipal-b677750800d183fe","name":"白川水源","nameEn":"","source":"https://data.bodik.jp/dataset/430005_04"}},{"type":"Feature","geometry":{"type":"Point","coordinates":[131.040901,32.818396]},"properties":{"id":"municipal-ae3cbff393a5f33b","name":"道の駅あそ望の郷くぎの","nameEn":"","source":"https://data.bodik.jp/dataset/430005_04"}},{"type":"Feature","geometry":{"type":"Point","coordinates":[131.03171,32.821643]},"properties":{"id":"municipal-38478b5e32b43698","name":"俵山展望所","nameEn":"","source":"https://data.bodik.jp/dataset/430005_04"}},{"type":"Feature","geometry":{"type":"Point","coordinates":[131.09391,32.823748]},"properties":{"id":"municipal-bbe4fc5ef86b63de","name":"自然庵","nameEn":"","source":"https://data.bodik.jp/dataset/430005_04"}},{"type":"Feature","geometry":{"type":"Point","coordinates":[131.032143,32.821187]},"properties":{"id":"municipal-4cd0363bc3d66bf9","name":"そば道場","nameEn":"","source":"https://data.bodik.jp/dataset/430005_04"}},{"type":"Feature","geometry":{"type":"Point","coordinates":[131.040101,32.818474]},"properties":{"id":"municipal-683675ee6ffceb18","name":"久木野パークゴルフ場","nameEn":"","source":"https://data.bodik.jp/dataset/430005_04"}},{"type":"Feature","geometry":{"type":"Point","coordinates":[130.90041,32.837147]},"properties":{"id":"municipal-005741ed2422fe5d","name":"俵山交流館萌の里","nameEn":"","source":"https://data.bodik.jp/dataset/430005_04"}},{"type":"Feature","geometry":{"type":"Point","coordinates":[130.184102,32.459948]},"properties":{"id":"municipal-dd9ebdeca74196bf","name":"天草キリシタン館","nameEn":"","source":"https://data.bodik.jp/dataset/430005_04"}},{"type":"Feature","geometry":{"type":"Point","coordinates":[130.198634,32.460815]},"properties":{"id":"municipal-b867f537cf5bcdb9","name":"本渡歴史民俗資料館","nameEn":"","source":"https://data.bodik.jp/dataset/430005_04"}},{"type":"Feature","geometry":{"type":"Point","coordinates":[130.186519,32.457149]},"properties":{"id":"municipal-1c0012284811e788","name":"天草文化交流館","nameEn":"","source":"https://data.bodik.jp/dataset/430005_04"}},{"type":"Feature","geometry":{"type":"Point","coordinates":[130.209342,32.452705]},"properties":{"id":"municipal-2bc8095113c7a056","name":"本渡温泉センター","nameEn":"","source":"https://data.bodik.jp/dataset/430005_04"}},{"type":"Feature","geometry":{"type":"Point","coordinates":[130.208467,32.452599]},"properties":{"id":"municipal-6eca0887b17833d7","name":"天草とれたて市場","nameEn":"","source":"https://data.bodik.jp/dataset/430005_04"}},{"type":"Feature","geometry":{"type":"Point","coordinates":[130.30576,32.505519]},"properties":{"id":"municipal-4dad4399e8986e80","name":"道の駅有明リップルランド","nameEn":"","source":"https://data.bodik.jp/dataset/430005_04"}},{"type":"Feature","geometry":{"type":"Point","coordinates":[130.30576,32.505519]},"properties":{"id":"municipal-5596f3764b10efef","name":"有明温泉センターさざ波の湯","nameEn":"","source":"https://data.bodik.jp/dataset/430005_04"}},{"type":"Feature","geometry":{"type":"Point","coordinates":[130.295119,32.487804]},"properties":{"id":"municipal-a272c5209b19552c","name":"四郎ヶ浜ビーチ","nameEn":"","source":"https://data.bodik.jp/dataset/430005_04"}},{"type":"Feature","geometry":{"type":"Point","coordinates":[130.191729,32.536886]},"properties":{"id":"municipal-528d5b4f9ac210af","name":"直売所わかみや","nameEn":"","source":"https://data.bodik.jp/dataset/430005_04"}},{"type":"Feature","geometry":{"type":"Point","coordinates":[130.1306636,32.54549427]},"properties":{"id":"municipal-6af84367b207e4ec","name":"道の駅天草市イルカセンター","nameEn":"","source":"https://data.bodik.jp/dataset/430005_04"}},{"type":"Feature","geometry":{"type":"Point","coordinates":[130.11867,32.547928]},"properties":{"id":"municipal-2f063f6934ae40d5","name":"丸健水産","nameEn":"","source":"https://data.bodik.jp/dataset/430005_04"}},{"type":"Feature","geometry":{"type":"Point","coordinates":[130.0111,32.424926]},"properties":{"id":"municipal-545d031302c7ed5d","name":"下田温泉センター白鷺館","nameEn":"","source":"https://data.bodik.jp/dataset/430005_04"}},{"type":"Feature","geometry":{"type":"Point","coordinates":[130.009773,32.423282]},"properties":{"id":"municipal-172e7b09d7b43e2c","name":"下田温泉ふれあい館ぷらっと","nameEn":"","source":"https://data.bodik.jp/dataset/430005_04"}},{"type":"Feature","geometry":{"type":"Point","coordinates":[130.010878,32.424393]},"properties":{"id":"municipal-d832f13ab89a7930","name":"温泉広場","nameEn":"","source":"https://data.bodik.jp/dataset/430005_04"}},{"type":"Feature","geometry":{"type":"Point","coordinates":[129.993581,32.334942]},"properties":{"id":"municipal-2f73ddc782bc0155","name":"天草ロザリオ館","nameEn":"","source":"https://data.bodik.jp/dataset/430005_04"}},{"type":"Feature","geometry":{"type":"Point","coordinates":[129.992918,32.336872]},"properties":{"id":"municipal-f29c50625e2264ed","name":"大江教会","nameEn":"","source":"https://data.bodik.jp/dataset/430005_04"}},{"type":"Feature","geometry":{"type":"Point","coordinates":[130.074293,32.329486]},"properties":{"id":"municipal-9fe5339c9b1be3ef","name":"天草市総合交流施設愛夢里","nameEn":"","source":"https://data.bodik.jp/dataset/430005_04"}},{"type":"Feature","geometry":{"type":"Point","coordinates":[130.02569,32.312279]},"properties":{"id":"municipal-5556167f25bfa96a","name":"﨑津集落","nameEn":"","source":"https://data.bodik.jp/dataset/430005_04"}},{"type":"Feature","geometry":{"type":"Point","coordinates":[130.082031,32.315157]},"properties":{"id":"municipal-b1c8fb8b1ad07944","name":"天草コレジヨ館","nameEn":"","source":"https://data.bodik.jp/dataset/430005_04"}},{"type":"Feature","geometry":{"type":"Point","coordinates":[130.024664,32.309679]},"properties":{"id":"municipal-499f245e3a70e7ea","name":"きんつ市場","nameEn":"","source":"https://data.bodik.jp/dataset/430005_04"}},{"type":"Feature","geometry":{"type":"Point","coordinates":[130.025479,32.316598]},"properties":{"id":"municipal-a604da818deb5b89","name":"道の駅﨑津﨑津集落ガイダンスセンター","nameEn":"","source":"https://data.bodik.jp/dataset/430005_04"}},{"type":"Feature","geometry":{"type":"Point","coordinates":[130.0259322,32.31203877]},"properties":{"id":"municipal-5f655f833d55b44f","name":"﨑津資料館みなと屋","nameEn":"Sakitsu Minatoya Museum","source":"https://data.bodik.jp/dataset/432156_amakusa011"}},{"type":"Feature","geometry":{"type":"Point","coordinates":[130.187499,32.464667]},"properties":{"id":"municipal-795ab555af5b2f8c","name":"丸尾焼","nameEn":"","source":"https://data.bodik.jp/dataset/430005_04"}},{"type":"Feature","geometry":{"type":"Point","coordinates":[130.439239,32.593952]},"properties":{"id":"municipal-f9de27a9723b7b52","name":"藍のあまくさ村","nameEn":"","source":"https://data.bodik.jp/dataset/430005_04"}},{"type":"Feature","geometry":{"type":"Point","coordinates":[130.418225,32.579447]},"properties":{"id":"municipal-d1a435fc3329c2e8","name":"スパ?タラソ天草","nameEn":"","source":"https://data.bodik.jp/dataset/430005_04"}},{"type":"Feature","geometry":{"type":"Point","coordinates":[130.421189,32.575881]},"properties":{"id":"municipal-5aa40c754ad1011c","name":"天草四郎ミュージアム","nameEn":"","source":"https://data.bodik.jp/dataset/430005_04"}},{"type":"Feature","geometry":{"type":"Point","coordinates":[130.423773,32.555218]},"properties":{"id":"municipal-3c238895f265a541","name":"チェリーゴルフ天草コース","nameEn":"","source":"https://data.bodik.jp/dataset/430005_04"}},{"type":"Feature","geometry":{"type":"Point","coordinates":[130.437767,32.550936]},"properties":{"id":"municipal-a862b0895f9f7daa","name":"天草釣堀レジャーランド","nameEn":"","source":"https://data.bodik.jp/dataset/430005_04"}},{"type":"Feature","geometry":{"type":"Point","coordinates":[130.420081,32.577178]},"properties":{"id":"municipal-09a13628d9c0804f","name":"道の駅上天草さんぱーる","nameEn":"","source":"https://data.bodik.jp/dataset/430005_04"}},{"type":"Feature","geometry":{"type":"Point","coordinates":[130.425878,32.501337]},"properties":{"id":"municipal-4b6bbca9f0458e85","name":"向陽寺","nameEn":"","source":"https://data.bodik.jp/dataset/430005_04"}},{"type":"Feature","geometry":{"type":"Point","coordinates":[130.423627,32.520046]},"properties":{"id":"municipal-1749f1cb8f7ba734","name":"パールライン観光","nameEn":"","source":"https://data.bodik.jp/dataset/430005_04"}},{"type":"Feature","geometry":{"type":"Point","coordinates":[130.425372,32.52654]},"properties":{"id":"municipal-d3cff70fd71a9390","name":"シークルーズ","nameEn":"","source":"https://data.bodik.jp/dataset/430005_04"}},{"type":"Feature","geometry":{"type":"Point","coordinates":[130.4272948,32.52754993]},"properties":{"id":"municipal-969c37a6e1740384","name":"天草パールガーデン＆海中水族館シードーナツ","nameEn":"","source":"https://data.bodik.jp/dataset/430005_04"}},{"type":"Feature","geometry":{"type":"Point","coordinates":[130.427016,32.528329]},"properties":{"id":"municipal-96ebc9532ba9b8b2","name":"天草パールセンター","nameEn":"","source":"https://data.bodik.jp/dataset/430005_04"}},{"type":"Feature","geometry":{"type":"Point","coordinates":[130.424593,32.540461]},"properties":{"id":"municipal-ae5c2198df45688b","name":"天草ビジターセンター","nameEn":"","source":"https://data.bodik.jp/dataset/430005_04"}},{"type":"Feature","geometry":{"type":"Point","coordinates":[130.427641,32.516919]},"properties":{"id":"municipal-cc15130ea41fea63","name":"西目海水浴場","nameEn":"","source":"https://data.bodik.jp/dataset/430005_04"}},{"type":"Feature","geometry":{"type":"Point","coordinates":[130.4262903,32.52762584]},"properties":{"id":"municipal-471dc861874ee069","name":"リゾラテラス天草","nameEn":"","source":"https://data.bodik.jp/dataset/430005_04"}},{"type":"Feature","geometry":{"type":"Point","coordinates":[130.430529,32.587419]},"properties":{"id":"municipal-3c23a6581730efc2","name":"上天草温泉郷","nameEn":"","source":"https://data.bodik.jp/dataset/430005_04"}},{"type":"Feature","geometry":{"type":"Point","coordinates":[130.424593,32.540461]},"properties":{"id":"municipal-0297234091bb7671","name":"松島展望休憩所","nameEn":"","source":"https://data.bodik.jp/dataset/430005_04"}},{"type":"Feature","geometry":{"type":"Point","coordinates":[130.030922,32.52859]},"properties":{"id":"municipal-6274ebc322b47b71","name":"富岡ビジターセンター","nameEn":"","source":"https://data.bodik.jp/dataset/430005_04"}},{"type":"Feature","geometry":{"type":"Point","coordinates":[130.688434,33.015117]},"properties":{"id":"municipal-af4e302fbfc72f9e","name":"山鹿灯籠民芸館","nameEn":"","source":"https://data.bodik.jp/dataset/430005_04"}},{"type":"Feature","geometry":{"type":"Point","coordinates":[130.689359,33.016867]},"properties":{"id":"municipal-41c975181c4679f9","name":"八千代座","nameEn":"","source":"https://data.bodik.jp/dataset/430005_04"}},{"type":"Feature","geometry":{"type":"Point","coordinates":[130.687345,33.011284]},"properties":{"id":"municipal-69dd74c5eed35c4a","name":"千代の園酒造資料館","nameEn":"","source":"https://data.bodik.jp/dataset/430005_04"}},{"type":"Feature","geometry":{"type":"Point","coordinates":[130.781531,33.013624]},"properties":{"id":"municipal-070535c367f1e827","name":"菊鹿温泉","nameEn":"","source":"https://data.bodik.jp/dataset/430005_04"}},{"type":"Feature","geometry":{"type":"Point","coordinates":[130.756629,32.988073]},"properties":{"id":"municipal-466fe8c67ad4c989","name":"道の駅水辺プラザかもと","nameEn":"","source":"https://data.bodik.jp/dataset/430005_04"}},{"type":"Feature","geometry":{"type":"Point","coordinates":[130.688997,33.014407]},"properties":{"id":"municipal-8d02f1ae0e3aebae","name":"山鹿温泉","nameEn":"","source":"https://data.bodik.jp/dataset/430005_04"}},{"type":"Feature","geometry":{"type":"Point","coordinates":[130.660091,33.050805]},"properties":{"id":"municipal-e85fbda1d4756eeb","name":"平山温泉","nameEn":"","source":"https://data.bodik.jp/dataset/430005_04"}},{"type":"Feature","geometry":{"type":"Point","coordinates":[130.756629,32.988073]},"properties":{"id":"municipal-f64240f43753db60","name":"鹿本温泉","nameEn":"","source":"https://data.bodik.jp/dataset/430005_04"}},{"type":"Feature","geometry":{"type":"Point","coordinates":[130.465584,32.990171]},"properties":{"id":"municipal-fe9a74a3fdf31783","name":"グリーンランド","nameEn":"","source":"https://data.bodik.jp/dataset/430005_04"}},{"type":"Feature","geometry":{"type":"Point","coordinates":[130.471211,32.987847]},"properties":{"id":"municipal-6b28a756a63ae077","name":"パスカワールドグリーンランド店","nameEn":"","source":"https://data.bodik.jp/dataset/430005_04"}},{"type":"Feature","geometry":{"type":"Point","coordinates":[130.471897,32.989349]},"properties":{"id":"municipal-f6f1b34ee755ded8","name":"弥生乃湯","nameEn":"","source":"https://data.bodik.jp/dataset/430005_04"}},{"type":"Feature","geometry":{"type":"Point","coordinates":[130.449707,32.961818]},"properties":{"id":"municipal-6b046a3b6c3da0e1","name":"荒尾温泉ドリームの湯","nameEn":"","source":"https://data.bodik.jp/dataset/430005_04"}},{"type":"Feature","geometry":{"type":"Point","coordinates":[130.481191,32.961577]},"properties":{"id":"municipal-81e4d65e6f86c197","name":"野原八幡宮","nameEn":"","source":"https://data.bodik.jp/dataset/430005_04"}},{"type":"Feature","geometry":{"type":"Point","coordinates":[130.429984,32.997917]},"properties":{"id":"municipal-5461def80d18b17a","name":"四山神社","nameEn":"","source":"https://data.bodik.jp/dataset/430005_04"}},{"type":"Feature","geometry":{"type":"Point","coordinates":[130.432959,32.986835]},"properties":{"id":"municipal-9f5c8e1ee7e299a1","name":"岩本橋保存会","nameEn":"","source":"https://data.bodik.jp/dataset/430005_04"}},{"type":"Feature","geometry":{"type":"Point","coordinates":[130.4933477,32.95667242]},"properties":{"id":"municipal-ecf3b5f11d4d081e","name":"ふるさと自然公園","nameEn":"","source":"https://data.bodik.jp/dataset/430005_04"}},{"type":"Feature","geometry":{"type":"Point","coordinates":[130.557037,32.938786]},"properties":{"id":"municipal-552e61e847ae6280","name":"玉名温泉","nameEn":"","source":"https://data.bodik.jp/dataset/432067_18"}},{"type":"Feature","geometry":{"type":"Point","coordinates":[130.559932,32.930543]},"properties":{"id":"municipal-c27538027f1b1fad","name":"立願寺公園しらさぎの足湯","nameEn":"","source":"https://data.bodik.jp/dataset/430005_04"}},{"type":"Feature","geometry":{"type":"Point","coordinates":[130.561243,32.934048]},"properties":{"id":"municipal-26667b1a47857718","name":"歴史博物館こころピア","nameEn":"","source":"https://data.bodik.jp/dataset/430005_04"}},{"type":"Feature","geometry":{"type":"Point","coordinates":[130.558363,32.927415]},"properties":{"id":"municipal-388053bba9424464","name":"繁根木八幡宮","nameEn":"","source":"https://data.bodik.jp/dataset/430005_04"}},{"type":"Feature","geometry":{"type":"Point","coordinates":[130.552648,32.937786]},"properties":{"id":"municipal-06c79f3636ad46d7","name":"疋野神社","nameEn":"","source":"https://data.bodik.jp/dataset/430005_04"}},{"type":"Feature","geometry":{"type":"Point","coordinates":[130.563285,32.927753]},"properties":{"id":"municipal-92790b799e32816c","name":"高瀬裏川水際緑地公園","nameEn":"","source":"https://data.bodik.jp/dataset/430005_04"}},{"type":"Feature","geometry":{"type":"Point","coordinates":[130.548533,32.945874]},"properties":{"id":"municipal-8a144773c11a8c6f","name":"蛇ヶ谷公園","nameEn":"","source":"https://data.bodik.jp/dataset/430005_04"}},{"type":"Feature","geometry":{"type":"Point","coordinates":[130.5745523,32.94294525]},"properties":{"id":"municipal-635514b6fad9b0bc","name":"観光ほっとプラザたまララ","nameEn":"","source":"https://data.bodik.jp/dataset/430005_04"}},{"type":"Feature","geometry":{"type":"Point","coordinates":[130.602227,32.972995]},"properties":{"id":"municipal-307e207aba2b6944","name":"道の駅きくすい菊水ロマン館","nameEn":"","source":"https://data.bodik.jp/dataset/430005_04"}},{"type":"Feature","geometry":{"type":"Point","coordinates":[130.619207,33.039271]},"properties":{"id":"municipal-6e272c2df16dcfc8","name":"緑彩館","nameEn":"","source":"https://data.bodik.jp/dataset/430005_04"}},{"type":"Feature","geometry":{"type":"Point","coordinates":[130.608595,32.988838]},"properties":{"id":"municipal-8ce53f7028c0f021","name":"きくすいの里","nameEn":"","source":"https://data.bodik.jp/dataset/430005_04"}},{"type":"Feature","geometry":{"type":"Point","coordinates":[130.619566,33.038516]},"properties":{"id":"municipal-7c21529e21f67ff5","name":"三加和温泉ふるさと交流センター","nameEn":"","source":"https://data.bodik.jp/dataset/430005_04"}},{"type":"Feature","geometry":{"type":"Point","coordinates":[130.611083,33.039552]},"properties":{"id":"municipal-94b91d2e005da963","name":"栗山温泉紅さんざし","nameEn":"","source":"https://data.bodik.jp/dataset/430005_04"}},{"type":"Feature","geometry":{"type":"Point","coordinates":[130.614963,33.039738]},"properties":{"id":"municipal-50194c6fc56bb5eb","name":"上弦の月","nameEn":"","source":"https://data.bodik.jp/dataset/430005_04"}},{"type":"Feature","geometry":{"type":"Point","coordinates":[130.597144,32.971436]},"properties":{"id":"municipal-b805d64d34ce9cf8","name":"肥後民家村","nameEn":"","source":"https://data.bodik.jp/dataset/430005_04"}},{"type":"Feature","geometry":{"type":"Point","coordinates":[130.539962,33.057684]},"properties":{"id":"municipal-f252bf4e4a3d510b","name":"南関町南の関うから館","nameEn":"","source":"https://data.bodik.jp/dataset/430005_04"}},{"type":"Feature","geometry":{"type":"Point","coordinates":[130.830272,32.931259]},"properties":{"id":"municipal-10579a4803cc7c81","name":"旭志村ふれあいセンター","nameEn":"","source":"https://data.bodik.jp/dataset/430005_04"}},{"type":"Feature","geometry":{"type":"Point","coordinates":[130.812413,32.98348]},"properties":{"id":"municipal-dce088a4049288b1","name":"菊池温泉","nameEn":"","source":"https://data.bodik.jp/dataset/430005_04"}},{"type":"Feature","geometry":{"type":"Point","coordinates":[130.749758,32.961962]},"properties":{"id":"municipal-60c6ae77353669b4","name":"リバーサイドパーク","nameEn":"","source":"https://data.bodik.jp/dataset/430005_04"}},{"type":"Feature","geometry":{"type":"Point","coordinates":[130.81464,32.985219]},"properties":{"id":"municipal-eef1074fc0de648a","name":"菊池夢美術館","nameEn":"","source":"https://data.bodik.jp/dataset/430005_04"}},{"type":"Feature","geometry":{"type":"Point","coordinates":[130.8301701,32.93118246]},"properties":{"id":"municipal-b242a86ecb09205b","name":"道の駅旭志","nameEn":"","source":"https://data.bodik.jp/dataset/430005_04"}},{"type":"Feature","geometry":{"type":"Point","coordinates":[130.739221,32.932101]},"properties":{"id":"municipal-97ab3c0ce720b5c1","name":"辰頭温泉","nameEn":"","source":"https://data.bodik.jp/dataset/430005_04"}},{"type":"Feature","geometry":{"type":"Point","coordinates":[130.775004,32.931672]},"properties":{"id":"municipal-6bc95c6e3312564e","name":"しすいラドン温泉","nameEn":"","source":"https://data.bodik.jp/dataset/430005_04"}},{"type":"Feature","geometry":{"type":"Point","coordinates":[130.745756,32.938614]},"properties":{"id":"municipal-2c99caa18f4b229d","name":"亀の甲温泉","nameEn":"","source":"https://data.bodik.jp/dataset/430005_04"}},{"type":"Feature","geometry":{"type":"Point","coordinates":[130.748495,32.937578]},"properties":{"id":"municipal-7ec92d01d91b9dc7","name":"不二の湯温泉","nameEn":"","source":"https://data.bodik.jp/dataset/430005_04"}},{"type":"Feature","geometry":{"type":"Point","coordinates":[130.769447,32.923757]},"properties":{"id":"municipal-2481e7abd52aa523","name":"とよみずの湯","nameEn":"","source":"https://data.bodik.jp/dataset/430005_04"}},{"type":"Feature","geometry":{"type":"Point","coordinates":[130.78683,32.972324]},"properties":{"id":"municipal-5d779e1645dc4e47","name":"菊池のまんま","nameEn":"","source":"https://data.bodik.jp/dataset/430005_04"}},{"type":"Feature","geometry":{"type":"Point","coordinates":[130.745123,32.891103]},"properties":{"id":"municipal-a4368eac57129c3a","name":"合志マンガミュージアム","nameEn":"","source":"https://data.bodik.jp/dataset/430005_04"}},{"type":"Feature","geometry":{"type":"Point","coordinates":[130.760516,32.900136]},"properties":{"id":"municipal-498aaf6bb1ec6af5","name":"百花園ゴルフ場","nameEn":"","source":"https://data.bodik.jp/dataset/430005_04"}},{"type":"Feature","geometry":{"type":"Point","coordinates":[130.759808,32.891323]},"properties":{"id":"municipal-5e03d0e9e4c2e40b","name":"熊本県農業公園","nameEn":"","source":"https://data.bodik.jp/dataset/430005_04"}},{"type":"Feature","geometry":{"type":"Point","coordinates":[130.732077,32.892767]},"properties":{"id":"municipal-37667e8b20d50bc1","name":"ユーパレス弁天","nameEn":"","source":"https://data.bodik.jp/dataset/430005_04"}},{"type":"Feature","geometry":{"type":"Point","coordinates":[130.806033,32.867234]},"properties":{"id":"municipal-8122c461d9f80f19","name":"菊陽杉並木公園","nameEn":"","source":"https://data.bodik.jp/dataset/430005_04"}},{"type":"Feature","geometry":{"type":"Point","coordinates":[130.805578,32.8685]},"properties":{"id":"municipal-4c43f2b227e6a667","name":"さんふれあ","nameEn":"","source":"https://data.bodik.jp/dataset/430005_04"}},{"type":"Feature","geometry":{"type":"Point","coordinates":[130.89079,32.880832]},"properties":{"id":"municipal-d82b4819122962d8","name":"道の駅大津熊本文化の森","nameEn":"","source":"https://data.bodik.jp/dataset/430005_04"}},{"type":"Feature","geometry":{"type":"Point","coordinates":[130.575102,32.432407]},"properties":{"id":"municipal-7978897224979375","name":"日奈久温泉センター「ばんぺい湯」","nameEn":"","source":"https://data.bodik.jp/dataset/430005_04"}},{"type":"Feature","geometry":{"type":"Point","coordinates":[130.596585,32.508267]},"properties":{"id":"municipal-be54c67a511a96e9","name":"八代市立博物館未来の森ミュージアム","nameEn":"","source":"https://data.bodik.jp/dataset/430005_04"}},{"type":"Feature","geometry":{"type":"Point","coordinates":[130.596632,32.509208]},"properties":{"id":"municipal-96f59fa735c883f9","name":"松浜軒","nameEn":"","source":"https://data.bodik.jp/dataset/430005_04"}},{"type":"Feature","geometry":{"type":"Point","coordinates":[130.565303,32.42996]},"properties":{"id":"municipal-e1d9e886740cc1c3","name":"日奈久ドリームランド「シー・遊・湯」","nameEn":"","source":"https://data.bodik.jp/dataset/430005_04"}},{"type":"Feature","geometry":{"type":"Point","coordinates":[130.564266,32.429571]},"properties":{"id":"municipal-ad43a832b88e5621","name":"ウインズ八代","nameEn":"","source":"https://data.bodik.jp/dataset/430005_04"}},{"type":"Feature","geometry":{"type":"Point","coordinates":[130.5745216,32.43410135]},"properties":{"id":"municipal-8e03ef14ef3df332","name":"日奈久観光交流施設日奈久ゆめ倉庫","nameEn":"","source":"https://data.bodik.jp/dataset/430005_04"}},{"type":"Feature","geometry":{"type":"Point","coordinates":[130.63323,32.534936]},"properties":{"id":"municipal-a613093d40d3d54b","name":"八代市千丁地域福祉保険センター","nameEn":"","source":"https://data.bodik.jp/dataset/430005_04"}},{"type":"Feature","geometry":{"type":"Point","coordinates":[130.633299,32.534575]},"properties":{"id":"municipal-7976756318c1bda9","name":"美湯菜館","nameEn":"","source":"https://data.bodik.jp/dataset/430005_04"}},{"type":"Feature","geometry":{"type":"Point","coordinates":[130.59991,32.507517]},"properties":{"id":"municipal-de61e73a6e974ada","name":"八代宮","nameEn":"","source":"https://data.bodik.jp/dataset/430005_04"}},{"type":"Feature","geometry":{"type":"Point","coordinates":[130.626463,32.530158]},"properties":{"id":"municipal-12a6e75d9773e149","name":"生活広場","nameEn":"","source":"https://data.bodik.jp/dataset/430005_04"}},{"type":"Feature","geometry":{"type":"Point","coordinates":[130.374612,32.204094]},"properties":{"id":"municipal-68663c9fbfa28cc5","name":"熊本県環境センター","nameEn":"","source":"https://data.bodik.jp/dataset/430005_04"}},{"type":"Feature","geometry":{"type":"Point","coordinates":[130.381181,32.199178]},"properties":{"id":"municipal-5c2f2fd186c13af2","name":"道の駅みなまた","nameEn":"","source":"https://data.bodik.jp/dataset/430005_04"}},{"type":"Feature","geometry":{"type":"Point","coordinates":[130.439579,32.147504]},"properties":{"id":"municipal-18370e7ad573b583","name":"湯の鶴温泉保健センターほたるの湯","nameEn":"","source":"https://data.bodik.jp/dataset/430005_04"}},{"type":"Feature","geometry":{"type":"Point","coordinates":[130.386736,32.202311]},"properties":{"id":"municipal-486188b124eae56b","name":"エコパーク水俣","nameEn":"","source":"https://data.bodik.jp/dataset/430005_04"}},{"type":"Feature","geometry":{"type":"Point","coordinates":[130.512409,32.364446]},"properties":{"id":"municipal-a3a6694793e5a076","name":"道の駅たのうら芦北町物産館肥後うらら","nameEn":"","source":"https://data.bodik.jp/dataset/430005_04"}},{"type":"Feature","geometry":{"type":"Point","coordinates":[130.502125,32.272714]},"properties":{"id":"municipal-429f8916793665ca","name":"ヘルシーパーク芦北","nameEn":"","source":"https://data.bodik.jp/dataset/430005_04"}},{"type":"Feature","geometry":{"type":"Point","coordinates":[130.499817,32.274655]},"properties":{"id":"municipal-1d97620c553d2e2e","name":"湯浦温泉センター","nameEn":"","source":"https://data.bodik.jp/dataset/430005_04"}},{"type":"Feature","geometry":{"type":"Point","coordinates":[130.456145,32.232464]},"properties":{"id":"municipal-f4b3ba9ad0837eaa","name":"つなぎ温泉四季彩","nameEn":"","source":"https://data.bodik.jp/dataset/430005_04"}},{"type":"Feature","geometry":{"type":"Point","coordinates":[130.45689,32.231708]},"properties":{"id":"municipal-6e85c67dc0cde0e2","name":"つなぎ町物産館グリーンゲイト","nameEn":"","source":"https://data.bodik.jp/dataset/430005_04"}},{"type":"Feature","geometry":{"type":"Point","coordinates":[130.522568,32.662287]},"properties":{"id":"municipal-cfb63d4022b556d4","name":"道の駅宇土マリーナおこしき館","nameEn":"","source":"https://data.bodik.jp/dataset/430005_04"}},{"type":"Feature","geometry":{"type":"Point","coordinates":[130.522568,32.662287]},"properties":{"id":"municipal-b40b14fe9e0dee5e","name":"海の駅宇土マリーナ","nameEn":"","source":"https://data.bodik.jp/dataset/430005_04"}},{"type":"Feature","geometry":{"type":"Point","coordinates":[130.4695,32.606643]},"properties":{"id":"municipal-e858ad2aac53f7bc","name":"サンサンうきっ子みすみ","nameEn":"","source":"https://data.bodik.jp/dataset/432130_tourism"}},{"type":"Feature","geometry":{"type":"Point","coordinates":[130.456005,32.622628]},"properties":{"id":"municipal-257c2bbafd354a72","name":"西港公園","nameEn":"","source":"https://data.bodik.jp/dataset/432130_tourism"}},{"type":"Feature","geometry":{"type":"Point","coordinates":[130.740134,32.644445]},"properties":{"id":"municipal-eee1be92d269f379","name":"アグリパーク豊野","nameEn":"","source":"https://data.bodik.jp/dataset/432130_tourism"}},{"type":"Feature","geometry":{"type":"Point","coordinates":[130.698292,32.651368]},"properties":{"id":"municipal-c150d80a1a3c1a34","name":"道の駅うきサンサンうきっ子宇城彩館","nameEn":"","source":"https://data.bodik.jp/dataset/430005_04"}},{"type":"Feature","geometry":{"type":"Point","coordinates":[130.669093,32.646902]},"properties":{"id":"municipal-6af1250a49226a44","name":"不知火美術館","nameEn":"","source":"https://data.bodik.jp/dataset/430005_04"}},{"type":"Feature","geometry":{"type":"Point","coordinates":[130.822952,32.622533]},"properties":{"id":"municipal-1ad65d1af91a0c06","name":"元湯佐俣の湯","nameEn":"","source":"https://data.bodik.jp/dataset/430005_04"}},{"type":"Feature","geometry":{"type":"Point","coordinates":[130.823236,32.623855]},"properties":{"id":"municipal-7f405fd5870381fb","name":"道の駅美里佐俣の湯","nameEn":"","source":"https://data.bodik.jp/dataset/430005_04"}},{"type":"Feature","geometry":{"type":"Point","coordinates":[130.800667,32.63102]},"properties":{"id":"municipal-65c0fcbbec641a96","name":"美里町カントリーパーク","nameEn":"","source":"https://data.bodik.jp/dataset/430005_04"}},{"type":"Feature","geometry":{"type":"Point","coordinates":[130.801239,32.714582]},"properties":{"id":"municipal-bb81c36208088235","name":"御船町恐竜博物館","nameEn":"","source":"https://data.bodik.jp/dataset/430005_04"}},{"type":"Feature","geometry":{"type":"Point","coordinates":[130.7964696,32.71166988]},"properties":{"id":"municipal-53b34ce3401daff8","name":"御船街なかギャラリー","nameEn":"","source":"https://data.bodik.jp/dataset/430005_04"}},{"type":"Feature","geometry":{"type":"Point","coordinates":[130.8017437,32.71416893]},"properties":{"id":"municipal-19dbe842e3feab37","name":"御船町観光交流センター","nameEn":"","source":"https://data.bodik.jp/dataset/430005_04"}},{"type":"Feature","geometry":{"type":"Point","coordinates":[130.77094,32.753544]},"properties":{"id":"municipal-83b8a4451cc29c2d","name":"湧水天然プール","nameEn":"","source":"https://data.bodik.jp/dataset/430005_04"}},{"type":"Feature","geometry":{"type":"Point","coordinates":[130.771389,32.746945]},"properties":{"id":"municipal-043e0d42dd538384","name":"よかよかうまかとれたて市場","nameEn":"","source":"https://data.bodik.jp/dataset/430005_04"}},{"type":"Feature","geometry":{"type":"Point","coordinates":[130.820045,32.789352]},"properties":{"id":"municipal-84822051866e80f3","name":"益城町文化会館","nameEn":"","source":"https://data.bodik.jp/dataset/430005_04"}},{"type":"Feature","geometry":{"type":"Point","coordinates":[130.9934545,32.68166296]},"properties":{"id":"municipal-ad3f291bb3f90a6a","name":"通潤橋","nameEn":"","source":"https://data.bodik.jp/dataset/430005_04"}},{"type":"Feature","geometry":{"type":"Point","coordinates":[130.920173,32.735084]},"properties":{"id":"municipal-3fe0a0e661e54d45","name":"矢部サンバレーカントリークラブ","nameEn":"","source":"https://data.bodik.jp/dataset/430005_04"}},{"type":"Feature","geometry":{"type":"Point","coordinates":[130.991991,32.680109]},"properties":{"id":"municipal-386fe1c303a63fc6","name":"通潤温泉通潤山荘","nameEn":"","source":"https://data.bodik.jp/dataset/430005_04"}},{"type":"Feature","geometry":{"type":"Point","coordinates":[130.991913,32.680983]},"properties":{"id":"municipal-d442ab1d55493e0b","name":"道の駅通潤橋","nameEn":"","source":"https://data.bodik.jp/dataset/430005_04"}},{"type":"Feature","geometry":{"type":"Point","coordinates":[131.163449,32.726634]},"properties":{"id":"municipal-9e5ffda0dce1d3ba","name":"道の駅そよ風パーク","nameEn":"","source":"https://data.bodik.jp/dataset/430005_04"}},{"type":"Feature","geometry":{"type":"Point","coordinates":[130.0254595,32.31662941]},"properties":{"id":"municipal-7ea483f6f33f6b19","name":"﨑津集落ガイダンスセンター","nameEn":"Sakitsu Tourist Information Center","source":"https://data.bodik.jp/dataset/432156_amakusa011"}},{"type":"Feature","geometry":{"type":"Point","coordinates":[129.9935849,32.33493491]},"properties":{"id":"municipal-48ec1aa051b66097","name":"天草ロザリオ館","nameEn":"Amakusa Rosary Museum","source":"https://data.bodik.jp/dataset/432156_amakusa011"}},{"type":"Feature","geometry":{"type":"Point","coordinates":[130.0821112,32.31516517]},"properties":{"id":"municipal-e006a0c897634365","name":"天草コレジヨ館","nameEn":"Amakusa Collegio Museum","source":"https://data.bodik.jp/dataset/432156_amakusa011"}},{"type":"Feature","geometry":{"type":"Point","coordinates":[130.1841109,32.45993239]},"properties":{"id":"municipal-25b9d224f3889d54","name":"天草キリシタン館","nameEn":"Amakusa Christian Museum","source":"https://data.bodik.jp/dataset/432156_amakusa011"}},{"type":"Feature","geometry":{"type":"Point","coordinates":[130.3057015,32.50552557]},"properties":{"id":"municipal-a2a3c8f0e641f6cb","name":"道の駅有明・リップルランド","nameEn":"Road Station Ariake Ripple Land","source":"https://data.bodik.jp/dataset/432156_amakusa011"}},{"type":"Feature","geometry":{"type":"Point","coordinates":[130.1305705,32.54553968]},"properties":{"id":"municipal-f3ddc4395d496513","name":"道の駅天草市イルカセンター","nameEn":"Road Station Amakusa City Dolphin Center","source":"https://data.bodik.jp/dataset/432156_amakusa011"}},{"type":"Feature","geometry":{"type":"Point","coordinates":[130.3076285,32.50758862]},"properties":{"id":"municipal-bfc5b8e4478d2b35","name":"四郎ヶ浜ビーチ","nameEn":"Shiroga-hama Beach","source":"https://data.bodik.jp/dataset/432156_amakusa011"}},{"type":"Feature","geometry":{"type":"Point","coordinates":[130.1954203,32.51276152]},"properties":{"id":"municipal-3fd337ad4fe4a66c","name":"黒崎海水浴場","nameEn":"Kurosaki Beach","source":"https://data.bodik.jp/dataset/432156_amakusa011"}},{"type":"Feature","geometry":{"type":"Point","coordinates":[130.192364,32.53719961]},"properties":{"id":"municipal-fc2fa1634efebc99","name":"若宮公園海水浴場","nameEn":"Wakamiya Park Beach","source":"https://data.bodik.jp/dataset/432156_amakusa011"}},{"type":"Feature","geometry":{"type":"Point","coordinates":[129.9948106,32.38079656]},"properties":{"id":"municipal-bc171f3b91af634f","name":"白鶴浜海水浴場","nameEn":"Shiratsuru-hama Beach","source":"https://data.bodik.jp/dataset/432156_amakusa011"}},{"type":"Feature","geometry":{"type":"Point","coordinates":[130.0112688,32.42480855]},"properties":{"id":"municipal-9dda25a3aed26de0","name":"下田温泉センター白鷺館","nameEn":"Shirasagi-kan","source":"https://data.bodik.jp/dataset/432156_amakusa011"}},{"type":"Feature","geometry":{"type":"Point","coordinates":[130.3058691,32.50511341]},"properties":{"id":"municipal-a69bbf0eba512d30","name":"有明温泉センターさざ波の湯","nameEn":"Sazanami no Yu","source":"https://data.bodik.jp/dataset/432156_amakusa011"}},{"type":"Feature","geometry":{"type":"Point","coordinates":[130.0740156,32.32952714]},"properties":{"id":"municipal-19d0122479ec2bf2","name":"天草市総合交流施設愛夢里","nameEn":"Amuri","source":"https://data.bodik.jp/dataset/432156_amakusa011"}},{"type":"Feature","geometry":{"type":"Point","coordinates":[130.206614,32.4721962]},"properties":{"id":"municipal-9dde9b74ae329494","name":"ペルラの湯舟","nameEn":"Perla no Yubune","source":"https://data.bodik.jp/dataset/432156_amakusa011"}},{"type":"Feature","geometry":{"type":"Point","coordinates":[130.0095271,32.42340249]},"properties":{"id":"municipal-5235a131ff439e5c","name":"下田温泉五足の湯","nameEn":"Gossoku-no-yu","source":"https://data.bodik.jp/dataset/432156_amakusa011"}},{"type":"Feature","geometry":{"type":"Point","coordinates":[130.2014405,32.45012417]},"properties":{"id":"municipal-f224d2d58a64aa0d","name":"天草プリンスホテル","nameEn":"Amakusa Prince Hotel","source":"https://data.bodik.jp/dataset/432156_amakusa011"}},{"type":"Feature","geometry":{"type":"Point","coordinates":[130.203999,32.44238334]},"properties":{"id":"municipal-51a6cdb72b07daa3","name":"アマクササンタカミングホテル","nameEn":"Amakusa Santa Coming Hotel","source":"https://data.bodik.jp/dataset/432156_amakusa011"}},{"type":"Feature","geometry":{"type":"Point","coordinates":[130.1937316,32.45510942]},"properties":{"id":"municipal-853bf5ff33dd2718","name":"天草プラザホテル","nameEn":"Amakusa Plaza Hotel","source":"https://data.bodik.jp/dataset/432156_amakusa011"}},{"type":"Feature","geometry":{"type":"Point","coordinates":[130.1876203,32.45596758]},"properties":{"id":"municipal-98ddc2c44bd1698f","name":"栄美屋旅館","nameEn":"Emiya Ryokan","source":"https://data.bodik.jp/dataset/432156_amakusa011"}},{"type":"Feature","geometry":{"type":"Point","coordinates":[130.197864,32.45547456]},"properties":{"id":"municipal-e244c073064d6391","name":"和み宿新和荘海心","nameEn":"Hotel Kai-shin","source":"https://data.bodik.jp/dataset/432156_amakusa011"}},{"type":"Feature","geometry":{"type":"Point","coordinates":[130.1945285,32.45450155]},"properties":{"id":"municipal-78008f8555573a0f","name":"ホテルサンロード","nameEn":"Hotel Sunroad","source":"https://data.bodik.jp/dataset/432156_amakusa011"}},{"type":"Feature","geometry":{"type":"Point","coordinates":[130.1974757,32.45066145]},"properties":{"id":"municipal-c9313b2957c9cc16","name":"プラザホテルアネックス","nameEn":"Plaza Hotel Annex","source":"https://data.bodik.jp/dataset/432156_amakusa011"}},{"type":"Feature","geometry":{"type":"Point","coordinates":[130.1973785,32.45021258]},"properties":{"id":"municipal-1520ad5f636bb15f","name":"プラザホテルベルメゾン","nameEn":"Plaza Hotel Bell Maison","source":"https://data.bodik.jp/dataset/432156_amakusa011"}},{"type":"Feature","geometry":{"type":"Point","coordinates":[130.1894015,32.45666127]},"properties":{"id":"municipal-243a753fd2742eba","name":"花菱旅館","nameEn":"Hanabishi Ryokan","source":"https://data.bodik.jp/dataset/432156_amakusa011"}},{"type":"Feature","geometry":{"type":"Point","coordinates":[130.1875025,32.45954732]},"properties":{"id":"municipal-fdbde00f9cfa9ea4","name":"松屋旅館","nameEn":"Matsuya Ryokan","source":"https://data.bodik.jp/dataset/432156_amakusa011"}},{"type":"Feature","geometry":{"type":"Point","coordinates":[130.2141401,32.45498957]},"properties":{"id":"municipal-da8f053b5d7c7fbb","name":"ホテル河丁","nameEn":"Hotel Kawacho","source":"https://data.bodik.jp/dataset/432156_amakusa011"}},{"type":"Feature","geometry":{"type":"Point","coordinates":[130.1884651,32.45468657]},"properties":{"id":"municipal-b0333c0b545345c1","name":"浜屋旅館","nameEn":"Hamaya Ryokan","source":"https://data.bodik.jp/dataset/432156_amakusa011"}},{"type":"Feature","geometry":{"type":"Point","coordinates":[130.188617,32.46036835]},"properties":{"id":"municipal-105bb5c6327e9cdc","name":"旅館光泉閣","nameEn":"Ryokan Kousenkaku","source":"https://data.bodik.jp/dataset/432156_amakusa011"}},{"type":"Feature","geometry":{"type":"Point","coordinates":[130.1935006,32.45304134]},"properties":{"id":"municipal-d6b1198152cb31ad","name":"三葉旅館","nameEn":"Mithiba Ryokan","source":"https://data.bodik.jp/dataset/432156_amakusa011"}},{"type":"Feature","geometry":{"type":"Point","coordinates":[130.1890264,32.46075572]},"properties":{"id":"municipal-464cad7e4a286de6","name":"寿恵荘","nameEn":"Ryokan Sue-so","source":"https://data.bodik.jp/dataset/432156_amakusa011"}},{"type":"Feature","geometry":{"type":"Point","coordinates":[130.2033904,32.44511669]},"properties":{"id":"municipal-a2e6cfeb7a492644","name":"民宿亀泉荘","nameEn":"Minshuku Kisen-so","source":"https://data.bodik.jp/dataset/432156_amakusa011"}},{"type":"Feature","geometry":{"type":"Point","coordinates":[130.187629,32.46138753]},"properties":{"id":"municipal-4e860185fba2656e","name":"民宿花月","nameEn":"Minshuku Kagetsu","source":"https://data.bodik.jp/dataset/432156_amakusa011"}},{"type":"Feature","geometry":{"type":"Point","coordinates":[130.1963834,32.45128434]},"properties":{"id":"municipal-fdf08a9d97e1ff7a","name":"ビジネス民宿パール","nameEn":"Minshuku Pearl","source":"https://data.bodik.jp/dataset/432156_amakusa011"}},{"type":"Feature","geometry":{"type":"Point","coordinates":[130.1949284,32.45390865]},"properties":{"id":"municipal-9a09099aacea7409","name":"B&Cホテル","nameEn":"B&C Hotel","source":"https://data.bodik.jp/dataset/432156_amakusa011"}},{"type":"Feature","geometry":{"type":"Point","coordinates":[130.2023279,32.44475942]},"properties":{"id":"municipal-5e3c3815d5e8b5bf","name":"エコホテルアシスト","nameEn":"Eco-Hotel Assist","source":"https://data.bodik.jp/dataset/432156_amakusa011"}},{"type":"Feature","geometry":{"type":"Point","coordinates":[130.1945845,32.46509808]},"properties":{"id":"municipal-19094b94a379b6dd","name":"天草ゲストハウスCHELSEA","nameEn":"Amakusa Guesthouse CHELSEA","source":"https://data.bodik.jp/dataset/432156_amakusa011"}},{"type":"Feature","geometry":{"type":"Point","coordinates":[130.1880233,32.46123771]},"properties":{"id":"municipal-631e4306c224431d","name":"ビジネスホテル花乃月","nameEn":"Business Hotel Hananotsuki","source":"https://data.bodik.jp/dataset/432156_amakusa011"}},{"type":"Feature","geometry":{"type":"Point","coordinates":[130.1332503,32.54170484]},"properties":{"id":"municipal-2bbd90f03546e4a6","name":"天草民宿竹内","nameEn":"Minshuku Takeuchi","source":"https://data.bodik.jp/dataset/432156_amakusa011"}},{"type":"Feature","geometry":{"type":"Point","coordinates":[130.1889572,32.51359882]},"properties":{"id":"municipal-aca743848ca2ae58","name":"若松屋旅館","nameEn":"Wakamatsuya Ryokan","source":"https://data.bodik.jp/dataset/432156_amakusa011"}},{"type":"Feature","geometry":{"type":"Point","coordinates":[130.1249861,32.54677382]},"properties":{"id":"municipal-e2c26fc671182a47","name":"民宿泉","nameEn":"Minshuku Izumi","source":"https://data.bodik.jp/dataset/432156_amakusa011"}},{"type":"Feature","geometry":{"type":"Point","coordinates":[130.1863812,32.5471597]},"properties":{"id":"municipal-e9e8c3c6d3688322","name":"民宿光浜荘","nameEn":"Minshuku Mitsuhama-so","source":"https://data.bodik.jp/dataset/432156_amakusa011"}},{"type":"Feature","geometry":{"type":"Point","coordinates":[130.0072508,32.42427871]},"properties":{"id":"municipal-6c428646bcc4153d","name":"望洋閣","nameEn":"Boyokaku","source":"https://data.bodik.jp/dataset/432156_amakusa011"}},{"type":"Feature","geometry":{"type":"Point","coordinates":[130.0116356,32.42486562]},"properties":{"id":"municipal-48fb8fefd49f8ea5","name":"湯本の荘夢ほたる","nameEn":"Yumehotaru","source":"https://data.bodik.jp/dataset/432156_amakusa011"}},{"type":"Feature","geometry":{"type":"Point","coordinates":[130.010974,32.42432555]},"properties":{"id":"municipal-b4dde74be334a251","name":"味の宿海王亭","nameEn":"Kaiotei","source":"https://data.bodik.jp/dataset/432156_amakusa011"}},{"type":"Feature","geometry":{"type":"Point","coordinates":[130.0089602,32.42400614]},"properties":{"id":"municipal-b6cfe605953f6e19","name":"くつろぎの宿マルコ","nameEn":"Maruko","source":"https://data.bodik.jp/dataset/432156_amakusa011"}},{"type":"Feature","geometry":{"type":"Point","coordinates":[130.0108124,32.42418811]},"properties":{"id":"municipal-9c2989603a6c4c6d","name":"旅館伊賀屋","nameEn":"Ryokan Igaya","source":"https://data.bodik.jp/dataset/432156_amakusa011"}},{"type":"Feature","geometry":{"type":"Point","coordinates":[130.0106501,32.42439578]},"properties":{"id":"municipal-3a2fd849e7ccc8a6","name":"泉屋旅館","nameEn":"Isumiya Ryokan","source":"https://data.bodik.jp/dataset/432156_amakusa011"}},{"type":"Feature","geometry":{"type":"Point","coordinates":[130.0106754,32.42411086]},"properties":{"id":"municipal-b345a2615d430115","name":"富士廣旅館","nameEn":"Fujihiro Ryokan","source":"https://data.bodik.jp/dataset/432156_amakusa011"}},{"type":"Feature","geometry":{"type":"Point","coordinates":[130.0108656,32.42471348]},"properties":{"id":"municipal-f34f8deedf50619d","name":"群芳閣ガラシャ","nameEn":"Garasya","source":"https://data.bodik.jp/dataset/432156_amakusa011"}},{"type":"Feature","geometry":{"type":"Point","coordinates":[130.0104837,32.42377234]},"properties":{"id":"municipal-428e28cb0f7fe8d3","name":"旅の宿湯の華","nameEn":"Yunohana","source":"https://data.bodik.jp/dataset/432156_amakusa011"}},{"type":"Feature","geometry":{"type":"Point","coordinates":[130.0123412,32.42495203]},"properties":{"id":"municipal-1e7988bc44b7a762","name":"湯の郷くれよん","nameEn":"Yunosato Crayon","source":"https://data.bodik.jp/dataset/432156_amakusa011"}},{"type":"Feature","geometry":{"type":"Point","coordinates":[130.0103808,32.42416739]},"properties":{"id":"municipal-ced7eb8493564bf4","name":"民宿ふくまつ","nameEn":"Minshuku Fukumatsu","source":"https://data.bodik.jp/dataset/432156_amakusa011"}},{"type":"Feature","geometry":{"type":"Point","coordinates":[129.994872,32.32440564]},"properties":{"id":"municipal-9361ce70a7630c00","name":"平野屋旅館","nameEn":"Hiranoya Ryokan","source":"https://data.bodik.jp/dataset/432156_amakusa011"}},{"type":"Feature","geometry":{"type":"Point","coordinates":[129.9948171,32.3243858]},"properties":{"id":"municipal-0aad695babe39a5d","name":"民宿磯や","nameEn":"Minshuku Isoya","source":"https://data.bodik.jp/dataset/432156_amakusa011"}},{"type":"Feature","geometry":{"type":"Point","coordinates":[130.0042869,32.40239993]},"properties":{"id":"municipal-48d74f1a6531f602","name":"民宿小田床","nameEn":"Minshuku Kozatoko","source":"https://data.bodik.jp/dataset/432156_amakusa011"}},{"type":"Feature","geometry":{"type":"Point","coordinates":[130.0044952,32.41018869]},"properties":{"id":"municipal-382cb822e55fd89a","name":"天草西海岸HolidayPark風来望","nameEn":"Holiday Park Fuuraibou","source":"https://data.bodik.jp/dataset/432156_amakusa011"}},{"type":"Feature","geometry":{"type":"Point","coordinates":[129.9956463,32.37531776]},"properties":{"id":"municipal-4496137f565cb552","name":"茶碗屋旅館","nameEn":"Chawanya Ryokan","source":"https://data.bodik.jp/dataset/432156_amakusa011"}},{"type":"Feature","geometry":{"type":"Point","coordinates":[130.0768927,32.33150201]},"properties":{"id":"municipal-3b6db13fa628e0f0","name":"山口屋旅館","nameEn":"Yamaguchiya Ryokan","source":"https://data.bodik.jp/dataset/432156_amakusa011"}},{"type":"Feature","geometry":{"type":"Point","coordinates":[130.0775657,32.33518163]},"properties":{"id":"municipal-d6dc9ec64d31d922","name":"梅屋旅館","nameEn":"Umeya Ryokan","source":"https://data.bodik.jp/dataset/432156_amakusa011"}},{"type":"Feature","geometry":{"type":"Point","coordinates":[130.04041,32.31042]},"properties":{"id":"municipal-f0ade49add4de3fb","name":"河浦海上コテージ","nameEn":"Kawaura Ocean Cottage","source":"https://data.bodik.jp/dataset/432156_amakusa011"}},{"type":"Feature","geometry":{"type":"Point","coordinates":[130.3246793,32.51853205]},"properties":{"id":"municipal-c9b1ca9e2818099e","name":"民宿秀丸荘","nameEn":"Minshuku Hidemaru-so","source":"https://data.bodik.jp/dataset/432156_amakusa011"}},{"type":"Feature","geometry":{"type":"Point","coordinates":[130.3036044,32.5051808]},"properties":{"id":"municipal-0955384e8c3dc3f3","name":"民宿マリンメイツ四郎ヶ浜荘","nameEn":"Minshuku Marine Mates Shirogahama-so","source":"https://data.bodik.jp/dataset/432156_amakusa011"}},{"type":"Feature","geometry":{"type":"Point","coordinates":[130.3706762,32.52280023]},"properties":{"id":"municipal-9ffbbdb1d5908606","name":"民宿あさひ荘","nameEn":"Minshuku Asahi-so","source":"https://data.bodik.jp/dataset/432156_amakusa011"}},{"type":"Feature","geometry":{"type":"Point","coordinates":[129.9954944,32.37897857]},"properties":{"id":"municipal-8878157951fbc286","name":"白鶴浜SunsetCaf?キャンプ場","nameEn":"Shiratsuruhama Sunset Caf? Campground","source":"https://data.bodik.jp/dataset/432156_amakusa011"}},{"type":"Feature","geometry":{"type":"Point","coordinates":[130.18939,32.46844]},"properties":{"id":"municipal-627c11b4335b0ac9","name":"ゲストハウス精華","nameEn":"Guesthouse Seika","source":"https://data.bodik.jp/dataset/432156_amakusa011"}},{"type":"Feature","geometry":{"type":"Point","coordinates":[130.35937,32.52038]},"properties":{"id":"municipal-4f916a87f4647b24","name":"Lit天草","nameEn":"Lit Amakusa","source":"https://data.bodik.jp/dataset/432156_amakusa011"}},{"type":"Feature","geometry":{"type":"Point","coordinates":[130.25152,32.47006]},"properties":{"id":"municipal-4542f689681f0b23","name":"ShimagoSurfrider天草","nameEn":"Shimago Surfrider Amakusa","source":"https://data.bodik.jp/dataset/432156_amakusa011"}},{"type":"Feature","geometry":{"type":"Point","coordinates":[129.9956,32.38171]},"properties":{"id":"municipal-7062b4d8b0747b0a","name":"天草西海岸ゲストハウスタイドプール","nameEn":"Guesthouse tidepool","source":"https://data.bodik.jp/dataset/432156_amakusa011"}},{"type":"Feature","geometry":{"type":"Point","coordinates":[130.02437,32.31639]},"properties":{"id":"municipal-d2d7e8e1fefbb6be","name":"﨑津ハウスTAMA","nameEn":"Sakitsuhouse Tama","source":"https://data.bodik.jp/dataset/432156_amakusa011"}},{"type":"Feature","geometry":{"type":"Point","coordinates":[130.02381,32.31404]},"properties":{"id":"municipal-ac37507fdb665a82","name":"﨑津ハウスSEI","nameEn":"Sakitsuhouse Sei","source":"https://data.bodik.jp/dataset/432156_amakusa011"}},{"type":"Feature","geometry":{"type":"Point","coordinates":[130.02564,32.31078]},"properties":{"id":"municipal-bc7db1d7742b7283","name":"﨑津ハウスZANN","nameEn":"Sakitsuhouse Zan","source":"https://data.bodik.jp/dataset/432156_amakusa011"}},{"type":"Feature","geometry":{"type":"Point","coordinates":[130.698292,32.651368]},"properties":{"id":"municipal-840dcacc9c5b912a","name":"道の駅うきサンサンうきっ子宇城彩館","nameEn":"","source":"https://data.bodik.jp/dataset/432130_tourism"}},{"type":"Feature","geometry":{"type":"Point","coordinates":[130.669139,32.64693]},"properties":{"id":"municipal-d82bf2183f052079","name":"宇城市立図書館","nameEn":"UKI CITY LIBRARY","source":"https://data.bodik.jp/dataset/432130_tourism"}},{"type":"Feature","geometry":{"type":"Point","coordinates":[130.470838,32.61283]},"properties":{"id":"municipal-5e86b643ce40d940","name":"宇城市立図書館三角分館","nameEn":"","source":"https://data.bodik.jp/dataset/432130_tourism"}},{"type":"Feature","geometry":{"type":"Point","coordinates":[130.749503,32.639097]},"properties":{"id":"municipal-f1f21293c12b623a","name":"宇城市立図書館豊野分館","nameEn":"","source":"https://data.bodik.jp/dataset/432130_tourism"}},{"type":"Feature","geometry":{"type":"Point","coordinates":[130.669139,32.64693]},"properties":{"id":"municipal-27ba10a7cb0b75a3","name":"宇城市不知火美術館","nameEn":"SHIRANUHI ART MUSEUM","source":"https://data.bodik.jp/dataset/432130_tourism"}},{"type":"Feature","geometry":{"type":"Point","coordinates":[130.75317,32.640504]},"properties":{"id":"municipal-569e8c8099adfd2a","name":"宇城市立郷土資料館","nameEn":"","source":"https://data.bodik.jp/dataset/432130_tourism"}},{"type":"Feature","geometry":{"type":"Point","coordinates":[130.680463,32.624891]},"properties":{"id":"municipal-0e0e22eae4e1cf34","name":"豊川グラウンド","nameEn":"","source":"https://data.bodik.jp/dataset/432130_tourism"}},{"type":"Feature","geometry":{"type":"Point","coordinates":[130.679986,32.649521]},"properties":{"id":"municipal-0c7974bc52040d32","name":"宇城市松橋グラウンドゴルフ場","nameEn":"","source":"https://data.bodik.jp/dataset/432130_tourism"}},{"type":"Feature","geometry":{"type":"Point","coordinates":[130.678296,32.651584]},"properties":{"id":"municipal-d76e479ccafd9267","name":"宇城市インダストリアル研修館","nameEn":"","source":"https://data.bodik.jp/dataset/432130_tourism"}},{"type":"Feature","geometry":{"type":"Point","coordinates":[130.48804,32.651584]},"properties":{"id":"municipal-f287b2d0f41545ea","name":"宇城市三角B＆G海洋センター体育館","nameEn":"","source":"https://data.bodik.jp/dataset/432130_tourism"}},{"type":"Feature","geometry":{"type":"Point","coordinates":[130.48804,32.651584]},"properties":{"id":"municipal-60c443f5cd5a0380","name":"宇城市三角B＆G海洋センタープール","nameEn":"","source":"https://data.bodik.jp/dataset/432130_tourism"}},{"type":"Feature","geometry":{"type":"Point","coordinates":[130.993509,32.681717]},"properties":{"id":"municipal-dde03d78e388618f","name":"通潤橋","nameEn":"","source":"https://data.bodik.jp/dataset/434477_tourism"}},{"type":"Feature","geometry":{"type":"Point","coordinates":[130.992179,32.680941]},"properties":{"id":"municipal-11973e04f22c6b02","name":"通潤橋史料館","nameEn":"","source":"https://data.bodik.jp/dataset/434477_tourism"}},{"type":"Feature","geometry":{"type":"Point","coordinates":[130.983534,32.684137]},"properties":{"id":"municipal-7666a901ef3e34de","name":"浜町橋","nameEn":"","source":"https://data.bodik.jp/dataset/434477_tourism"}},{"type":"Feature","geometry":{"type":"Point","coordinates":[130.95026,32.731166]},"properties":{"id":"municipal-eab193ac89fa10c7","name":"金内橋","nameEn":"","source":"https://data.bodik.jp/dataset/434477_tourism"}},{"type":"Feature","geometry":{"type":"Point","coordinates":[130.988915,32.683693]},"properties":{"id":"municipal-26b6114ba545fc73","name":"山都町観光文化交流館（やまと文化の森）","nameEn":"","source":"https://data.bodik.jp/dataset/434477_tourism"}},{"type":"Feature","geometry":{"type":"Point","coordinates":[130.991705,32.681513]},"properties":{"id":"municipal-754eb8bdb30fe7de","name":"通潤橋ミエルテラス","nameEn":"","source":"https://data.bodik.jp/dataset/434477_tourism"}},{"type":"Feature","geometry":{"type":"Point","coordinates":[131.167187,32.72749]},"properties":{"id":"municipal-b1a4a75ffadbc2f3","name":"道の駅「そよ風パーク」","nameEn":"","source":"https://data.bodik.jp/dataset/434477_tourism"}},{"type":"Feature","geometry":{"type":"Point","coordinates":[130.991938,32.680305]},"properties":{"id":"municipal-dbb826b3dbde07e5","name":"通潤山荘","nameEn":"","source":"https://data.bodik.jp/dataset/434477_tourism"}},{"type":"Feature","geometry":{"type":"Point","coordinates":[131.163435,32.726764]},"properties":{"id":"municipal-2d502a90fcfa2ebc","name":"ホテルウィンディ","nameEn":"","source":"https://data.bodik.jp/dataset/434477_tourism"}},{"type":"Feature","geometry":{"type":"Point","coordinates":[130.994992,32.681089]},"properties":{"id":"municipal-946744e4aa871bed","name":"五老ヶ滝","nameEn":"","source":"https://data.bodik.jp/dataset/434477_tourism"}},{"type":"Feature","geometry":{"type":"Point","coordinates":[130.9901847,32.68862739]},"properties":{"id":"municipal-88612547b3af3b2e","name":"道の駅「通潤橋」","nameEn":"","source":"https://data.bodik.jp/dataset/434477_tourism"}},{"type":"Feature","geometry":{"type":"Point","coordinates":[130.512182,32.364348]},"properties":{"id":"municipal-8a10e38a5f659e9f","name":"芦北町物産館「肥後うらら」","nameEn":"","source":"https://data.bodik.jp/dataset/434825_tourism"}},{"type":"Feature","geometry":{"type":"Point","coordinates":[130.512568,32.364566]},"properties":{"id":"municipal-9c50376a660b4cfa","name":"道の駅たのうら","nameEn":"","source":"https://data.bodik.jp/dataset/434825_tourism"}},{"type":"Feature","geometry":{"type":"Point","coordinates":[130.500117,32.271558]},"properties":{"id":"municipal-b6e9ee308b7bf49f","name":"芦北町立星野冨弘美術館","nameEn":"HOSHINO TOMIHIRO MUSEUM OF ART ･ ASHIKITA","source":"https://data.bodik.jp/dataset/434825_tourism"}},{"type":"Feature","geometry":{"type":"Point","coordinates":[130.499779,32.274633]},"properties":{"id":"municipal-6f54d4bf6be08bae","name":"湯浦温泉センター","nameEn":"","source":"https://data.bodik.jp/dataset/434825_tourism"}},{"type":"Feature","geometry":{"type":"Point","coordinates":[130.502048,32.272606]},"properties":{"id":"municipal-f9b7fc6fc4a8628a","name":"湯浦温泉観光センター","nameEn":"","source":"https://data.bodik.jp/dataset/434825_tourism"}},{"type":"Feature","geometry":{"type":"Point","coordinates":[130.500509,32.275711]},"properties":{"id":"municipal-794738e682efacbc","name":"亀井荘","nameEn":"宿泊","source":"https://data.bodik.jp/dataset/434825_tourism"}},{"type":"Feature","geometry":{"type":"Point","coordinates":[130.499039,32.28145]},"properties":{"id":"municipal-5841388a97961d66","name":"別邸わんこ日和","nameEn":"宿泊","source":"https://data.bodik.jp/dataset/434825_tourism"}},{"type":"Feature","geometry":{"type":"Point","coordinates":[130.490944,32.297757]},"properties":{"id":"municipal-0617ead8270014ef","name":"StayInnN","nameEn":"Stay　Inn　N","source":"https://data.bodik.jp/dataset/434825_tourism"}},{"type":"Feature","geometry":{"type":"Point","coordinates":[130.493905,32.293585]},"properties":{"id":"municipal-3e1cedd5f99402a2","name":"HOTELAZ芦北店","nameEn":"宿泊","source":"https://data.bodik.jp/dataset/434825_tourism"}},{"type":"Feature","geometry":{"type":"Point","coordinates":[130.502746,32.30299]},"properties":{"id":"municipal-9f0e067725c95a8a","name":"国史跡指定佐敷城跡","nameEn":"史跡","source":"https://data.bodik.jp/dataset/434825_tourism"}},{"type":"Feature","geometry":{"type":"Point","coordinates":[131.3913148,32.9666955]},"properties":{"id":"municipal-18bb8611f69cfb2e","name":"瀧廉太郎記念館","nameEn":"","source":"https://data.bodik.jp/dataset/442089_touristfacilities"}},{"type":"Feature","geometry":{"type":"Point","coordinates":[131.3917648,32.971492]},"properties":{"id":"municipal-a1b8ac62c3d03aff","name":"竹田温泉花水月","nameEn":"","source":"https://data.bodik.jp/dataset/442089_touristfacilities"}},{"type":"Feature","geometry":{"type":"Point","coordinates":[136.115411,33.892618]},"properties":{"id":"municipal-253d846e0bf458cc","name":"鬼ヶ城センター(熊野市鬼ヶ城センター複合施設)","nameEn":"onigajo center","source":"https://data.bodik.jp/dataset/242128_tourism"}},{"type":"Feature","geometry":{"type":"Point","coordinates":[136.092227,33.878983]},"properties":{"id":"municipal-165c28b7c82a1845","name":"道の駅熊野・花の窟（熊野市花の窟活性化施設）","nameEn":"michi no eki rest area kumano hana no iwaya","source":"https://data.bodik.jp/dataset/242128_tourism"}},{"type":"Feature","geometry":{"type":"Point","coordinates":[136.103979,33.890308]},"properties":{"id":"municipal-482bfbb5c0403d92","name":"熊野古道おもてなし館（熊野市誘客・周遊拠点施設）","nameEn":"kumano kodo omotenashi-kan","source":"https://data.bodik.jp/dataset/242128_tourism"}},{"type":"Feature","geometry":{"type":"Point","coordinates":[136.099427,33.889707]},"properties":{"id":"municipal-4ce4b7583cb7b000","name":"熊野市駅前特産品館","nameEn":"kumanoshi-ekimae tokusanhin-kan","source":"https://data.bodik.jp/dataset/242128_tourism"}},{"type":"Feature","geometry":{"type":"Point","coordinates":[136.099425,33.889499]},"properties":{"id":"municipal-aadc0013a637760c","name":"熊野市観光案内所（熊野市駅前観光拠点施設）","nameEn":"kumanoshi tourist information center","source":"https://data.bodik.jp/dataset/242128_tourism"}},{"type":"Feature","geometry":{"type":"Point","coordinates":[135.89917,33.871281]},"properties":{"id":"municipal-4dc2bbeea0064e2c","name":"湯元山荘湯ノ口温泉","nameEn":"yumotosansou yunokutionsen","source":"https://data.bodik.jp/dataset/242128_tourism"}},{"type":"Feature","geometry":{"type":"Point","coordinates":[135.915759,33.876548]},"properties":{"id":"municipal-64f54a689a41c59a","name":"道の駅熊野・板屋九郎兵衛の里","nameEn":"mitinoeki kumanoitayakurobeenosato","source":"https://data.bodik.jp/dataset/242128_tourism"}},{"type":"Feature","geometry":{"type":"Point","coordinates":[130.81696,32.791275]},"properties":{"id":"municipal-1c7c17a47887f21d","name":"益城町復興まちづくりセンター","nameEn":"","source":"https://data.bodik.jp/dataset/434434_tourism"}},{"type":"Feature","geometry":{"type":"Point","coordinates":[130.862148,32.802857]},"properties":{"id":"municipal-fa145fdb84d825fb","name":"潮井自然公園","nameEn":"","source":"https://data.bodik.jp/dataset/434434_tourism"}},{"type":"Feature","geometry":{"type":"Point","coordinates":[130.869427,32.815241]},"properties":{"id":"municipal-42fde5182688d03b","name":"益城町四賢婦人記念館","nameEn":"","source":"https://data.bodik.jp/dataset/434434_tourism"}},{"type":"Feature","geometry":{"type":"Point","coordinates":[130.859088,32.804828]},"properties":{"id":"municipal-7535625eac908e98","name":"国天然記念物布田川断層帯（堂園）","nameEn":"","source":"https://data.bodik.jp/dataset/434434_tourism"}},{"type":"Feature","geometry":{"type":"Point","coordinates":[130.457031,32.232161]},"properties":{"id":"municipal-270f7945591e8e22","name":"つなぎ温泉四季彩","nameEn":"Tsunagi hot spring shikisai","source":"https://data.bodik.jp/dataset/434841_open5"}},{"type":"Feature","geometry":{"type":"Point","coordinates":[130.457867,32.231558]},"properties":{"id":"municipal-d98ef0a41d2e4df9","name":"つなぎ美術館","nameEn":"Tsunagi art ｍuseum","source":"https://data.bodik.jp/dataset/434841_open5"}},{"type":"Feature","geometry":{"type":"Point","coordinates":[130.456794,32.231662]},"properties":{"id":"municipal-2d8b5561eb61a364","name":"つなぎ百貨堂","nameEn":"Tsunagi department store","source":"https://data.bodik.jp/dataset/434841_open5"}},{"type":"Feature","geometry":{"type":"Point","coordinates":[130.459975,32.233986]},"properties":{"id":"municipal-bd869cebaad9998a","name":"舞鶴城公園","nameEn":"Maizuru Castle Park","source":"https://data.bodik.jp/dataset/434841_open5"}},{"type":"Feature","geometry":{"type":"Point","coordinates":[130.439579,32.235755]},"properties":{"id":"municipal-59382c70024537be","name":"達仏","nameEn":"Buddhahood","source":"https://data.bodik.jp/dataset/434841_open5"}},{"type":"Feature","geometry":{"type":"Point","coordinates":[130.439343,32.234983]},"properties":{"id":"municipal-e424836e690e6e25","name":"石霊の森","nameEn":"Stone Sprit Forest","source":"https://data.bodik.jp/dataset/434841_open5"}},{"type":"Feature","geometry":{"type":"Point","coordinates":[130.458983,32.233309]},"properties":{"id":"municipal-4a426306c0223461","name":"重盤岩","nameEn":"heavy rock","source":"https://data.bodik.jp/dataset/434841_open5"}},{"type":"Feature","geometry":{"type":"Point","coordinates":[130.439553,32.233718]},"properties":{"id":"municipal-970b5ec9317a8d67","name":"若い女","nameEn":"young woman","source":"https://data.bodik.jp/dataset/434841_open5"}},{"type":"Feature","geometry":{"type":"Point","coordinates":[130.439558,32.233595]},"properties":{"id":"municipal-0aa26db6e444c13c","name":"はぐれっこ","nameEn":"stray","source":"https://data.bodik.jp/dataset/434841_open5"}},{"type":"Feature","geometry":{"type":"Point","coordinates":[130.43952,32.233504]},"properties":{"id":"municipal-2c6b0adf59e54b27","name":"那有","nameEn":"Naari","source":"https://data.bodik.jp/dataset/434841_open5"}},{"type":"Feature","geometry":{"type":"Point","coordinates":[130.44025,32.236753]},"properties":{"id":"municipal-19a8cfec076a2ee6","name":"薫風","nameEn":"balmy breeze","source":"https://data.bodik.jp/dataset/434841_open5"}},{"type":"Feature","geometry":{"type":"Point","coordinates":[130.444311,32.236177]},"properties":{"id":"municipal-bb6b4ea4fd821534","name":"風ん子","nameEn":"Fupanko","source":"https://data.bodik.jp/dataset/434841_open5"}},{"type":"Feature","geometry":{"type":"Point","coordinates":[130.443758,32.234884]},"properties":{"id":"municipal-60f14498f1f79eea","name":"爽風","nameEn":"refreshing breeze","source":"https://data.bodik.jp/dataset/434841_open5"}},{"type":"Feature","geometry":{"type":"Point","coordinates":[130.455201,32.232542]},"properties":{"id":"municipal-229ff4dff469a784","name":"ひまわり","nameEn":"sunflwer","source":"https://data.bodik.jp/dataset/434841_open5"}},{"type":"Feature","geometry":{"type":"Point","coordinates":[130.456612,32.232379]},"properties":{"id":"municipal-9ee7f4f83c101db1","name":"まつり","nameEn":"festival","source":"https://data.bodik.jp/dataset/434841_open5"}},{"type":"Feature","geometry":{"type":"Point","coordinates":[130.456617,32.231975]},"properties":{"id":"municipal-ae56f8b24e482042","name":"シャツブラウス","nameEn":"shirt blouse","source":"https://data.bodik.jp/dataset/434841_open5"}},{"type":"Feature","geometry":{"type":"Point","coordinates":[130.456601,32.231712]},"properties":{"id":"municipal-eb9e497c5f52e01e","name":"時のカプスール","nameEn":"Capsule of Time","source":"https://data.bodik.jp/dataset/434841_open5"}},{"type":"Feature","geometry":{"type":"Point","coordinates":[130.457963,32.23154]},"properties":{"id":"municipal-2367f68a333ed1da","name":"トルソ","nameEn":"torso","source":"https://data.bodik.jp/dataset/434841_open5"}},{"type":"Feature","geometry":{"type":"Point","coordinates":[130.458376,32.233069]},"properties":{"id":"municipal-3e323aa6bfed407e","name":"牧歌","nameEn":"pastoral","source":"https://data.bodik.jp/dataset/434841_open5"}},{"type":"Feature","geometry":{"type":"Point","coordinates":[130.456901,32.231299]},"properties":{"id":"municipal-7a52f9659c6298fa","name":"たわむれの塑像","nameEn":"Playful statue","source":"https://data.bodik.jp/dataset/434841_open5"}},{"type":"Feature","geometry":{"type":"Point","coordinates":[130.456676,32.230986]},"properties":{"id":"municipal-3967be773c3bf513","name":"ときの翔","nameEn":"Toki no Sho","source":"https://data.bodik.jp/dataset/434841_open5"}},{"type":"Feature","geometry":{"type":"Point","coordinates":[130.450056,32.232651]},"properties":{"id":"municipal-36ef7f7d2bf30931","name":"千代","nameEn":"very long period","source":"https://data.bodik.jp/dataset/434841_open5"}},{"type":"Feature","geometry":{"type":"Point","coordinates":[130.455979,32.232134]},"properties":{"id":"municipal-1c62d04d981f9629","name":"立球体・誕生","nameEn":"Birth of a three-dimensional sphere","source":"https://data.bodik.jp/dataset/434841_open5"}},{"type":"Feature","geometry":{"type":"Point","coordinates":[135.758267,34.985681]},"properties":{"id":"municipal-9e38a1d2e7f3ce9d","name":"京都総合観光案内所京なび","nameEn":"","source":"https://data.bodik.jp/dataset/260002_kankou_shisetsu"}},{"type":"Feature","geometry":{"type":"Point","coordinates":[135.759218,34.987554]},"properties":{"id":"municipal-a6379811ad052cb9","name":"京都タワー","nameEn":"","source":"https://data.bodik.jp/dataset/260002_kankou_shisetsu"}},{"type":"Feature","geometry":{"type":"Point","coordinates":[135.759218,34.987551]},"properties":{"id":"municipal-fcc23591e2467238","name":"京都タワーホテル","nameEn":"","source":"https://data.bodik.jp/dataset/260002_kankou_shisetsu"}},{"type":"Feature","geometry":{"type":"Point","coordinates":[135.760294,34.984515]},"properties":{"id":"municipal-c1f86071c4fb8419","name":"JR京都駅新幹線八条口デリバリーサービス","nameEn":"","source":"https://data.bodik.jp/dataset/260002_kankou_shisetsu"}},{"type":"Feature","geometry":{"type":"Point","coordinates":[135.758765,34.985882]},"properties":{"id":"municipal-239420b219803d07","name":"Crosta京都（荷物預かり所・キャリーサービス）","nameEn":"","source":"https://data.bodik.jp/dataset/260002_kankou_shisetsu"}},{"type":"Feature","geometry":{"type":"Point","coordinates":[135.758784,34.98585]},"properties":{"id":"municipal-8d22a512212ea022","name":"美術館「えき」KYOTO","nameEn":"","source":"https://data.bodik.jp/dataset/260002_kankou_shisetsu"}},{"type":"Feature","geometry":{"type":"Point","coordinates":[135.757724,34.985434]},"properties":{"id":"municipal-0f35c373f5439a3a","name":"鉄道案内所","nameEn":"","source":"https://data.bodik.jp/dataset/260002_kankou_shisetsu"}},{"type":"Feature","geometry":{"type":"Point","coordinates":[135.760716,34.986456]},"properties":{"id":"municipal-80e950586d5b7f52","name":"公益財団法人京都府国際センター","nameEn":"","source":"https://data.bodik.jp/dataset/260002_kankou_shisetsu"}},{"type":"Feature","geometry":{"type":"Point","coordinates":[135.755003,34.986876]},"properties":{"id":"municipal-ade91fc3560e5fd5","name":"京湯元ハトヤ瑞鳳閣","nameEn":"","source":"https://data.bodik.jp/dataset/260002_kankou_shisetsu"}},{"type":"Feature","geometry":{"type":"Point","coordinates":[135.758782,34.985848]},"properties":{"id":"municipal-60a47e209199925a","name":"京都駅ビルインフォメーション","nameEn":"","source":"https://data.bodik.jp/dataset/260002_kankou_shisetsu"}},{"type":"Feature","geometry":{"type":"Point","coordinates":[135.760418,34.983792]},"properties":{"id":"municipal-487098365bf3abc6","name":"SUNRISETOURSJTB","nameEn":"","source":"https://data.bodik.jp/dataset/260002_kankou_shisetsu"}},{"type":"Feature","geometry":{"type":"Point","coordinates":[135.753932,34.986912]},"properties":{"id":"municipal-82608f3311683950","name":"オムロンコミュニケーションプラザ","nameEn":"","source":"https://data.bodik.jp/dataset/260002_kankou_shisetsu"}},{"type":"Feature","geometry":{"type":"Point","coordinates":[135.759783,34.986005]},"properties":{"id":"municipal-0ae1c4589a55f785","name":"ホテルグランヴィア京都","nameEn":"","source":"https://data.bodik.jp/dataset/260002_kankou_shisetsu"}},{"type":"Feature","geometry":{"type":"Point","coordinates":[135.762115,34.986607]},"properties":{"id":"municipal-2f54d82268d4d370","name":"正行院（猿寺）","nameEn":"","source":"https://data.bodik.jp/dataset/260002_kankou_shisetsu"}},{"type":"Feature","geometry":{"type":"Point","coordinates":[135.757343,34.98912]},"properties":{"id":"municipal-b2a96a2a089a4dfe","name":"株式会社若林佛具製作所","nameEn":"","source":"https://data.bodik.jp/dataset/260002_kankou_shisetsu"}},{"type":"Feature","geometry":{"type":"Point","coordinates":[135.760316,34.986077]},"properties":{"id":"municipal-5b6b024073c7c2c4","name":"京都劇場","nameEn":"","source":"https://data.bodik.jp/dataset/260002_kankou_shisetsu"}},{"type":"Feature","geometry":{"type":"Point","coordinates":[135.762396,34.98394]},"properties":{"id":"municipal-1fe7e182e937302d","name":"ホテルセントノーム京都","nameEn":"","source":"https://data.bodik.jp/dataset/260002_kankou_shisetsu"}},{"type":"Feature","geometry":{"type":"Point","coordinates":[135.760181,34.983537]},"properties":{"id":"municipal-b6ccfecb898b2f9d","name":"京都アバンティ","nameEn":"","source":"https://data.bodik.jp/dataset/260002_kankou_shisetsu"}},{"type":"Feature","geometry":{"type":"Point","coordinates":[134.7506951,34.96032344]},"properties":{"id":"municipal-6454f4f9418a5058","name":"駅前観光交流センター","nameEn":"","source":"https://data.bodik.jp/dataset/284432_s02kankoushisetsu"}},{"type":"Feature","geometry":{"type":"Point","coordinates":[134.7626806,34.95501406]},"properties":{"id":"municipal-a4575847a3afc091","name":"辻川観光交流センター","nameEn":"","source":"https://data.bodik.jp/dataset/284432_s02kankoushisetsu"}},{"type":"Feature","geometry":{"type":"Point","coordinates":[134.7642372,34.95603114]},"properties":{"id":"municipal-b17e80b94307a436","name":"NIPPONIA播磨福崎蔵書の館","nameEn":"","source":"https://data.bodik.jp/dataset/284432_s02kankoushisetsu"}},{"type":"Feature","geometry":{"type":"Point","coordinates":[134.7370322,34.94267358]},"properties":{"id":"municipal-d429f399cb38a8c9","name":"美香荘","nameEn":"","source":"https://data.bodik.jp/dataset/284432_s02kankoushisetsu"}},{"type":"Feature","geometry":{"type":"Point","coordinates":[134.737748,34.964247]},"properties":{"id":"municipal-e77498327534e39d","name":"神谷古墳","nameEn":"","source":"https://data.bodik.jp/dataset/284432_s02kankoushisetsu"}},{"type":"Feature","geometry":{"type":"Point","coordinates":[134.758035,34.96457]},"properties":{"id":"municipal-9b07c9d5d27cb214","name":"大塚古墳","nameEn":"","source":"https://data.bodik.jp/dataset/284432_s02kankoushisetsu"}},{"type":"Feature","geometry":{"type":"Point","coordinates":[134.767039,34.961423]},"properties":{"id":"municipal-8e7af04bc6f93a81","name":"東広畑古墳","nameEn":"","source":"https://data.bodik.jp/dataset/284432_s02kankoushisetsu"}},{"type":"Feature","geometry":{"type":"Point","coordinates":[134.767728,34.9617]},"properties":{"id":"municipal-2eb5e3cb1354bf21","name":"東新田古墳","nameEn":"","source":"https://data.bodik.jp/dataset/284432_s02kankoushisetsu"}},{"type":"Feature","geometry":{"type":"Point","coordinates":[134.772163,34.959806]},"properties":{"id":"municipal-3f678ce8b3c17894","name":"妙徳山古墳","nameEn":"","source":"https://data.bodik.jp/dataset/284432_s02kankoushisetsu"}},{"type":"Feature","geometry":{"type":"Point","coordinates":[134.7528821,34.96797371]},"properties":{"id":"municipal-677e144f2a0aa556","name":"朝谷1号墳","nameEn":"","source":"https://data.bodik.jp/dataset/284432_s02kankoushisetsu"}},{"type":"Feature","geometry":{"type":"Point","coordinates":[134.7536857,34.9613328]},"properties":{"id":"municipal-e6a6de32eb735265","name":"お食事処居酒屋ふくさき","nameEn":"","source":"https://data.bodik.jp/dataset/284432_s02kankoushisetsu"}},{"type":"Feature","geometry":{"type":"Point","coordinates":[134.7526789,34.96111404]},"properties":{"id":"municipal-03ca1ea8b3ac861f","name":"喫茶・カラオケメルヘン","nameEn":"","source":"https://data.bodik.jp/dataset/284432_s02kankoushisetsu"}},{"type":"Feature","geometry":{"type":"Point","coordinates":[134.7516957,34.96084026]},"properties":{"id":"municipal-58b9da4b86ae3d1d","name":"お食事処三福","nameEn":"","source":"https://data.bodik.jp/dataset/284432_s02kankoushisetsu"}},{"type":"Feature","geometry":{"type":"Point","coordinates":[134.748905,34.94783468]},"properties":{"id":"municipal-544099144c18b20e","name":"明日香福崎店","nameEn":"","source":"https://data.bodik.jp/dataset/284432_s02kankoushisetsu"}},{"type":"Feature","geometry":{"type":"Point","coordinates":[134.7609964,34.95775295]},"properties":{"id":"municipal-b582bdca9edf7f19","name":"サタディサン","nameEn":"","source":"https://data.bodik.jp/dataset/284432_s02kankoushisetsu"}},{"type":"Feature","geometry":{"type":"Point","coordinates":[134.7610393,34.95649333]},"properties":{"id":"municipal-43e3c97c1915a6c0","name":"むのじじょう","nameEn":"","source":"https://data.bodik.jp/dataset/284432_s02kankoushisetsu"}},{"type":"Feature","geometry":{"type":"Point","coordinates":[134.764471,34.95619377]},"properties":{"id":"municipal-7dc4cb416e52369a","name":"もちむぎのやかた","nameEn":"","source":"https://data.bodik.jp/dataset/284432_s02kankoushisetsu"}},{"type":"Feature","geometry":{"type":"Point","coordinates":[134.7660524,34.9496904]},"properties":{"id":"municipal-b18a58f3fb738adb","name":"食べ処くろすけ","nameEn":"","source":"https://data.bodik.jp/dataset/284432_s02kankoushisetsu"}},{"type":"Feature","geometry":{"type":"Point","coordinates":[134.7638731,34.94203271]},"properties":{"id":"municipal-9c078c0907e46976","name":"欧風料理ハロウィン","nameEn":"","source":"https://data.bodik.jp/dataset/284432_s02kankoushisetsu"}},{"type":"Feature","geometry":{"type":"Point","coordinates":[134.7637818,34.95164499]},"properties":{"id":"municipal-3e3ed8bebcc457ac","name":"ＦＥＥＬＥＡＳＹｃａｆｅ","nameEn":"","source":"https://data.bodik.jp/dataset/284432_s02kankoushisetsu"}},{"type":"Feature","geometry":{"type":"Point","coordinates":[134.7651152,34.95601167]},"properties":{"id":"municipal-b2b34c37daa9616e","name":"SlowCafeKAPPANOSANPOMICHI","nameEn":"","source":"https://data.bodik.jp/dataset/284432_s02kankoushisetsu"}},{"type":"Feature","geometry":{"type":"Point","coordinates":[134.7481513,34.95336014]},"properties":{"id":"municipal-d9b33c3f624dffc2","name":"旬彩蔵","nameEn":"","source":"https://data.bodik.jp/dataset/284432_s02kankoushisetsu"}},{"type":"Feature","geometry":{"type":"Point","coordinates":[134.7642794,34.95827009]},"properties":{"id":"municipal-6f0d6e1f333e6c63","name":"学問成就の道","nameEn":"","source":"https://data.bodik.jp/dataset/284432_s02kankoushisetsu"}},{"type":"Feature","geometry":{"type":"Point","coordinates":[134.7642435,34.95789339]},"properties":{"id":"municipal-ae20ebce2d31c218","name":"「学問成就の道」石碑","nameEn":"","source":"https://data.bodik.jp/dataset/284432_s02kankoushisetsu"}},{"type":"Feature","geometry":{"type":"Point","coordinates":[134.7671776,34.958108]},"properties":{"id":"municipal-1d34a1284d6823f4","name":"石像（松岡五兄弟）","nameEn":"","source":"https://data.bodik.jp/dataset/284432_s02kankoushisetsu"}},{"type":"Feature","geometry":{"type":"Point","coordinates":[134.7644345,34.95792636]},"properties":{"id":"municipal-972639c5688a0310","name":"短歌の森","nameEn":"","source":"https://data.bodik.jp/dataset/284432_s02kankoushisetsu"}},{"type":"Feature","geometry":{"type":"Point","coordinates":[134.76408,34.95787]},"properties":{"id":"municipal-534934e465fe584d","name":"鈴ノ森神社","nameEn":"","source":"https://data.bodik.jp/dataset/284432_s02kankoushisetsu"}},{"type":"Feature","geometry":{"type":"Point","coordinates":[134.764024,34.957731]},"properties":{"id":"municipal-6a6fbec7b4e860c3","name":"鈴ノ森神社の狛犬","nameEn":"","source":"https://data.bodik.jp/dataset/284432_s02kankoushisetsu"}},{"type":"Feature","geometry":{"type":"Point","coordinates":[134.766989,34.958482]},"properties":{"id":"municipal-2abe7e29a58981cf","name":"北野天満神社","nameEn":"","source":"https://data.bodik.jp/dataset/284432_s02kankoushisetsu"}},{"type":"Feature","geometry":{"type":"Point","coordinates":[134.767255,34.9583]},"properties":{"id":"municipal-61367f57346024c6","name":"北野天満神社のなで牛","nameEn":"","source":"https://data.bodik.jp/dataset/284432_s02kankoushisetsu"}},{"type":"Feature","geometry":{"type":"Point","coordinates":[134.7652168,34.95872529]},"properties":{"id":"municipal-1ee355f6aeb1e559","name":"展望台からの景色","nameEn":"","source":"https://data.bodik.jp/dataset/284432_s02kankoushisetsu"}},{"type":"Feature","geometry":{"type":"Point","coordinates":[134.7651041,34.95888466]},"properties":{"id":"municipal-34bb63ab8e8f8d63","name":"望郷の丘","nameEn":"","source":"https://data.bodik.jp/dataset/284432_s02kankoushisetsu"}},{"type":"Feature","geometry":{"type":"Point","coordinates":[134.764347,34.957591]},"properties":{"id":"municipal-1a0eb4e06a2e46b6","name":"柳田國男生家","nameEn":"","source":"https://data.bodik.jp/dataset/284432_s02kankoushisetsu"}},{"type":"Feature","geometry":{"type":"Point","coordinates":[134.7646991,34.95774761]},"properties":{"id":"municipal-ea7a0c0bd389865a","name":"柳田國男・松岡家記念館","nameEn":"","source":"https://data.bodik.jp/dataset/284432_s02kankoushisetsu"}},{"type":"Feature","geometry":{"type":"Point","coordinates":[134.764714,34.958013]},"properties":{"id":"municipal-241ab55ff447f322","name":"神崎郡歴史民俗資料館","nameEn":"","source":"https://data.bodik.jp/dataset/284432_s02kankoushisetsu"}},{"type":"Feature","geometry":{"type":"Point","coordinates":[134.764019,34.955982]},"properties":{"id":"municipal-ac59c00c83a6e342","name":"大庄屋三木家住宅","nameEn":"","source":"https://data.bodik.jp/dataset/284432_s02kankoushisetsu"}},{"type":"Feature","geometry":{"type":"Point","coordinates":[134.763822,34.956475]},"properties":{"id":"municipal-94e441f65faf4c15","name":"有井堂","nameEn":"","source":"https://data.bodik.jp/dataset/284432_s02kankoushisetsu"}},{"type":"Feature","geometry":{"type":"Point","coordinates":[134.7617411,34.95755627]},"properties":{"id":"municipal-9cc20b290f99c92e","name":"地蔵堂","nameEn":"","source":"https://data.bodik.jp/dataset/284432_s02kankoushisetsu"}},{"type":"Feature","geometry":{"type":"Point","coordinates":[134.758614,34.957022]},"properties":{"id":"municipal-6a6fadb3441530c4","name":"駒ヶ岩","nameEn":"","source":"https://data.bodik.jp/dataset/284432_s02kankoushisetsu"}},{"type":"Feature","geometry":{"type":"Point","coordinates":[134.761846,34.955585]},"properties":{"id":"municipal-59e22db707286462","name":"高藤稲荷","nameEn":"","source":"https://data.bodik.jp/dataset/284432_s02kankoushisetsu"}},{"type":"Feature","geometry":{"type":"Point","coordinates":[134.7645565,34.95691299]},"properties":{"id":"municipal-d9ec94e857245555","name":"河童の河太郎と河次郎","nameEn":"","source":"https://data.bodik.jp/dataset/284432_s02kankoushisetsu"}},{"type":"Feature","geometry":{"type":"Point","coordinates":[134.7646028,34.95728668]},"properties":{"id":"municipal-90b3048fba91225c","name":"逆さ天狗","nameEn":"","source":"https://data.bodik.jp/dataset/284432_s02kankoushisetsu"}},{"type":"Feature","geometry":{"type":"Point","coordinates":[134.7646772,34.95695419]},"properties":{"id":"municipal-f7c4b930a9752c89","name":"天狗の森の妖翁","nameEn":"","source":"https://data.bodik.jp/dataset/284432_s02kankoushisetsu"}},{"type":"Feature","geometry":{"type":"Point","coordinates":[134.7646462,34.95703219]},"properties":{"id":"municipal-69d0c8c81243f65d","name":"森に吹く風","nameEn":"","source":"https://data.bodik.jp/dataset/284432_s02kankoushisetsu"}},{"type":"Feature","geometry":{"type":"Point","coordinates":[134.7645597,34.95704923]},"properties":{"id":"municipal-0a1eb208be67c800","name":"招き鵺","nameEn":"","source":"https://data.bodik.jp/dataset/284432_s02kankoushisetsu"}},{"type":"Feature","geometry":{"type":"Point","coordinates":[134.7644454,34.95716656]},"properties":{"id":"municipal-4e0a974663b5ab6c","name":"怪しい抜け道","nameEn":"","source":"https://data.bodik.jp/dataset/284432_s02kankoushisetsu"}},{"type":"Feature","geometry":{"type":"Point","coordinates":[134.7645627,34.95724075]},"properties":{"id":"municipal-037c0c33158c240f","name":"輪廻の森","nameEn":"","source":"https://data.bodik.jp/dataset/284432_s02kankoushisetsu"}},{"type":"Feature","geometry":{"type":"Point","coordinates":[134.7650255,34.95732627]},"properties":{"id":"municipal-5a7bbf28afe94924","name":"民俗辻広場まつり","nameEn":"","source":"https://data.bodik.jp/dataset/284432_s02kankoushisetsu"}},{"type":"Feature","geometry":{"type":"Point","coordinates":[134.7552037,34.96196555]},"properties":{"id":"municipal-3a59bd20336846e8","name":"福崎秋まつり","nameEn":"","source":"https://data.bodik.jp/dataset/284432_s02kankoushisetsu"}},{"type":"Feature","geometry":{"type":"Point","coordinates":[134.7549194,34.96198533]},"properties":{"id":"municipal-e116afdc9b0c00fc","name":"山桃忌","nameEn":"","source":"https://data.bodik.jp/dataset/284432_s02kankoushisetsu"}},{"type":"Feature","geometry":{"type":"Point","coordinates":[134.7715185,34.96016432]},"properties":{"id":"municipal-eaa4821d1c4eb6e4","name":"追儺","nameEn":"","source":"https://data.bodik.jp/dataset/284432_s02kankoushisetsu"}},{"type":"Feature","geometry":{"type":"Point","coordinates":[134.7628794,34.96347459]},"properties":{"id":"municipal-de05385066783f13","name":"初戎祭","nameEn":"","source":"https://data.bodik.jp/dataset/284432_s02kankoushisetsu"}},{"type":"Feature","geometry":{"type":"Point","coordinates":[134.7715185,34.96016432]},"properties":{"id":"municipal-13749fb9ef6d7998","name":"文殊会式","nameEn":"","source":"https://data.bodik.jp/dataset/284432_s02kankoushisetsu"}},{"type":"Feature","geometry":{"type":"Point","coordinates":[134.7670031,34.95845922]},"properties":{"id":"municipal-21f7ec85c21feca2","name":"梅","nameEn":"","source":"https://data.bodik.jp/dataset/284432_s02kankoushisetsu"}},{"type":"Feature","geometry":{"type":"Point","coordinates":[134.7417123,34.96679823]},"properties":{"id":"municipal-b10535d7b394afc2","name":"桜","nameEn":"","source":"https://data.bodik.jp/dataset/284432_s02kankoushisetsu"}},{"type":"Feature","geometry":{"type":"Point","coordinates":[134.7643716,34.95760995]},"properties":{"id":"municipal-b991dec1cdb4332d","name":"桜","nameEn":"","source":"https://data.bodik.jp/dataset/284432_s02kankoushisetsu"}},{"type":"Feature","geometry":{"type":"Point","coordinates":[134.7250263,34.98471294]},"properties":{"id":"municipal-00fc448caeaf4ea9","name":"オキナグサ","nameEn":"","source":"https://data.bodik.jp/dataset/284432_s02kankoushisetsu"}},{"type":"Feature","geometry":{"type":"Point","coordinates":[134.7255893,34.97692185]},"properties":{"id":"municipal-8ee884911e7f9600","name":"アジサイ","nameEn":"","source":"https://data.bodik.jp/dataset/284432_s02kankoushisetsu"}},{"type":"Feature","geometry":{"type":"Point","coordinates":[134.7218315,34.98063378]},"properties":{"id":"municipal-e1542c69960a6d13","name":"沙羅の花","nameEn":"","source":"https://data.bodik.jp/dataset/284432_s02kankoushisetsu"}},{"type":"Feature","geometry":{"type":"Point","coordinates":[134.738244,34.96410463]},"properties":{"id":"municipal-e1451c38ec9406f3","name":"沙羅の花","nameEn":"","source":"https://data.bodik.jp/dataset/284432_s02kankoushisetsu"}},{"type":"Feature","geometry":{"type":"Point","coordinates":[134.738244,34.96410463]},"properties":{"id":"municipal-2897e85429234805","name":"ササユリ","nameEn":"","source":"https://data.bodik.jp/dataset/284432_s02kankoushisetsu"}},{"type":"Feature","geometry":{"type":"Point","coordinates":[134.76408,34.95787]},"properties":{"id":"municipal-92da116d20e6688c","name":"ヤマモモの実","nameEn":"","source":"https://data.bodik.jp/dataset/284432_s02kankoushisetsu"}},{"type":"Feature","geometry":{"type":"Point","coordinates":[134.7625802,34.95488636]},"properties":{"id":"municipal-1584c680bba3cce5","name":"河童","nameEn":"","source":"https://data.bodik.jp/dataset/284432_s02kankoushisetsu"}},{"type":"Feature","geometry":{"type":"Point","coordinates":[134.7625802,34.95488636]},"properties":{"id":"municipal-4d287c7be6cbf06d","name":"雪女","nameEn":"","source":"https://data.bodik.jp/dataset/284432_s02kankoushisetsu"}},{"type":"Feature","geometry":{"type":"Point","coordinates":[134.7523788,34.96093956]},"properties":{"id":"municipal-95b358fdd7b12a7b","name":"天狗","nameEn":"","source":"https://data.bodik.jp/dataset/284432_s02kankoushisetsu"}},{"type":"Feature","geometry":{"type":"Point","coordinates":[134.7530316,34.95690661]},"properties":{"id":"municipal-e9502313470dd5fe","name":"猫また","nameEn":"","source":"https://data.bodik.jp/dataset/284432_s02kankoushisetsu"}},{"type":"Feature","geometry":{"type":"Point","coordinates":[134.7707448,34.96062808]},"properties":{"id":"municipal-695b353eee94c6dc","name":"鬼","nameEn":"","source":"https://data.bodik.jp/dataset/284432_s02kankoushisetsu"}},{"type":"Feature","geometry":{"type":"Point","coordinates":[134.7600401,34.94656652]},"properties":{"id":"municipal-8b65ef80b54c4cda","name":"一つ目小僧","nameEn":"","source":"https://data.bodik.jp/dataset/284432_s02kankoushisetsu"}},{"type":"Feature","geometry":{"type":"Point","coordinates":[134.7601025,34.94200418]},"properties":{"id":"municipal-5cdd1c50f0d11b51","name":"一反もめん","nameEn":"","source":"https://data.bodik.jp/dataset/284432_s02kankoushisetsu"}},{"type":"Feature","geometry":{"type":"Point","coordinates":[134.7619828,34.95462146]},"properties":{"id":"municipal-2d526ef876239150","name":"海ぼうず","nameEn":"","source":"https://data.bodik.jp/dataset/284432_s02kankoushisetsu"}},{"type":"Feature","geometry":{"type":"Point","coordinates":[134.7644633,34.95676002]},"properties":{"id":"municipal-930cb02b75b4fb6b","name":"油すまし","nameEn":"","source":"https://data.bodik.jp/dataset/284432_s02kankoushisetsu"}},{"type":"Feature","geometry":{"type":"Point","coordinates":[134.7610287,34.95769759]},"properties":{"id":"municipal-62a9449df6426bbb","name":"子啼爺","nameEn":"","source":"https://data.bodik.jp/dataset/284432_s02kankoushisetsu"}},{"type":"Feature","geometry":{"type":"Point","coordinates":[134.7592654,34.95188776]},"properties":{"id":"municipal-7e1f8e67c041a7ef","name":"スネコスリ","nameEn":"","source":"https://data.bodik.jp/dataset/284432_s02kankoushisetsu"}},{"type":"Feature","geometry":{"type":"Point","coordinates":[134.7604737,34.94801568]},"properties":{"id":"municipal-46f33ab52bb4f39a","name":"油坊","nameEn":"","source":"https://data.bodik.jp/dataset/284432_s02kankoushisetsu"}},{"type":"Feature","geometry":{"type":"Point","coordinates":[134.7506256,34.95303267]},"properties":{"id":"municipal-e89ba44e174d5c28","name":"山姥","nameEn":"","source":"https://data.bodik.jp/dataset/284432_s02kankoushisetsu"}},{"type":"Feature","geometry":{"type":"Point","coordinates":[134.7644712,34.9561939]},"properties":{"id":"municipal-7cec63ca679cd8ee","name":"座敷童子","nameEn":"","source":"https://data.bodik.jp/dataset/284432_s02kankoushisetsu"}},{"type":"Feature","geometry":{"type":"Point","coordinates":[134.7661074,34.9496332]},"properties":{"id":"municipal-f511fae0ca71d857","name":"小豆洗い","nameEn":"","source":"https://data.bodik.jp/dataset/284432_s02kankoushisetsu"}},{"type":"Feature","geometry":{"type":"Point","coordinates":[134.7510276,34.96034272]},"properties":{"id":"municipal-0e18d46b2bbf8f9c","name":"アマビエ","nameEn":"","source":"https://data.bodik.jp/dataset/284432_s02kankoushisetsu"}},{"type":"Feature","geometry":{"type":"Point","coordinates":[134.7468713,34.95169761]},"properties":{"id":"municipal-eb27e31ceb07817b","name":"福崎町立図書館","nameEn":"","source":"https://data.bodik.jp/dataset/284432_s02kankoushisetsu"}},{"type":"Feature","geometry":{"type":"Point","coordinates":[134.725029,34.984703]},"properties":{"id":"municipal-53c036f0bd97c0a3","name":"金剛城寺","nameEn":"","source":"https://data.bodik.jp/dataset/284432_s02kankoushisetsu"}},{"type":"Feature","geometry":{"type":"Point","coordinates":[134.721835,34.980616]},"properties":{"id":"municipal-0afbb5b06f48a3e4","name":"應聖寺","nameEn":"","source":"https://data.bodik.jp/dataset/284432_s02kankoushisetsu"}},{"type":"Feature","geometry":{"type":"Point","coordinates":[134.738252,34.964077]},"properties":{"id":"municipal-17315db0aa9d9503","name":"醫王寺","nameEn":"","source":"https://data.bodik.jp/dataset/284432_s02kankoushisetsu"}},{"type":"Feature","geometry":{"type":"Point","coordinates":[134.746627,34.966399]},"properties":{"id":"municipal-2c06d50363dc0f45","name":"浄泉寺","nameEn":"","source":"https://data.bodik.jp/dataset/284432_s02kankoushisetsu"}},{"type":"Feature","geometry":{"type":"Point","coordinates":[134.74836,34.961945]},"properties":{"id":"municipal-8ca8fed78e2520de","name":"本覺寺","nameEn":"","source":"https://data.bodik.jp/dataset/284432_s02kankoushisetsu"}},{"type":"Feature","geometry":{"type":"Point","coordinates":[134.756406,34.968334]},"properties":{"id":"municipal-9b048c806f544c2b","name":"妙法寺","nameEn":"","source":"https://data.bodik.jp/dataset/284432_s02kankoushisetsu"}},{"type":"Feature","geometry":{"type":"Point","coordinates":[134.752691,34.958024]},"properties":{"id":"municipal-71b4351d2d7fe15d","name":"西正寺","nameEn":"","source":"https://data.bodik.jp/dataset/284432_s02kankoushisetsu"}},{"type":"Feature","geometry":{"type":"Point","coordinates":[134.728959,34.95352]},"properties":{"id":"municipal-2e363fd25552fff7","name":"順教寺","nameEn":"","source":"https://data.bodik.jp/dataset/284432_s02kankoushisetsu"}},{"type":"Feature","geometry":{"type":"Point","coordinates":[134.740588,34.951408]},"properties":{"id":"municipal-e976a0d79eba6e3c","name":"蓮華寺","nameEn":"","source":"https://data.bodik.jp/dataset/284432_s02kankoushisetsu"}},{"type":"Feature","geometry":{"type":"Point","coordinates":[134.740125,34.948823]},"properties":{"id":"municipal-a1d4807b95c426cd","name":"観音寺","nameEn":"","source":"https://data.bodik.jp/dataset/284432_s02kankoushisetsu"}},{"type":"Feature","geometry":{"type":"Point","coordinates":[134.771425,34.960492]},"properties":{"id":"municipal-23662b65b84da856","name":"神積寺","nameEn":"","source":"https://data.bodik.jp/dataset/284432_s02kankoushisetsu"}},{"type":"Feature","geometry":{"type":"Point","coordinates":[134.771286,34.959113]},"properties":{"id":"municipal-78c6d9c0a1e7be31","name":"悟真院","nameEn":"","source":"https://data.bodik.jp/dataset/284432_s02kankoushisetsu"}},{"type":"Feature","geometry":{"type":"Point","coordinates":[134.723904,34.984425]},"properties":{"id":"municipal-9d645b36ff0bc305","name":"田賀神社","nameEn":"","source":"https://data.bodik.jp/dataset/284432_s02kankoushisetsu"}},{"type":"Feature","geometry":{"type":"Point","coordinates":[134.723486,34.97976]},"properties":{"id":"municipal-8dccbbeedd62a37d","name":"一宮神社","nameEn":"","source":"https://data.bodik.jp/dataset/284432_s02kankoushisetsu"}},{"type":"Feature","geometry":{"type":"Point","coordinates":[134.735997,34.973598]},"properties":{"id":"municipal-88812953dc7b7c94","name":"大年神社（桜）","nameEn":"","source":"https://data.bodik.jp/dataset/284432_s02kankoushisetsu"}},{"type":"Feature","geometry":{"type":"Point","coordinates":[134.739245,34.965644]},"properties":{"id":"municipal-99c565fd63bccad0","name":"諏訪神社","nameEn":"","source":"https://data.bodik.jp/dataset/284432_s02kankoushisetsu"}},{"type":"Feature","geometry":{"type":"Point","coordinates":[134.738994,34.963204]},"properties":{"id":"municipal-22f4ea72d5775fc8","name":"大歳神社（神谷）","nameEn":"","source":"https://data.bodik.jp/dataset/284432_s02kankoushisetsu"}},{"type":"Feature","geometry":{"type":"Point","coordinates":[134.741852,34.958079]},"properties":{"id":"municipal-8ac24f2c268073af","name":"三宮神社","nameEn":"","source":"https://data.bodik.jp/dataset/284432_s02kankoushisetsu"}},{"type":"Feature","geometry":{"type":"Point","coordinates":[134.749063,34.964917]},"properties":{"id":"municipal-7d76f10f13776646","name":"大歳神社（福田）","nameEn":"","source":"https://data.bodik.jp/dataset/284432_s02kankoushisetsu"}},{"type":"Feature","geometry":{"type":"Point","coordinates":[134.756199,34.970509]},"properties":{"id":"municipal-8bdaec7c211fe0b1","name":"二之宮神社","nameEn":"","source":"https://data.bodik.jp/dataset/284432_s02kankoushisetsu"}},{"type":"Feature","geometry":{"type":"Point","coordinates":[134.750558,34.95894]},"properties":{"id":"municipal-273e5dbd90bf704a","name":"道分稲荷神社","nameEn":"","source":"https://data.bodik.jp/dataset/284432_s02kankoushisetsu"}},{"type":"Feature","geometry":{"type":"Point","coordinates":[134.746865,34.956752]},"properties":{"id":"municipal-db1abdebddba21a2","name":"稲荷神社（馬田）","nameEn":"","source":"https://data.bodik.jp/dataset/284432_s02kankoushisetsu"}},{"type":"Feature","geometry":{"type":"Point","coordinates":[134.754555,34.953084]},"properties":{"id":"municipal-9a902d419810ebc7","name":"新町天満宮","nameEn":"","source":"https://data.bodik.jp/dataset/284432_s02kankoushisetsu"}},{"type":"Feature","geometry":{"type":"Point","coordinates":[134.734879,34.955198]},"properties":{"id":"municipal-f02ca5dcc5f181f8","name":"大歳神社（西谷）","nameEn":"","source":"https://data.bodik.jp/dataset/284432_s02kankoushisetsu"}},{"type":"Feature","geometry":{"type":"Point","coordinates":[134.739046,34.950271]},"properties":{"id":"municipal-b9d347edf1642c8e","name":"八幡神社","nameEn":"","source":"https://data.bodik.jp/dataset/284432_s02kankoushisetsu"}},{"type":"Feature","geometry":{"type":"Point","coordinates":[134.739911,34.941899]},"properties":{"id":"municipal-492290a8aec73b1a","name":"廣田神社","nameEn":"","source":"https://data.bodik.jp/dataset/284432_s02kankoushisetsu"}},{"type":"Feature","geometry":{"type":"Point","coordinates":[134.7587,34.956155]},"properties":{"id":"municipal-bf6ce2bf70961cff","name":"田嶋神社","nameEn":"","source":"https://data.bodik.jp/dataset/284432_s02kankoushisetsu"}},{"type":"Feature","geometry":{"type":"Point","coordinates":[134.765535,34.954355]},"properties":{"id":"municipal-04da33d9510be035","name":"熊野神社（田尻）","nameEn":"","source":"https://data.bodik.jp/dataset/284432_s02kankoushisetsu"}},{"type":"Feature","geometry":{"type":"Point","coordinates":[134.755873,34.94973]},"properties":{"id":"municipal-3728f492ff6640e8","name":"三十八社","nameEn":"","source":"https://data.bodik.jp/dataset/284432_s02kankoushisetsu"}},{"type":"Feature","geometry":{"type":"Point","coordinates":[134.753424,34.944529]},"properties":{"id":"municipal-eb585dbc2846613b","name":"八坂神社","nameEn":"","source":"https://data.bodik.jp/dataset/284432_s02kankoushisetsu"}},{"type":"Feature","geometry":{"type":"Point","coordinates":[134.756928,34.940718]},"properties":{"id":"municipal-f0899b67159a87fc","name":"與位神社","nameEn":"","source":"https://data.bodik.jp/dataset/284432_s02kankoushisetsu"}},{"type":"Feature","geometry":{"type":"Point","coordinates":[134.7517,34.936617]},"properties":{"id":"municipal-beb8d1dcae2e7f05","name":"藤田神社","nameEn":"","source":"https://data.bodik.jp/dataset/284432_s02kankoushisetsu"}},{"type":"Feature","geometry":{"type":"Point","coordinates":[134.776487,34.960879]},"properties":{"id":"municipal-67a19fc11fb8d09c","name":"大歳神社（加治谷）","nameEn":"","source":"https://data.bodik.jp/dataset/284432_s02kankoushisetsu"}},{"type":"Feature","geometry":{"type":"Point","coordinates":[134.773608,34.958127]},"properties":{"id":"municipal-1a5ab576b5e26744","name":"岩尾神社","nameEn":"","source":"https://data.bodik.jp/dataset/284432_s02kankoushisetsu"}},{"type":"Feature","geometry":{"type":"Point","coordinates":[134.774991,34.957526]},"properties":{"id":"municipal-79a747ae656d42b9","name":"大年神社（大門）","nameEn":"","source":"https://data.bodik.jp/dataset/284432_s02kankoushisetsu"}},{"type":"Feature","geometry":{"type":"Point","coordinates":[134.725525,34.984651]},"properties":{"id":"municipal-9989c33e6862052a","name":"石造地蔵菩薩像","nameEn":"","source":"https://data.bodik.jp/dataset/284432_s02kankoushisetsu"}},{"type":"Feature","geometry":{"type":"Point","coordinates":[134.721765,34.980752]},"properties":{"id":"municipal-83db9a759a6c0511","name":"應聖寺庭園","nameEn":"","source":"https://data.bodik.jp/dataset/284432_s02kankoushisetsu"}},{"type":"Feature","geometry":{"type":"Point","coordinates":[134.738784,34.971645]},"properties":{"id":"municipal-39ece1082ffeac34","name":"庚申塔","nameEn":"","source":"https://data.bodik.jp/dataset/284432_s02kankoushisetsu"}},{"type":"Feature","geometry":{"type":"Point","coordinates":[134.74692,34.963798]},"properties":{"id":"municipal-c84984181381eb79","name":"固寧倉","nameEn":"","source":"https://data.bodik.jp/dataset/284432_s02kankoushisetsu"}},{"type":"Feature","geometry":{"type":"Point","coordinates":[134.735997,34.973598]},"properties":{"id":"municipal-7231bef84a8407a0","name":"獅子舞","nameEn":"","source":"https://data.bodik.jp/dataset/284432_s02kankoushisetsu"}},{"type":"Feature","geometry":{"type":"Point","coordinates":[134.755266,34.968515]},"properties":{"id":"municipal-8e1f3d7f2328a137","name":"旧小國家住宅","nameEn":"","source":"https://data.bodik.jp/dataset/284432_s02kankoushisetsu"}},{"type":"Feature","geometry":{"type":"Point","coordinates":[134.749968,34.955483]},"properties":{"id":"municipal-16728891891c6a49","name":"イチョウ","nameEn":"","source":"https://data.bodik.jp/dataset/284432_s02kankoushisetsu"}},{"type":"Feature","geometry":{"type":"Point","coordinates":[134.75218,34.936658]},"properties":{"id":"municipal-b6773e268dfac6ed","name":"石造五如来坐像","nameEn":"","source":"https://data.bodik.jp/dataset/284432_s02kankoushisetsu"}},{"type":"Feature","geometry":{"type":"Point","coordinates":[134.764511,34.955933]},"properties":{"id":"municipal-fef05dfae80b867e","name":"旧辻川郵便局","nameEn":"","source":"https://data.bodik.jp/dataset/284432_s02kankoushisetsu"}},{"type":"Feature","geometry":{"type":"Point","coordinates":[134.772184,34.955254]},"properties":{"id":"municipal-45f3085dcff31f76","name":"石造地蔵菩薩立像","nameEn":"","source":"https://data.bodik.jp/dataset/284432_s02kankoushisetsu"}},{"type":"Feature","geometry":{"type":"Point","coordinates":[134.768979,34.958496]},"properties":{"id":"municipal-77d3216a674bca8c","name":"石造五重塔","nameEn":"","source":"https://data.bodik.jp/dataset/284432_s02kankoushisetsu"}},{"type":"Feature","geometry":{"type":"Point","coordinates":[134.771286,34.959113]},"properties":{"id":"municipal-c692db61c80c478a","name":"石造宝塔残欠","nameEn":"","source":"https://data.bodik.jp/dataset/284432_s02kankoushisetsu"}},{"type":"Feature","geometry":{"type":"Point","coordinates":[134.771505,34.960016]},"properties":{"id":"municipal-fabcac366bbf9272","name":"石燈籠","nameEn":"","source":"https://data.bodik.jp/dataset/284432_s02kankoushisetsu"}},{"type":"Feature","geometry":{"type":"Point","coordinates":[134.771506,34.960169]},"properties":{"id":"municipal-420093f81527523b","name":"木造文殊菩薩坐像","nameEn":"","source":"https://data.bodik.jp/dataset/284432_s02kankoushisetsu"}},{"type":"Feature","geometry":{"type":"Point","coordinates":[134.77143,34.959863]},"properties":{"id":"municipal-ed3587c8f2f73d0f","name":"阿弥陀種子板碑","nameEn":"","source":"https://data.bodik.jp/dataset/284432_s02kankoushisetsu"}},{"type":"Feature","geometry":{"type":"Point","coordinates":[134.7465273,34.95071875]},"properties":{"id":"municipal-4c1519858cecf934","name":"さるびあドーム","nameEn":"","source":"https://data.bodik.jp/dataset/284432_s02kankoushisetsu"}},{"type":"Feature","geometry":{"type":"Point","coordinates":[134.7470272,34.95030993]},"properties":{"id":"municipal-e74abb7c64df923c","name":"スケートボード場","nameEn":"","source":"https://data.bodik.jp/dataset/284432_s02kankoushisetsu"}},{"type":"Feature","geometry":{"type":"Point","coordinates":[134.7481571,34.95010442]},"properties":{"id":"municipal-48eea343f753cb42","name":"ボルダリング場","nameEn":"","source":"https://data.bodik.jp/dataset/284432_s02kankoushisetsu"}},{"type":"Feature","geometry":{"type":"Point","coordinates":[134.7459739,34.95049691]},"properties":{"id":"municipal-571e0d71c62c7492","name":"遊具広場","nameEn":"","source":"https://data.bodik.jp/dataset/284432_s02kankoushisetsu"}},{"type":"Feature","geometry":{"type":"Point","coordinates":[131.145479,32.843968]},"properties":{"id":"municipal-0860ae0151676dea","name":"南阿蘇ビジターセンター","nameEn":"","source":"https://data.bodik.jp/dataset/434281_kankou"}},{"type":"Feature","geometry":{"type":"Point","coordinates":[131.125922,32.818495]},"properties":{"id":"municipal-de9e464984955084","name":"高森町観光交流センター","nameEn":"","source":"https://data.bodik.jp/dataset/434281_kankou"}},{"type":"Feature","geometry":{"type":"Point","coordinates":[131.122829,32.813474]},"properties":{"id":"municipal-36e00e07bf525b60","name":"湧水館","nameEn":"","source":"https://data.bodik.jp/dataset/434281_kankou"}},{"type":"Feature","geometry":{"type":"Point","coordinates":[131.121085,32.814035]},"properties":{"id":"municipal-007dadb3af3bdea4","name":"高森湧水トンネル公園","nameEn":"","source":"https://data.bodik.jp/dataset/434281_kankou"}},{"type":"Feature","geometry":{"type":"Point","coordinates":[131.122644,32.81951]},"properties":{"id":"municipal-f9939a7422f90b85","name":"南阿蘇鉄道高森駅","nameEn":"","source":"https://data.bodik.jp/dataset/434281_kankou"}},{"type":"Feature","geometry":{"type":"Point","coordinates":[131.158698,32.854499]},"properties":{"id":"municipal-fcd7473cc8acfbfd","name":"上色見熊野座神社","nameEn":"","source":"https://data.bodik.jp/dataset/434281_kankou"}},{"type":"Feature","geometry":{"type":"Point","coordinates":[131.147675,32.843406]},"properties":{"id":"municipal-132cd119e2738175","name":"休暇村南阿蘇","nameEn":"","source":"https://data.bodik.jp/dataset/434281_kankou"}},{"type":"Feature","geometry":{"type":"Point","coordinates":[131.134432,32.838837]},"properties":{"id":"municipal-ad4bf1de46d3a7e8","name":"月廻り温泉館","nameEn":"","source":"https://data.bodik.jp/dataset/434281_kankou"}},{"type":"Feature","geometry":{"type":"Point","coordinates":[136.399587,34.459221]},"properties":{"id":"municipal-a41f5533aed9cf6d","name":"エバーグレイズ香肌峡","nameEn":"","source":"https://data.bodik.jp/dataset/242047_tourism"}},{"type":"Feature","geometry":{"type":"Point","coordinates":[136.398298,34.460744]},"properties":{"id":"municipal-ad3a202ce98c8a63","name":"道の駅「茶倉駅」","nameEn":"","source":"https://data.bodik.jp/dataset/242047_tourism"}},{"type":"Feature","geometry":{"type":"Point","coordinates":[136.331943,34.427569]},"properties":{"id":"municipal-9368f40c80f13b71","name":"道の駅「飯高駅」","nameEn":"","source":"https://data.bodik.jp/dataset/242047_tourism"}},{"type":"Feature","geometry":{"type":"Point","coordinates":[136.535061,34.57684]},"properties":{"id":"municipal-07166d5fb684b14d","name":"松阪駅観光情報センター","nameEn":"","source":"https://data.bodik.jp/dataset/242047_tourism"}},{"type":"Feature","geometry":{"type":"Point","coordinates":[136.511492,34.645327]},"properties":{"id":"municipal-67ee8ebc4e970dc2","name":"松浦武四郎誕生地","nameEn":"","source":"https://data.bodik.jp/dataset/242047_tourism"}},{"type":"Feature","geometry":{"type":"Point","coordinates":[136.509159,34.642655]},"properties":{"id":"municipal-ac220a8d9bdcce2d","name":"松浦武四郎記念館","nameEn":"","source":"https://data.bodik.jp/dataset/242047_tourism"}},{"type":"Feature","geometry":{"type":"Point","coordinates":[130.434601,32.984791]},"properties":{"id":"municipal-f1cda26dd96f2254","name":"宮崎兄弟の生家・資料館","nameEn":"","source":"https://data.bodik.jp/dataset/432041_kankoshisetsu"}},{"type":"Feature","geometry":{"type":"Point","coordinates":[130.463263,32.985187]},"properties":{"id":"municipal-5fa4d09081581cc5","name":"子ども科学館あらおキッズドーム","nameEn":"","source":"https://data.bodik.jp/dataset/432041_kankoshisetsu"}},{"type":"Feature","geometry":{"type":"Point","coordinates":[130.0259742,32.3123894]},"properties":{"id":"municipal-7dfb570970755eca","name":"天草の﨑津集落","nameEn":"","source":"https://data.bodik.jp/dataset/420000_nagasakitabinet"}},{"type":"Feature","geometry":{"type":"Point","coordinates":[136.5810925,35.0739445]},"properties":{"id":"municipal-289a1d123818aca4","name":"東員町中部公園","nameEn":"Toin Chubu Park","source":"https://data.bodik.jp/dataset/243248_tourism"}},{"type":"Feature","geometry":{"type":"Point","coordinates":[130.79899,32.63293]},"properties":{"id":"municipal-a94dea9d742f9cd4","name":"美里町カントリーパーク","nameEn":"","source":"https://data.bodik.jp/dataset/433489_tourism"}},{"type":"Feature","geometry":{"type":"Point","coordinates":[130.5574327,32.93817956]},"properties":{"id":"municipal-149d4c92c39f498b","name":"立願寺公園しらさぎの足湯","nameEn":"","source":"https://data.bodik.jp/dataset/432067_18"}},{"type":"Feature","geometry":{"type":"Point","coordinates":[130.5612901,32.93423252]},"properties":{"id":"municipal-03c8e4203ac86a46","name":"歴史博物館こころピア","nameEn":"","source":"https://data.bodik.jp/dataset/432067_18"}},{"type":"Feature","geometry":{"type":"Point","coordinates":[130.5583064,32.92765211]},"properties":{"id":"municipal-595a0a270ef89887","name":"繁根木八幡宮","nameEn":"","source":"https://data.bodik.jp/dataset/432067_18"}},{"type":"Feature","geometry":{"type":"Point","coordinates":[130.5523373,32.93834324]},"properties":{"id":"municipal-4b99434923ec2f11","name":"疋野神社","nameEn":"","source":"https://data.bodik.jp/dataset/432067_18"}},{"type":"Feature","geometry":{"type":"Point","coordinates":[130.5632779,32.92781492]},"properties":{"id":"municipal-010b0bd7b6bef5c8","name":"高瀬裏川水際緑地公園","nameEn":"","source":"https://data.bodik.jp/dataset/432067_18"}},{"type":"Feature","geometry":{"type":"Point","coordinates":[130.5484664,32.94615414]},"properties":{"id":"municipal-ff33017f4f8a0443","name":"蛇ヶ谷公園","nameEn":"","source":"https://data.bodik.jp/dataset/432067_18"}},{"type":"Feature","geometry":{"type":"Point","coordinates":[130.5739264,32.94243275]},"properties":{"id":"municipal-f19a708969733617","name":"観光ほっとプラザたまララ","nameEn":"","source":"https://data.bodik.jp/dataset/432067_18"}},{"type":"Feature","geometry":{"type":"Point","coordinates":[130.5625543,32.92719542]},"properties":{"id":"municipal-23c47143cd8860a8","name":"高瀬目鏡橋","nameEn":"","source":"https://data.bodik.jp/dataset/432067_18"}},{"type":"Feature","geometry":{"type":"Point","coordinates":[130.5622377,32.92672127]},"properties":{"id":"municipal-8ef1b77de612f68f","name":"秋丸眼鏡橋","nameEn":"","source":"https://data.bodik.jp/dataset/432067_18"}},{"type":"Feature","geometry":{"type":"Point","coordinates":[130.5617871,32.92375844]},"properties":{"id":"municipal-07735dea0fab92ff","name":"熊本藩高瀬米蔵跡(高瀬船着場跡)","nameEn":"","source":"https://data.bodik.jp/dataset/432067_18"}},{"type":"Feature","geometry":{"type":"Point","coordinates":[130.5608807,32.92436377]},"properties":{"id":"municipal-045a203469baffd8","name":"熊本藩高瀬米蔵跡(高瀬御蔵跡)","nameEn":"","source":"https://data.bodik.jp/dataset/432067_18"}},{"type":"Feature","geometry":{"type":"Point","coordinates":[137.994777777,36.242666666]},"properties":{"id":"Q104575353","name":"松本民芸館","nameEn":"","source":"https://www.wikidata.org/entity/Q104575353"}},{"type":"Feature","geometry":{"type":"Point","coordinates":[139.825003,38.727589]},"properties":{"id":"Q104696383","name":"大寶館","nameEn":"","source":"https://www.wikidata.org/entity/Q104696383"}},{"type":"Feature","geometry":{"type":"Point","coordinates":[140.5610639,39.5995475]},"properties":{"id":"osm-relation-14721803","name":"角館樺細工伝承館","nameEn":"","source":"https://www.openstreetmap.org/relation/14721803"}},{"type":"Feature","geometry":{"type":"Point","coordinates":[140.3286485,38.2532604]},"properties":{"id":"osm-relation-14422186","name":"山形市郷土館","nameEn":"Yamagata City Local History Museum","source":"https://www.openstreetmap.org/relation/14422186"}},{"type":"Feature","geometry":{"type":"Point","coordinates":[137.6355354,36.2462449]},"properties":{"id":"osm-node-165005871","name":"上高地","nameEn":"Kamikochi","source":"https://www.openstreetmap.org/node/165005871"}},{"type":"Feature","geometry":{"type":"Point","coordinates":[141.580317,40.5391058]},"properties":{"id":"osm-node-262311854","name":"葦毛崎展望台","nameEn":"Ashigezaki Observatory","source":"https://www.openstreetmap.org/node/262311854"}},{"type":"Feature","geometry":{"type":"Point","coordinates":[134.5840471,34.0914976]},"properties":{"id":"osm-node-266977554","name":"阿波十郎兵衛屋敷","nameEn":"","source":"https://www.openstreetmap.org/node/266977554"}},{"type":"Feature","geometry":{"type":"Point","coordinates":[140.3425096,41.2589355]},"properties":{"id":"osm-node-462259234","name":"龍飛岬展望台","nameEn":"Cape Tappi Viewpoint","source":"https://www.openstreetmap.org/node/462259234"}},{"type":"Feature","geometry":{"type":"Point","coordinates":[140.3466908,41.2539479]},"properties":{"id":"osm-node-462263857","name":"青函トンネル記念館","nameEn":"Seikan Tunnel Museum","source":"https://www.openstreetmap.org/node/462263857"}},{"type":"Feature","geometry":{"type":"Point","coordinates":[134.2622564,34.0223453]},"properties":{"id":"osm-node-568918944","name":"美郷ほたる館","nameEn":"","source":"https://www.openstreetmap.org/node/568918944"}},{"type":"Feature","geometry":{"type":"Point","coordinates":[134.1827886,33.258319]},"properties":{"id":"osm-node-599495996","name":"ディープシーワールド","nameEn":"","source":"https://www.openstreetmap.org/node/599495996"}},{"type":"Feature","geometry":{"type":"Point","coordinates":[136.1256526,36.2378867]},"properties":{"id":"osm-node-661995668","name":"東尋坊","nameEn":"Tojinbo cliff","source":"https://www.openstreetmap.org/node/661995668"}},{"type":"Feature","geometry":{"type":"Point","coordinates":[136.9068317,36.2573454]},"properties":{"id":"osm-node-683765481","name":"白川郷","nameEn":"Shirakawa-gō","source":"https://www.openstreetmap.org/node/683765481"}},{"type":"Feature","geometry":{"type":"Point","coordinates":[134.0458633,33.8535806]},"properties":{"id":"osm-node-756495136","name":"奥祖谷二重かずら橋","nameEn":"Oku-Iya Niju Kazurabashi","source":"https://www.openstreetmap.org/node/756495136"}},{"type":"Feature","geometry":{"type":"Point","coordinates":[140.11772,35.1143278]},"properties":{"id":"osm-node-760293109","name":"鴨川シーワールド","nameEn":"Kamogawa Sea World","source":"https://www.openstreetmap.org/node/760293109"}},{"type":"Feature","geometry":{"type":"Point","coordinates":[139.8298579,38.9186377]},"properties":{"id":"osm-node-871678978","name":"NKAgent","nameEn":"","source":"https://www.openstreetmap.org/node/871678978"}},{"type":"Feature","geometry":{"type":"Point","coordinates":[136.9134245,35.2925017]},"properties":{"id":"osm-node-873822477","name":"小牧市歴史館","nameEn":"Komaki City Historical Museum","source":"https://www.openstreetmap.org/node/873822477"}},{"type":"Feature","geometry":{"type":"Point","coordinates":[127.7490139,26.1398284]},"properties":{"id":"osm-node-1068014185","name":"おきなわワールド","nameEn":"Okinawa World","source":"https://www.openstreetmap.org/node/1068014185"}},{"type":"Feature","geometry":{"type":"Point","coordinates":[127.7435298,26.1224789]},"properties":{"id":"osm-node-1068027240","name":"具志頭歴史民俗資料館","nameEn":"Gushichan History and Fork Museum","source":"https://www.openstreetmap.org/node/1068027240"}},{"type":"Feature","geometry":{"type":"Point","coordinates":[128.0192893,26.7138069]},"properties":{"id":"osm-node-1094909470","name":"KouriIslandNorthBeach","nameEn":"","source":"https://www.openstreetmap.org/node/1094909470"}},{"type":"Feature","geometry":{"type":"Point","coordinates":[145.8084515,43.3851334]},"properties":{"id":"osm-node-1240679016","name":"オーロラタワー","nameEn":"","source":"https://www.openstreetmap.org/node/1240679016"}},{"type":"Feature","geometry":{"type":"Point","coordinates":[133.0214308,32.7267094]},"properties":{"id":"osm-node-1275225550","name":"天狗の鼻","nameEn":"","source":"https://www.openstreetmap.org/node/1275225550"}},{"type":"Feature","geometry":{"type":"Point","coordinates":[137.0421262,35.1453932]},"properties":{"id":"osm-node-1313804244","name":"岩崎城歴史記念館","nameEn":"","source":"https://www.openstreetmap.org/node/1313804244"}},{"type":"Feature","geometry":{"type":"Point","coordinates":[137.0484666,35.1732378]},"properties":{"id":"osm-node-1319911990","name":"長久手市郷土資料室","nameEn":"","source":"https://www.openstreetmap.org/node/1319911990"}},{"type":"Feature","geometry":{"type":"Point","coordinates":[139.3868362,36.1371335]},"properties":{"id":"osm-node-1420198974","name":"熊谷市立図書館美術・郷土資料展示室","nameEn":"","source":"https://www.openstreetmap.org/node/1420198974"}},{"type":"Feature","geometry":{"type":"Point","coordinates":[140.4971635,35.8883898]},"properties":{"id":"osm-node-1420725043","name":"伊能忠敬記念館","nameEn":"Ino Tadataka Museum","source":"https://www.openstreetmap.org/node/1420725043"}},{"type":"Feature","geometry":{"type":"Point","coordinates":[140.120536,35.116053]},"properties":{"id":"osm-node-1420743883","name":"鴨川シーワールド","nameEn":"Kamogawa Sea World","source":"https://www.openstreetmap.org/node/1420743883"}},{"type":"Feature","geometry":{"type":"Point","coordinates":[140.103809,35.105178]},"properties":{"id":"osm-node-1420743890","name":"鴨川市民ギャラリー","nameEn":"","source":"https://www.openstreetmap.org/node/1420743890"}},{"type":"Feature","geometry":{"type":"Point","coordinates":[140.0387686,35.1282551]},"properties":{"id":"osm-node-1420743892","name":"房総自由民権資料館","nameEn":"","source":"https://www.openstreetmap.org/node/1420743892"}},{"type":"Feature","geometry":{"type":"Point","coordinates":[140.099477,35.112771]},"properties":{"id":"osm-node-1420743905","name":"鴨川市郷土資料館・文化財センター","nameEn":"","source":"https://www.openstreetmap.org/node/1420743905"}},{"type":"Feature","geometry":{"type":"Point","coordinates":[139.963197,35.254763]},"properties":{"id":"osm-node-1420743959","name":"鹿野山神野寺宝物拝観所","nameEn":"","source":"https://www.openstreetmap.org/node/1420743959"}},{"type":"Feature","geometry":{"type":"Point","coordinates":[136.902128,36.514588]},"properties":{"id":"osm-node-1420913950","name":"南砺市城端曳山会館","nameEn":"","source":"https://www.openstreetmap.org/node/1420913950"}},{"type":"Feature","geometry":{"type":"Point","coordinates":[136.886852,36.404476]},"properties":{"id":"osm-node-1420913955","name":"南砺市立五箇山民俗館","nameEn":"Gokayama folklore museum","source":"https://www.openstreetmap.org/node/1420913955"}},{"type":"Feature","geometry":{"type":"Point","coordinates":[136.8869617,36.4041163]},"properties":{"id":"osm-node-1420913961","name":"南砺市立塩硝の館","nameEn":"Salpeter museum","source":"https://www.openstreetmap.org/node/1420913961"}},{"type":"Feature","geometry":{"type":"Point","coordinates":[136.935077,36.425285]},"properties":{"id":"osm-node-1420913963","name":"南砺市立相倉民俗館","nameEn":"Nanto Municipal Ainokura Folk Museum","source":"https://www.openstreetmap.org/node/1420913963"}},{"type":"Feature","geometry":{"type":"Point","coordinates":[137.216727,36.687744]},"properties":{"id":"osm-node-1420914148","name":"大谷和子こども美術館","nameEn":"","source":"https://www.openstreetmap.org/node/1420914148"}},{"type":"Feature","geometry":{"type":"Point","coordinates":[137.264307,36.732604]},"properties":{"id":"osm-node-1420915023","name":"富山県交通公園交通安全博物館","nameEn":"","source":"https://www.openstreetmap.org/node/1420915023"}},{"type":"Feature","geometry":{"type":"Point","coordinates":[137.21704,36.697821]},"properties":{"id":"osm-node-1420915044","name":"富山県教育記念館","nameEn":"","source":"https://www.openstreetmap.org/node/1420915044"}},{"type":"Feature","geometry":{"type":"Point","coordinates":[137.554458,36.958501]},"properties":{"id":"osm-node-1420916452","name":"朝日町立ふるさと美術館","nameEn":"","source":"https://www.openstreetmap.org/node/1420916452"}},{"type":"Feature","geometry":{"type":"Point","coordinates":[137.553934,36.921618]},"properties":{"id":"osm-node-1420916870","name":"百河豚美術館","nameEn":"","source":"https://www.openstreetmap.org/node/1420916870"}},{"type":"Feature","geometry":{"type":"Point","coordinates":[137.449147,36.826154]},"properties":{"id":"osm-node-1420917910","name":"魚津歴史民俗博物館","nameEn":"","source":"https://www.openstreetmap.org/node/1420917910"}},{"type":"Feature","geometry":{"type":"Point","coordinates":[137.425564,36.901284]},"properties":{"id":"osm-node-1420917932","name":"黒部市吉田科学館","nameEn":"","source":"https://www.openstreetmap.org/node/1420917932"}},{"type":"Feature","geometry":{"type":"Point","coordinates":[137.425038,36.881731]},"properties":{"id":"osm-node-1420917943","name":"黒部市美術館","nameEn":"","source":"https://www.openstreetmap.org/node/1420917943"}},{"type":"Feature","geometry":{"type":"Point","coordinates":[136.6322394,36.4477863]},"properties":{"id":"osm-node-1420933224","name":"白山市立鶴来博物館(閉鎖)","nameEn":"","source":"https://www.openstreetmap.org/node/1420933224"}},{"type":"Feature","geometry":{"type":"Point","coordinates":[136.632329,36.444136]},"properties":{"id":"osm-node-1420933409","name":"石川県ふれあい昆虫館","nameEn":"Ishikawa Prefectural Insect Museum","source":"https://www.openstreetmap.org/node/1420933409"}},{"type":"Feature","geometry":{"type":"Point","coordinates":[136.640814,36.43074]},"properties":{"id":"osm-node-1420933436","name":"石川県林業試験場展示館","nameEn":"Ishikawa Forestry Experiment Exhibition Hall","source":"https://www.openstreetmap.org/node/1420933436"}},{"type":"Feature","geometry":{"type":"Point","coordinates":[136.599848,36.545894]},"properties":{"id":"osm-node-1420934968","name":"野々市市ふるさと歴史館","nameEn":"","source":"https://www.openstreetmap.org/node/1420934968"}},{"type":"Feature","geometry":{"type":"Point","coordinates":[136.219957,36.069994]},"properties":{"id":"osm-node-1420944895","name":"ふくい藤田美術館","nameEn":"","source":"https://www.openstreetmap.org/node/1420944895"}},{"type":"Feature","geometry":{"type":"Point","coordinates":[136.52068,36.042756]},"properties":{"id":"osm-node-1420945298","name":"勝山城博物館","nameEn":"Katsuyama Castle","source":"https://www.openstreetmap.org/node/1420945298"}},{"type":"Feature","geometry":{"type":"Point","coordinates":[136.274304,36.152181]},"properties":{"id":"osm-node-1420946125","name":"坂井市丸岡歴史民俗資料館","nameEn":"","source":"https://www.openstreetmap.org/node/1420946125"}},{"type":"Feature","geometry":{"type":"Point","coordinates":[136.168253,35.904973]},"properties":{"id":"osm-node-1420946618","name":"宇野茶道美術館","nameEn":"","source":"https://www.openstreetmap.org/node/1420946618"}},{"type":"Feature","geometry":{"type":"Point","coordinates":[136.231824,36.122726]},"properties":{"id":"osm-node-1420948538","name":"正蓮花吉澤資料館","nameEn":"","source":"https://www.openstreetmap.org/node/1420948538"}},{"type":"Feature","geometry":{"type":"Point","coordinates":[136.211111,36.059983]},"properties":{"id":"osm-node-1420949280","name":"福井市愛宕坂茶道美術館","nameEn":"","source":"https://www.openstreetmap.org/node/1420949280"}},{"type":"Feature","geometry":{"type":"Point","coordinates":[136.211187,36.059776]},"properties":{"id":"osm-node-1420949290","name":"福井市橘曙覧記念文学館","nameEn":"","source":"https://www.openstreetmap.org/node/1420949290"}},{"type":"Feature","geometry":{"type":"Point","coordinates":[136.145072,36.026276]},"properties":{"id":"osm-node-1420949293","name":"福井市清水郷土資料館","nameEn":"","source":"https://www.openstreetmap.org/node/1420949293"}},{"type":"Feature","geometry":{"type":"Point","coordinates":[136.209403,36.056606]},"properties":{"id":"osm-node-1420949314","name":"福井市自然史博物館","nameEn":"","source":"https://www.openstreetmap.org/node/1420949314"}},{"type":"Feature","geometry":{"type":"Point","coordinates":[136.5065708,36.0823042]},"properties":{"id":"osm-node-1420949543","name":"福井県立恐竜博物館","nameEn":"","source":"https://www.openstreetmap.org/node/1420949543"}},{"type":"Feature","geometry":{"type":"Point","coordinates":[136.1466764,36.2526485]},"properties":{"id":"osm-node-1420949924","name":"越前松島水族館","nameEn":"","source":"https://www.openstreetmap.org/node/1420949924"}},{"type":"Feature","geometry":{"type":"Point","coordinates":[136.723857,34.46707]},"properties":{"id":"osm-node-1420974907","name":"お伊勢まいり資料館","nameEn":"","source":"https://www.openstreetmap.org/node/1420974907"}},{"type":"Feature","geometry":{"type":"Point","coordinates":[136.811637,34.490748]},"properties":{"id":"osm-node-1420975633","name":"マコンデ美術館","nameEn":"","source":"https://www.openstreetmap.org/node/1420975633"}},{"type":"Feature","geometry":{"type":"Point","coordinates":[137.5514331,35.5860224]},"properties":{"id":"osm-node-1420976560","name":"中津川市東山魁夷心の旅路館","nameEn":"","source":"https://www.openstreetmap.org/node/1420976560"}},{"type":"Feature","geometry":{"type":"Point","coordinates":[136.925579,35.812132]},"properties":{"id":"osm-node-1420978520","name":"古今伝授の里フィールドミュージアム","nameEn":"","source":"https://www.openstreetmap.org/node/1420978520"}},{"type":"Feature","geometry":{"type":"Point","coordinates":[136.772963,35.391139]},"properties":{"id":"osm-node-1420980910","name":"大松美術館","nameEn":"","source":"https://www.openstreetmap.org/node/1420980910"}},{"type":"Feature","geometry":{"type":"Point","coordinates":[136.957099,35.748659]},"properties":{"id":"osm-node-1420981114","name":"奥美濃おもだか家民芸館","nameEn":"","source":"https://www.openstreetmap.org/node/1420981114"}},{"type":"Feature","geometry":{"type":"Point","coordinates":[136.830446,35.922654]},"properties":{"id":"osm-node-1420981116","name":"奥美濃若宮修古館","nameEn":"","source":"https://www.openstreetmap.org/node/1420981116"}},{"type":"Feature","geometry":{"type":"Point","coordinates":[136.9584618,35.7520217]},"properties":{"id":"osm-node-1420981183","name":"安養寺宝物殿","nameEn":"","source":"https://www.openstreetmap.org/node/1420981183"}},{"type":"Feature","geometry":{"type":"Point","coordinates":[136.736719,35.464827]},"properties":{"id":"osm-node-1420982339","name":"岐阜大学教育学部郷土博物館","nameEn":"","source":"https://www.openstreetmap.org/node/1420982339"}},{"type":"Feature","geometry":{"type":"Point","coordinates":[136.957217,35.7484467]},"properties":{"id":"osm-node-1420988719","name":"心の森ミュージアム遊童館","nameEn":"","source":"https://www.openstreetmap.org/node/1420988719"}},{"type":"Feature","geometry":{"type":"Point","coordinates":[136.80501,34.375351]},"properties":{"id":"osm-node-1420988734","name":"志摩市立磯部図書館・郷土資料館","nameEn":"","source":"https://www.openstreetmap.org/node/1420988734"}},{"type":"Feature","geometry":{"type":"Point","coordinates":[137.258459,36.146435]},"properties":{"id":"osm-node-1420989042","name":"日下部民藝館","nameEn":"Kusakabe Folk Museum","source":"https://www.openstreetmap.org/node/1420989042"}},{"type":"Feature","geometry":{"type":"Point","coordinates":[136.760675,35.398387]},"properties":{"id":"osm-node-1420990919","name":"歯の博物館","nameEn":"","source":"https://www.openstreetmap.org/node/1420990919"}},{"type":"Feature","geometry":{"type":"Point","coordinates":[137.261788,36.141871]},"properties":{"id":"osm-node-1420990920","name":"歴史民俗資料館・高山市郷土館","nameEn":"","source":"https://www.openstreetmap.org/node/1420990920"}},{"type":"Feature","geometry":{"type":"Point","coordinates":[136.8995033,34.4493281]},"properties":{"id":"osm-node-1420992984","name":"海の博物館","nameEn":"","source":"https://www.openstreetmap.org/node/1420992984"}},{"type":"Feature","geometry":{"type":"Point","coordinates":[136.640637,35.216369]},"properties":{"id":"osm-node-1420993070","name":"木曽三川輪中ミュージアム","nameEn":"","source":"https://www.openstreetmap.org/node/1420993070"}},{"type":"Feature","geometry":{"type":"Point","coordinates":[136.088075,33.876092]},"properties":{"id":"osm-node-1420994250","name":"熊野市歴史民俗資料館","nameEn":"","source":"https://www.openstreetmap.org/node/1420994250"}},{"type":"Feature","geometry":{"type":"Point","coordinates":[135.913875,33.876454]},"properties":{"id":"osm-node-1420994326","name":"熊野市紀和鉱山資料館","nameEn":"","source":"https://www.openstreetmap.org/node/1420994326"}},{"type":"Feature","geometry":{"type":"Point","coordinates":[136.8316189,35.9241539]},"properties":{"id":"osm-node-1420997236","name":"白山文化博物館","nameEn":"","source":"https://www.openstreetmap.org/node/1420997236"}},{"type":"Feature","geometry":{"type":"Point","coordinates":[137.2621796,36.1397037]},"properties":{"id":"osm-node-1420999111","name":"福来博士記念館","nameEn":"Dr. Fukurai Memorial Hall","source":"https://www.openstreetmap.org/node/1420999111"}},{"type":"Feature","geometry":{"type":"Point","coordinates":[137.401557,35.98603]},"properties":{"id":"osm-node-1420999256","name":"秋神温泉山村資料室","nameEn":"","source":"https://www.openstreetmap.org/node/1420999256"}},{"type":"Feature","geometry":{"type":"Point","coordinates":[136.702144,35.324206]},"properties":{"id":"osm-node-1420999711","name":"羽島市歴史民俗資料館・羽島市映画資料館","nameEn":"","source":"https://www.openstreetmap.org/node/1420999711"}},{"type":"Feature","geometry":{"type":"Point","coordinates":[137.260722,36.143279]},"properties":{"id":"osm-node-1420999771","name":"老田野鳥館","nameEn":"","source":"https://www.openstreetmap.org/node/1420999771"}},{"type":"Feature","geometry":{"type":"Point","coordinates":[137.259202,36.142812]},"properties":{"id":"osm-node-1421000405","name":"藤井美術民芸館","nameEn":"Fujii Folk Museum","source":"https://www.openstreetmap.org/node/1421000405"}},{"type":"Feature","geometry":{"type":"Point","coordinates":[136.688292,35.121618]},"properties":{"id":"osm-node-1421000876","name":"輪中の郷","nameEn":"","source":"https://www.openstreetmap.org/node/1421000876"}},{"type":"Feature","geometry":{"type":"Point","coordinates":[136.9571162,35.7534067]},"properties":{"id":"osm-node-1421001173","name":"郡上八幡博覧館","nameEn":"Gujouhachiman museum","source":"https://www.openstreetmap.org/node/1421001173"}},{"type":"Feature","geometry":{"type":"Point","coordinates":[136.94995,35.745836]},"properties":{"id":"osm-node-1421001184","name":"郡上八幡民芸美術館","nameEn":"","source":"https://www.openstreetmap.org/node/1421001184"}},{"type":"Feature","geometry":{"type":"Point","coordinates":[137.254004,36.122148]},"properties":{"id":"osm-node-1421002647","name":"飛騨・世界生活文化センター（ミュージアム温故知新）","nameEn":"","source":"https://www.openstreetmap.org/node/1421002647"}},{"type":"Feature","geometry":{"type":"Point","coordinates":[137.259411,36.142201]},"properties":{"id":"osm-node-1421002658","name":"飛騨民族考古館","nameEn":"Hida Archeology Museum","source":"https://www.openstreetmap.org/node/1421002658"}},{"type":"Feature","geometry":{"type":"Point","coordinates":[137.2483941,36.1184657]},"properties":{"id":"osm-node-1421002668","name":"世界の昆虫館","nameEn":"Hida Takayama Festival Forest","source":"https://www.openstreetmap.org/node/1421002668"}},{"type":"Feature","geometry":{"type":"Point","coordinates":[137.258843,36.147451]},"properties":{"id":"osm-node-1421002669","name":"飛騨高山印籠美術館","nameEn":"","source":"https://www.openstreetmap.org/node/1421002669"}},{"type":"Feature","geometry":{"type":"Point","coordinates":[137.255524,36.147111]},"properties":{"id":"osm-node-1421002670","name":"飛騨高山春慶会館","nameEn":"","source":"https://www.openstreetmap.org/node/1421002670"}},{"type":"Feature","geometry":{"type":"Point","coordinates":[137.2409367,36.1369364]},"properties":{"id":"osm-node-1421002671","name":"飛騨高山美術館","nameEn":"","source":"https://www.openstreetmap.org/node/1421002671"}},{"type":"Feature","geometry":{"type":"Point","coordinates":[137.249467,36.121159]},"properties":{"id":"osm-node-1421002672","name":"飛騨高山茶の湯の森","nameEn":"","source":"https://www.openstreetmap.org/node/1421002672"}},{"type":"Feature","geometry":{"type":"Point","coordinates":[136.504145,34.762294]},"properties":{"id":"osm-node-1421003021","name":"高田本山専修寺宝物館","nameEn":"","source":"https://www.openstreetmap.org/node/1421003021"}},{"type":"Feature","geometry":{"type":"Point","coordinates":[136.957434,35.748584]},"properties":{"id":"osm-node-1421003275","name":"齋藤美術館","nameEn":"","source":"https://www.openstreetmap.org/node/1421003275"}},{"type":"Feature","geometry":{"type":"Point","coordinates":[136.0592436,34.8777713]},"properties":{"id":"osm-node-1422943988","name":"甲賀市信楽伝統産業会館","nameEn":"Shigaraki Pottery Museum","source":"https://www.openstreetmap.org/node/1422943988"}},{"type":"Feature","geometry":{"type":"Point","coordinates":[136.0161311,34.9149]},"properties":{"id":"osm-node-1422945982","name":"ミホミュージアム","nameEn":"Miho Museum","source":"https://www.openstreetmap.org/node/1422945982"}},{"type":"Feature","geometry":{"type":"Point","coordinates":[135.7639168,34.9867719]},"properties":{"id":"osm-node-1422961307","name":"京都芸大附属芸術資料館","nameEn":"","source":"https://www.openstreetmap.org/node/1422961307"}},{"type":"Feature","geometry":{"type":"Point","coordinates":[135.3375243,33.6927802]},"properties":{"id":"osm-node-1423051676","name":"白浜水族館","nameEn":"Shirahama Aquarium","source":"https://www.openstreetmap.org/node/1423051676"}},{"type":"Feature","geometry":{"type":"Point","coordinates":[133.82538,35.428926]},"properties":{"id":"osm-node-1423053107","name":"倉吉博物館","nameEn":"","source":"https://www.openstreetmap.org/node/1423053107"}},{"type":"Feature","geometry":{"type":"Point","coordinates":[134.8726355,34.7495105]},"properties":{"id":"osm-node-1423054984","name":"総合文化センター","nameEn":"","source":"https://www.openstreetmap.org/node/1423054984"}},{"type":"Feature","geometry":{"type":"Point","coordinates":[133.8214536,35.4795111]},"properties":{"id":"osm-node-1423055431","name":"北栄町歴史民俗資料館","nameEn":"","source":"https://www.openstreetmap.org/node/1423055431"}},{"type":"Feature","geometry":{"type":"Point","coordinates":[135.3361146,33.6936902]},"properties":{"id":"osm-node-1423055572","name":"南方熊楠記念館","nameEn":"","source":"https://www.openstreetmap.org/node/1423055572"}},{"type":"Feature","geometry":{"type":"Point","coordinates":[135.996991,33.728342]},"properties":{"id":"osm-node-1423067963","name":"新宮市立歴史民俗資料館","nameEn":"","source":"https://www.openstreetmap.org/node/1423067963"}},{"type":"Feature","geometry":{"type":"Point","coordinates":[134.7647,34.957744]},"properties":{"id":"osm-node-1423069860","name":"柳田國男・松岡家顕彰会記念館","nameEn":"","source":"https://www.openstreetmap.org/node/1423069860"}},{"type":"Feature","geometry":{"type":"Point","coordinates":[134.801611,34.306857]},"properties":{"id":"osm-node-1423071955","name":"淡路ファームパークイングランドの丘","nameEn":"","source":"https://www.openstreetmap.org/node/1423071955"}},{"type":"Feature","geometry":{"type":"Point","coordinates":[134.883131,34.244297]},"properties":{"id":"osm-node-1423072020","name":"淡路島モンキーセンター","nameEn":"","source":"https://www.openstreetmap.org/node/1423072020"}},{"type":"Feature","geometry":{"type":"Point","coordinates":[134.8107087,35.6251871]},"properties":{"id":"osm-node-1423091595","name":"豊岡市立城崎文芸館","nameEn":"","source":"https://www.openstreetmap.org/node/1423091595"}},{"type":"Feature","geometry":{"type":"Point","coordinates":[134.234453,35.492372]},"properties":{"id":"osm-node-1423095145","name":"鳥取市こども科学館","nameEn":"","source":"https://www.openstreetmap.org/node/1423095145"}},{"type":"Feature","geometry":{"type":"Point","coordinates":[133.835552,35.431251]},"properties":{"id":"osm-node-1423096537","name":"鳥取県立鳥取二十世紀梨記念館","nameEn":"Pear museum","source":"https://www.openstreetmap.org/node/1423096537"}},{"type":"Feature","geometry":{"type":"Point","coordinates":[134.106905,34.721634]},"properties":{"id":"osm-node-1423609042","name":"備前長船刀剣博物館","nameEn":"Bizen Osafune Sword Village Bizen Osafune Sword Museum","source":"https://www.openstreetmap.org/node/1423609042"}},{"type":"Feature","geometry":{"type":"Point","coordinates":[134.093866,34.662983]},"properties":{"id":"osm-node-1423616950","name":"瀬戸内市立邑久郷土資料館","nameEn":"","source":"https://www.openstreetmap.org/node/1423616950"}},{"type":"Feature","geometry":{"type":"Point","coordinates":[134.262377,34.022348]},"properties":{"id":"osm-node-1423654477","name":"吉野川市美郷ほたる館","nameEn":"","source":"https://www.openstreetmap.org/node/1423654477"}},{"type":"Feature","geometry":{"type":"Point","coordinates":[134.4411706,34.1534022]},"properties":{"id":"osm-node-1423658168","name":"徳島県立あすたむらんど子ども科学館","nameEn":"","source":"https://www.openstreetmap.org/node/1423658168"}},{"type":"Feature","geometry":{"type":"Point","coordinates":[134.5461154,34.0751578]},"properties":{"id":"osm-node-1423658202","name":"徳島県郷土文化会館阿波木偶資料館","nameEn":"","source":"https://www.openstreetmap.org/node/1423658202"}},{"type":"Feature","geometry":{"type":"Point","coordinates":[134.4825017,34.1151134]},"properties":{"id":"osm-node-1423660885","name":"藍住町歴史館・藍の館","nameEn":"Aizumi Town History Museum Ai no Yakata","source":"https://www.openstreetmap.org/node/1423660885"}},{"type":"Feature","geometry":{"type":"Point","coordinates":[134.5449026,34.0701077]},"properties":{"id":"osm-node-1423661426","name":"阿波おどり会館・阿波おどりミュージアム","nameEn":"","source":"https://www.openstreetmap.org/node/1423661426"}},{"type":"Feature","geometry":{"type":"Point","coordinates":[134.2309488,34.045969]},"properties":{"id":"osm-node-1423661429","name":"阿波和紙伝統産業会館","nameEn":"","source":"https://www.openstreetmap.org/node/1423661429"}},{"type":"Feature","geometry":{"type":"Point","coordinates":[134.057308,33.456357]},"properties":{"id":"osm-node-1423707178","name":"中岡慎太郎館","nameEn":"","source":"https://www.openstreetmap.org/node/1423707178"}},{"type":"Feature","geometry":{"type":"Point","coordinates":[132.930622,32.9969402]},"properties":{"id":"osm-node-1423731922","name":"四万十市立郷土資料館","nameEn":"","source":"https://www.openstreetmap.org/node/1423731922"}},{"type":"Feature","geometry":{"type":"Point","coordinates":[133.5312644,33.5553684]},"properties":{"id":"osm-node-1423732303","name":"土佐山内家宝物資料館","nameEn":"","source":"https://www.openstreetmap.org/node/1423732303"}},{"type":"Feature","geometry":{"type":"Point","coordinates":[132.866171,32.789603]},"properties":{"id":"osm-node-1423732454","name":"土佐足摺サンゴ博物館","nameEn":"","source":"https://www.openstreetmap.org/node/1423732454"}},{"type":"Feature","geometry":{"type":"Point","coordinates":[133.9132501,33.5195295]},"properties":{"id":"osm-node-1423733994","name":"安芸市立書道美術館","nameEn":"","source":"https://www.openstreetmap.org/node/1423733994"}},{"type":"Feature","geometry":{"type":"Point","coordinates":[133.9132474,33.5192065]},"properties":{"id":"osm-node-1423733998","name":"安芸市立歴史民俗資料館","nameEn":"","source":"https://www.openstreetmap.org/node/1423733998"}},{"type":"Feature","geometry":{"type":"Point","coordinates":[132.730371,32.938777]},"properties":{"id":"osm-node-1423734251","name":"宿毛市立宿毛歴史館","nameEn":"","source":"https://www.openstreetmap.org/node/1423734251"}},{"type":"Feature","geometry":{"type":"Point","coordinates":[132.865787,32.788672]},"properties":{"id":"osm-node-1423743074","name":"竜串貝類展示館海のギャラリー","nameEn":"","source":"https://www.openstreetmap.org/node/1423743074"}},{"type":"Feature","geometry":{"type":"Point","coordinates":[133.644106,34.084542]},"properties":{"id":"osm-node-1423744038","name":"観音寺市ちょうさ会館","nameEn":"","source":"https://www.openstreetmap.org/node/1423744038"}},{"type":"Feature","geometry":{"type":"Point","coordinates":[133.6437499,34.0842683]},"properties":{"id":"osm-node-1423744269","name":"豊浜郷土資料館","nameEn":"","source":"https://www.openstreetmap.org/node/1423744269"}},{"type":"Feature","geometry":{"type":"Point","coordinates":[133.724606,33.541673]},"properties":{"id":"osm-node-1423744981","name":"香南市立赤岡町絵金蔵","nameEn":"","source":"https://www.openstreetmap.org/node/1423744981"}},{"type":"Feature","geometry":{"type":"Point","coordinates":[133.524589,33.556407]},"properties":{"id":"osm-node-1423747784","name":"高知市立龍馬の生まれたまち記念館","nameEn":"","source":"https://www.openstreetmap.org/node/1423747784"}},{"type":"Feature","geometry":{"type":"Point","coordinates":[133.531502,33.5606603]},"properties":{"id":"osm-node-1423748051","name":"高知県懐徳館","nameEn":"","source":"https://www.openstreetmap.org/node/1423748051"}},{"type":"Feature","geometry":{"type":"Point","coordinates":[130.666467,33.899882]},"properties":{"id":"osm-node-1423758051","name":"多賀谷美術館","nameEn":"","source":"https://www.openstreetmap.org/node/1423758051"}},{"type":"Feature","geometry":{"type":"Point","coordinates":[131.017689,33.536357]},"properties":{"id":"osm-node-1423776845","name":"求菩提資料館","nameEn":"","source":"https://www.openstreetmap.org/node/1423776845"}},{"type":"Feature","geometry":{"type":"Point","coordinates":[130.6655346,33.9061695]},"properties":{"id":"osm-node-1423782483","name":"芦屋歴史民俗資料館","nameEn":"","source":"https://www.openstreetmap.org/node/1423782483"}},{"type":"Feature","geometry":{"type":"Point","coordinates":[130.7910204,32.8860516]},"properties":{"id":"osm-node-1423800639","name":"合志市歴史資料館","nameEn":"","source":"https://www.openstreetmap.org/node/1423800639"}},{"type":"Feature","geometry":{"type":"Point","coordinates":[130.716915,32.808752]},"properties":{"id":"osm-node-1423800760","name":"吉田司家宝物館","nameEn":"","source":"https://www.openstreetmap.org/node/1423800760"}},{"type":"Feature","geometry":{"type":"Point","coordinates":[130.5973206,32.9721323]},"properties":{"id":"osm-node-1423800856","name":"和水町歴史民俗資料館","nameEn":"","source":"https://www.openstreetmap.org/node/1423800856"}},{"type":"Feature","geometry":{"type":"Point","coordinates":[130.5974033,32.9707189]},"properties":{"id":"osm-node-1423800861","name":"和水町歴史資料館","nameEn":"","source":"https://www.openstreetmap.org/node/1423800861"}},{"type":"Feature","geometry":{"type":"Point","coordinates":[130.427497,32.527406]},"properties":{"id":"osm-node-1423802047","name":"天草パールマリア館","nameEn":"","source":"https://www.openstreetmap.org/node/1423802047"}},{"type":"Feature","geometry":{"type":"Point","coordinates":[130.1840326,32.4599462]},"properties":{"id":"osm-node-1423802055","name":"天草切支丹館","nameEn":"","source":"https://www.openstreetmap.org/node/1423802055"}},{"type":"Feature","geometry":{"type":"Point","coordinates":[130.720826,32.803309]},"properties":{"id":"osm-node-1423804592","name":"徳富記念園","nameEn":"","source":"https://www.openstreetmap.org/node/1423804592"}},{"type":"Feature","geometry":{"type":"Point","coordinates":[130.6986461,32.782051]},"properties":{"id":"osm-node-1423804954","name":"新聞博物館","nameEn":"","source":"https://www.openstreetmap.org/node/1423804954"}},{"type":"Feature","geometry":{"type":"Point","coordinates":[130.596668,32.509269]},"properties":{"id":"osm-node-1423806416","name":"松井文庫驥斎","nameEn":"","source":"https://www.openstreetmap.org/node/1423806416"}},{"type":"Feature","geometry":{"type":"Point","coordinates":[130.756443,32.83001]},"properties":{"id":"osm-node-1423808143","name":"熊本国際民藝館","nameEn":"","source":"https://www.openstreetmap.org/node/1423808143"}},{"type":"Feature","geometry":{"type":"Point","coordinates":[130.6993427,32.808624]},"properties":{"id":"osm-node-1423808453","name":"熊本市立熊本博物館","nameEn":"","source":"https://www.openstreetmap.org/node/1423808453"}},{"type":"Feature","geometry":{"type":"Point","coordinates":[130.7004739,32.807451]},"properties":{"id":"osm-node-1423808780","name":"熊本県立美術館","nameEn":"","source":"https://www.openstreetmap.org/node/1423808780"}},{"type":"Feature","geometry":{"type":"Point","coordinates":[130.703704,32.80839]},"properties":{"id":"osm-node-1423811510","name":"監物台樹木園森林博物館","nameEn":"","source":"https://www.openstreetmap.org/node/1423811510"}},{"type":"Feature","geometry":{"type":"Point","coordinates":[130.732325,32.815134]},"properties":{"id":"osm-node-1423814501","name":"神風連資料館","nameEn":"","source":"https://www.openstreetmap.org/node/1423814501"}},{"type":"Feature","geometry":{"type":"Point","coordinates":[130.463977,32.984678]},"properties":{"id":"osm-node-1423817378","name":"荒尾総合文化センター子ども科学館","nameEn":"","source":"https://www.openstreetmap.org/node/1423817378"}},{"type":"Feature","geometry":{"type":"Point","coordinates":[130.8157149,32.9881669]},"properties":{"id":"osm-node-1423817616","name":"菊池神社歴史館","nameEn":"","source":"https://www.openstreetmap.org/node/1423817616"}},{"type":"Feature","geometry":{"type":"Point","coordinates":[131.470817,33.315672]},"properties":{"id":"osm-node-1423867192","name":"山地獄動物園","nameEn":"","source":"https://www.openstreetmap.org/node/1423867192"}},{"type":"Feature","geometry":{"type":"Point","coordinates":[136.9491209,34.9939894]},"properties":{"id":"osm-node-1423946635","name":"あいち健康の森健康科学総合センター健康科学館（あいち健康プラザ）","nameEn":"","source":"https://www.openstreetmap.org/node/1423946635"}},{"type":"Feature","geometry":{"type":"Point","coordinates":[136.798332,35.179268]},"properties":{"id":"osm-node-1423946779","name":"だいきち美術七宝焼参考館","nameEn":"","source":"https://www.openstreetmap.org/node/1423946779"}},{"type":"Feature","geometry":{"type":"Point","coordinates":[136.7973048,35.1848487]},"properties":{"id":"osm-node-1423947780","name":"七宝町郷土資料館","nameEn":"","source":"https://www.openstreetmap.org/node/1423947780"}},{"type":"Feature","geometry":{"type":"Point","coordinates":[136.901304,35.168751]},"properties":{"id":"osm-node-1423948081","name":"三菱東京ＵＦＪ銀行貨幣資料館","nameEn":"","source":"https://www.openstreetmap.org/node/1423948081"}},{"type":"Feature","geometry":{"type":"Point","coordinates":[136.910322,35.181226]},"properties":{"id":"osm-node-1423950532","name":"名古屋市市政資料館","nameEn":"Nagoya City Municipal Archives Museum","source":"https://www.openstreetmap.org/node/1423950532"}},{"type":"Feature","geometry":{"type":"Point","coordinates":[137.038866,35.170843]},"properties":{"id":"osm-node-1423951244","name":"名都美術館","nameEn":"","source":"https://www.openstreetmap.org/node/1423951244"}},{"type":"Feature","geometry":{"type":"Point","coordinates":[137.5282321,34.9187893]},"properties":{"id":"osm-node-1423986846","name":"新城市設楽原歴史資料館","nameEn":"","source":"https://www.openstreetmap.org/node/1423986846"}},{"type":"Feature","geometry":{"type":"Point","coordinates":[136.909558,35.172383]},"properties":{"id":"osm-node-1423989362","name":"森村記念館","nameEn":"","source":"https://www.openstreetmap.org/node/1423989362"}},{"type":"Feature","geometry":{"type":"Point","coordinates":[136.907039,35.177264]},"properties":{"id":"osm-node-1423989763","name":"歯の博物館","nameEn":"Teeth Museum","source":"https://www.openstreetmap.org/node/1423989763"}},{"type":"Feature","geometry":{"type":"Point","coordinates":[136.784566,35.200744]},"properties":{"id":"osm-node-1423996221","name":"あま市美和歴史民俗資料館","nameEn":"","source":"https://www.openstreetmap.org/node/1423996221"}},{"type":"Feature","geometry":{"type":"Point","coordinates":[137.238966,34.815193]},"properties":{"id":"osm-node-1423997068","name":"蒲郡ファンタジー館","nameEn":"","source":"https://www.openstreetmap.org/node/1423997068"}},{"type":"Feature","geometry":{"type":"Point","coordinates":[134.2541654,33.699609]},"properties":{"id":"osm-node-1428808003","name":"TodorokiWaterfalls","nameEn":"","source":"https://www.openstreetmap.org/node/1428808003"}},{"type":"Feature","geometry":{"type":"Point","coordinates":[134.1101919,33.3063131]},"properties":{"id":"osm-node-1493125453","name":"RegionalMuseum","nameEn":"","source":"https://www.openstreetmap.org/node/1493125453"}},{"type":"Feature","geometry":{"type":"Point","coordinates":[133.9932279,34.4466914]},"properties":{"id":"osm-node-1493825968","name":"BenesseHouseBeach","nameEn":"Benesse House Beach","source":"https://www.openstreetmap.org/node/1493825968"}},{"type":"Feature","geometry":{"type":"Point","coordinates":[133.9332271,33.8766388]},"properties":{"id":"osm-node-1531610365","name":"Ochiaiviewpoint","nameEn":"Viewing platform for Ochiai village","source":"https://www.openstreetmap.org/node/1531610365"}},{"type":"Feature","geometry":{"type":"Point","coordinates":[137.7020418,35.7714723]},"properties":{"id":"osm-node-1671578359","name":"木曽路美術館","nameEn":"","source":"https://www.openstreetmap.org/node/1671578359"}},{"type":"Feature","geometry":{"type":"Point","coordinates":[137.7073116,35.761628]},"properties":{"id":"osm-node-1675220802","name":"小野の滝","nameEn":"","source":"https://www.openstreetmap.org/node/1675220802"}},{"type":"Feature","geometry":{"type":"Point","coordinates":[137.6999114,35.7724009]},"properties":{"id":"osm-node-1675220816","name":"県立公園寝覚の床","nameEn":"","source":"https://www.openstreetmap.org/node/1675220816"}},{"type":"Feature","geometry":{"type":"Point","coordinates":[137.6875357,35.806995]},"properties":{"id":"osm-node-1675224746","name":"木曽の桟","nameEn":"","source":"https://www.openstreetmap.org/node/1675224746"}},{"type":"Feature","geometry":{"type":"Point","coordinates":[131.0503018,32.8849693]},"properties":{"id":"osm-node-1685739158","name":"草千里展望台","nameEn":"","source":"https://www.openstreetmap.org/node/1685739158"}},{"type":"Feature","geometry":{"type":"Point","coordinates":[137.0220953,35.1229173]},"properties":{"id":"osm-node-1735990825","name":"レトロでんしゃ館","nameEn":"","source":"https://www.openstreetmap.org/node/1735990825"}},{"type":"Feature","geometry":{"type":"Point","coordinates":[133.7247491,33.5417882]},"properties":{"id":"osm-node-1747355585","name":"弁天座","nameEn":"","source":"https://www.openstreetmap.org/node/1747355585"}},{"type":"Feature","geometry":{"type":"Point","coordinates":[137.2584333,36.1466403]},"properties":{"id":"osm-node-1890197013","name":"吉島家住宅","nameEn":"Yoshijima Heritage House","source":"https://www.openstreetmap.org/node/1890197013"}},{"type":"Feature","geometry":{"type":"Point","coordinates":[136.843962,34.4849979]},"properties":{"id":"osm-node-1939769310","name":"門野幾之進記念館","nameEn":"","source":"https://www.openstreetmap.org/node/1939769310"}},{"type":"Feature","geometry":{"type":"Point","coordinates":[136.8405515,34.4823972]},"properties":{"id":"osm-node-1944360872","name":"鳥羽みなとまち文学館","nameEn":"","source":"https://www.openstreetmap.org/node/1944360872"}},{"type":"Feature","geometry":{"type":"Point","coordinates":[136.648756,36.5779699]},"properties":{"id":"osm-node-2146147869","name":"もてなしドーム","nameEn":"Motenashi Dome","source":"https://www.openstreetmap.org/node/2146147869"}},{"type":"Feature","geometry":{"type":"Point","coordinates":[136.1163562,33.8902908]},"properties":{"id":"osm-node-2241643709","name":"鬼ヶ城","nameEn":"Onigajō","source":"https://www.openstreetmap.org/node/2241643709"}},{"type":"Feature","geometry":{"type":"Point","coordinates":[140.63315,37.995593]},"properties":{"id":"osm-node-2285176669","name":"温麺の館うーめん・こけし・白石和紙","nameEn":"","source":"https://www.openstreetmap.org/node/2285176669"}},{"type":"Feature","geometry":{"type":"Point","coordinates":[140.572714,38.035397]},"properties":{"id":"osm-node-2285228481","name":"弥次郎こけし村","nameEn":"","source":"https://www.openstreetmap.org/node/2285228481"}},{"type":"Feature","geometry":{"type":"Point","coordinates":[140.7290685,38.2242958]},"properties":{"id":"osm-node-2287620640","name":"奇面巖","nameEn":"Kimen-iwa Rock","source":"https://www.openstreetmap.org/node/2287620640"}},{"type":"Feature","geometry":{"type":"Point","coordinates":[140.7325265,38.222972]},"properties":{"id":"osm-node-2287847211","name":"天斧巖","nameEn":"Ten-ono-iwa Rock","source":"https://www.openstreetmap.org/node/2287847211"}},{"type":"Feature","geometry":{"type":"Point","coordinates":[140.73198,38.223114]},"properties":{"id":"osm-node-2287851538","name":"猿飛巖","nameEn":"","source":"https://www.openstreetmap.org/node/2287851538"}},{"type":"Feature","geometry":{"type":"Point","coordinates":[140.7302747,38.2232162]},"properties":{"id":"osm-node-2287856719","name":"三筋滝","nameEn":"","source":"https://www.openstreetmap.org/node/2287856719"}},{"type":"Feature","geometry":{"type":"Point","coordinates":[140.7297058,38.2237749]},"properties":{"id":"osm-node-2287861594","name":"時雨滝","nameEn":"","source":"https://www.openstreetmap.org/node/2287861594"}},{"type":"Feature","geometry":{"type":"Point","coordinates":[140.7296313,38.2238555]},"properties":{"id":"osm-node-2287864323","name":"八間滝","nameEn":"","source":"https://www.openstreetmap.org/node/2287864323"}},{"type":"Feature","geometry":{"type":"Point","coordinates":[137.259121,36.1395]},"properties":{"id":"osm-node-2291055192","name":"JinyamaeMorningMarket","nameEn":"","source":"https://www.openstreetmap.org/node/2291055192"}},{"type":"Feature","geometry":{"type":"Point","coordinates":[137.2578518,36.1446938]},"properties":{"id":"osm-node-2291055940","name":"宮川朝市","nameEn":"Miyagawa Morning Market","source":"https://www.openstreetmap.org/node/2291055940"}},{"type":"Feature","geometry":{"type":"Point","coordinates":[136.9079634,36.2629545]},"properties":{"id":"osm-node-2325707789","name":"荻町城跡展望台","nameEn":"Ogimachi Castle Observation Deck","source":"https://www.openstreetmap.org/node/2325707789"}},{"type":"Feature","geometry":{"type":"Point","coordinates":[140.748663,40.8272792]},"properties":{"id":"osm-node-2344127990","name":"青森県立郷土館(AomoriPrefecturalMuseum)","nameEn":"","source":"https://www.openstreetmap.org/node/2344127990"}},{"type":"Feature","geometry":{"type":"Point","coordinates":[140.7442241,40.8262377]},"properties":{"id":"osm-node-2345510040","name":"青森市美術館","nameEn":"","source":"https://www.openstreetmap.org/node/2345510040"}},{"type":"Feature","geometry":{"type":"Point","coordinates":[135.50115,34.6683852]},"properties":{"id":"osm-node-2354657950","name":"ナルミヤ戎橋画廊","nameEn":"","source":"https://www.openstreetmap.org/node/2354657950"}},{"type":"Feature","geometry":{"type":"Point","coordinates":[136.9078152,35.169559]},"properties":{"id":"osm-node-2397979732","name":"ギャラリー彩","nameEn":"","source":"https://www.openstreetmap.org/node/2397979732"}},{"type":"Feature","geometry":{"type":"Point","coordinates":[136.8970539,35.1628304]},"properties":{"id":"osm-node-2398916656","name":"ARTSPACEA-1","nameEn":"","source":"https://www.openstreetmap.org/node/2398916656"}},{"type":"Feature","geometry":{"type":"Point","coordinates":[136.9075549,35.1685054]},"properties":{"id":"osm-node-2398996780","name":"名古屋栄三越＜7階＞","nameEn":"","source":"https://www.openstreetmap.org/node/2398996780"}},{"type":"Feature","geometry":{"type":"Point","coordinates":[136.9065128,35.1694371]},"properties":{"id":"osm-node-2399101666","name":"ギャラリータマミジアム","nameEn":"","source":"https://www.openstreetmap.org/node/2399101666"}},{"type":"Feature","geometry":{"type":"Point","coordinates":[136.901284,35.168752]},"properties":{"id":"osm-node-2400056868","name":"旧名古屋銀行本店","nameEn":"","source":"https://www.openstreetmap.org/node/2400056868"}},{"type":"Feature","geometry":{"type":"Point","coordinates":[136.8905275,35.1693461]},"properties":{"id":"osm-node-2400098888","name":"ウエストベスギャラリーコヅカ","nameEn":"","source":"https://www.openstreetmap.org/node/2400098888"}},{"type":"Feature","geometry":{"type":"Point","coordinates":[136.8987496,35.1723758]},"properties":{"id":"osm-node-2400117369","name":"画廊松徳","nameEn":"","source":"https://www.openstreetmap.org/node/2400117369"}},{"type":"Feature","geometry":{"type":"Point","coordinates":[136.9012417,35.1714571]},"properties":{"id":"osm-node-2400123210","name":"STANDINGPINE","nameEn":"","source":"https://www.openstreetmap.org/node/2400123210"}},{"type":"Feature","geometry":{"type":"Point","coordinates":[136.9008994,35.1715379]},"properties":{"id":"osm-node-2400123211","name":"YEBISUARTLABO","nameEn":"","source":"https://www.openstreetmap.org/node/2400123211"}},{"type":"Feature","geometry":{"type":"Point","coordinates":[136.9005199,35.1709154]},"properties":{"id":"osm-node-2400127034","name":"N-MARKB1","nameEn":"","source":"https://www.openstreetmap.org/node/2400127034"}},{"type":"Feature","geometry":{"type":"Point","coordinates":[136.8983921,35.169968]},"properties":{"id":"osm-node-2400129643","name":"ぎゃらり壷中天・mu-jo","nameEn":"","source":"https://www.openstreetmap.org/node/2400129643"}},{"type":"Feature","geometry":{"type":"Point","coordinates":[136.9000073,35.1696403]},"properties":{"id":"osm-node-2400134510","name":"夢画廊","nameEn":"","source":"https://www.openstreetmap.org/node/2400134510"}},{"type":"Feature","geometry":{"type":"Point","coordinates":[136.900315,35.1696613]},"properties":{"id":"osm-node-2400134513","name":"長者町画廊","nameEn":"","source":"https://www.openstreetmap.org/node/2400134513"}},{"type":"Feature","geometry":{"type":"Point","coordinates":[136.9035046,35.1694844]},"properties":{"id":"osm-node-2400163927","name":"ギャラリー4CATS","nameEn":"","source":"https://www.openstreetmap.org/node/2400163927"}},{"type":"Feature","geometry":{"type":"Point","coordinates":[136.9045396,35.171216]},"properties":{"id":"osm-node-2400176369","name":"名古屋芸術大学アートスペースT.A.G.IZUTO","nameEn":"","source":"https://www.openstreetmap.org/node/2400176369"}},{"type":"Feature","geometry":{"type":"Point","coordinates":[136.9069999,35.1714147]},"properties":{"id":"osm-node-2400188466","name":"ガレリア・デ・アルテ","nameEn":"","source":"https://www.openstreetmap.org/node/2400188466"}},{"type":"Feature","geometry":{"type":"Point","coordinates":[136.9102042,35.1687666]},"properties":{"id":"osm-node-2400190736","name":"名古屋市民ギャラリー栄","nameEn":"Nagoya Citizens' Gallery Sakae","source":"https://www.openstreetmap.org/node/2400190736"}},{"type":"Feature","geometry":{"type":"Point","coordinates":[136.9102058,35.168516]},"properties":{"id":"osm-node-2400190739","name":"栄サンシティーギャラリー","nameEn":"Sakae Sun City Gallery","source":"https://www.openstreetmap.org/node/2400190739"}},{"type":"Feature","geometry":{"type":"Point","coordinates":[136.9117455,35.1699594]},"properties":{"id":"osm-node-2400192708","name":"フォトサロンサン・ルゥ","nameEn":"","source":"https://www.openstreetmap.org/node/2400192708"}},{"type":"Feature","geometry":{"type":"Point","coordinates":[136.9091268,35.1759688]},"properties":{"id":"osm-node-2400195873","name":"セントラル・アートギャラリー","nameEn":"","source":"https://www.openstreetmap.org/node/2400195873"}},{"type":"Feature","geometry":{"type":"Point","coordinates":[136.8971053,35.1687334]},"properties":{"id":"osm-node-2400197319","name":"ギャラリー名芳洞","nameEn":"","source":"https://www.openstreetmap.org/node/2400197319"}},{"type":"Feature","geometry":{"type":"Point","coordinates":[136.8960033,35.1678538]},"properties":{"id":"osm-node-2400199730","name":"アートシップ","nameEn":"","source":"https://www.openstreetmap.org/node/2400199730"}},{"type":"Feature","geometry":{"type":"Point","coordinates":[136.8955558,35.1658926]},"properties":{"id":"osm-node-2400200210","name":"ギャラリーA・C・S","nameEn":"","source":"https://www.openstreetmap.org/node/2400200210"}},{"type":"Feature","geometry":{"type":"Point","coordinates":[136.897437,35.1660184]},"properties":{"id":"osm-node-2400224040","name":"名古屋画廊","nameEn":"","source":"https://www.openstreetmap.org/node/2400224040"}},{"type":"Feature","geometry":{"type":"Point","coordinates":[136.8983742,35.1678484]},"properties":{"id":"osm-node-2400225453","name":"さいとう画廊","nameEn":"","source":"https://www.openstreetmap.org/node/2400225453"}},{"type":"Feature","geometry":{"type":"Point","coordinates":[136.8979868,35.1677748]},"properties":{"id":"osm-node-2400225454","name":"弥栄画廊","nameEn":"","source":"https://www.openstreetmap.org/node/2400225454"}},{"type":"Feature","geometry":{"type":"Point","coordinates":[136.900647,35.1686741]},"properties":{"id":"osm-node-2401049828","name":"日動画廊","nameEn":"","source":"https://www.openstreetmap.org/node/2401049828"}},{"type":"Feature","geometry":{"type":"Point","coordinates":[136.9014492,35.1670275]},"properties":{"id":"osm-node-2401052024","name":"岩勝画廊","nameEn":"","source":"https://www.openstreetmap.org/node/2401052024"}},{"type":"Feature","geometry":{"type":"Point","coordinates":[136.9026806,35.1651364]},"properties":{"id":"osm-node-2401055655","name":"KENJITAKIGALLERY","nameEn":"","source":"https://www.openstreetmap.org/node/2401055655"}},{"type":"Feature","geometry":{"type":"Point","coordinates":[136.9026432,35.1649589]},"properties":{"id":"osm-node-2401055659","name":"ギャラリー聚","nameEn":"","source":"https://www.openstreetmap.org/node/2401055659"}},{"type":"Feature","geometry":{"type":"Point","coordinates":[136.9026824,35.1651553]},"properties":{"id":"osm-node-2401055662","name":"ギャラリー顕美子","nameEn":"","source":"https://www.openstreetmap.org/node/2401055662"}},{"type":"Feature","geometry":{"type":"Point","coordinates":[136.9050638,35.1655883]},"properties":{"id":"osm-node-2401060464","name":"国際デザインセンター","nameEn":"International Design Center Nagoya","source":"https://www.openstreetmap.org/node/2401060464"}},{"type":"Feature","geometry":{"type":"Point","coordinates":[136.9069123,35.1650321]},"properties":{"id":"osm-node-2401065046","name":"橋本美術","nameEn":"","source":"https://www.openstreetmap.org/node/2401065046"}},{"type":"Feature","geometry":{"type":"Point","coordinates":[136.9069486,35.166261]},"properties":{"id":"osm-node-2401065936","name":"妙香園画廊","nameEn":"","source":"https://www.openstreetmap.org/node/2401065936"}},{"type":"Feature","geometry":{"type":"Point","coordinates":[136.9120645,35.1656329]},"properties":{"id":"osm-node-2401067269","name":"サロンギャラリー余白","nameEn":"","source":"https://www.openstreetmap.org/node/2401067269"}},{"type":"Feature","geometry":{"type":"Point","coordinates":[141.135444,39.1763722]},"properties":{"id":"osm-node-2428108170","name":"奥州市埋蔵文化財調査センター","nameEn":"","source":"https://www.openstreetmap.org/node/2428108170"}},{"type":"Feature","geometry":{"type":"Point","coordinates":[135.3355749,33.6656846]},"properties":{"id":"osm-node-2430716140","name":"三段壁","nameEn":"","source":"https://www.openstreetmap.org/node/2430716140"}},{"type":"Feature","geometry":{"type":"Point","coordinates":[135.3308606,33.6709619]},"properties":{"id":"osm-node-2430716147","name":"SenjyoJiki","nameEn":"","source":"https://www.openstreetmap.org/node/2430716147"}},{"type":"Feature","geometry":{"type":"Point","coordinates":[138.480237,36.718867]},"properties":{"id":"osm-node-2484539459","name":"一沼","nameEn":"","source":"https://www.openstreetmap.org/node/2484539459"}},{"type":"Feature","geometry":{"type":"Point","coordinates":[140.3464804,41.2541342]},"properties":{"id":"osm-node-2484550916","name":"竜飛ウィンドパーク展示館","nameEn":"","source":"https://www.openstreetmap.org/node/2484550916"}},{"type":"Feature","geometry":{"type":"Point","coordinates":[140.8670616,38.2608558]},"properties":{"id":"osm-node-2494582238","name":"仙台市戦災復興記念館","nameEn":"","source":"https://www.openstreetmap.org/node/2494582238"}},{"type":"Feature","geometry":{"type":"Point","coordinates":[137.8595908,36.0110895]},"properties":{"id":"osm-node-2502284165","name":"贄川関所・木曽考古館","nameEn":"","source":"https://www.openstreetmap.org/node/2502284165"}},{"type":"Feature","geometry":{"type":"Point","coordinates":[140.5617441,39.60051]},"properties":{"id":"osm-node-2598170891","name":"角館歴史村青柳家","nameEn":"Aoyagi Samurai House","source":"https://www.openstreetmap.org/node/2598170891"}},{"type":"Feature","geometry":{"type":"Point","coordinates":[140.5627876,39.598668]},"properties":{"id":"osm-node-2598170929","name":"武家屋敷岩橋家","nameEn":"","source":"https://www.openstreetmap.org/node/2598170929"}},{"type":"Feature","geometry":{"type":"Point","coordinates":[140.5626371,39.5969552]},"properties":{"id":"osm-node-2598170930","name":"史跡小田野家","nameEn":"Odano Samurai House","source":"https://www.openstreetmap.org/node/2598170930"}},{"type":"Feature","geometry":{"type":"Point","coordinates":[140.5626807,39.597202]},"properties":{"id":"osm-node-2598170931","name":"武家屋敷河原田家","nameEn":"Kawarada Samurai House","source":"https://www.openstreetmap.org/node/2598170931"}},{"type":"Feature","geometry":{"type":"Point","coordinates":[140.5613494,39.5982059]},"properties":{"id":"osm-node-2598309158","name":"武家屋敷松本家","nameEn":"Matsumoto Samurai House","source":"https://www.openstreetmap.org/node/2598309158"}},{"type":"Feature","geometry":{"type":"Point","coordinates":[140.4969815,35.8893855]},"properties":{"id":"osm-node-2672427605","name":"ギャラリーいなえ","nameEn":"","source":"https://www.openstreetmap.org/node/2672427605"}},{"type":"Feature","geometry":{"type":"Point","coordinates":[141.1624332,39.3991065]},"properties":{"id":"osm-node-2706119458","name":"宮沢賢治記念館","nameEn":"Miyazawa Kenji Museum","source":"https://www.openstreetmap.org/node/2706119458"}},{"type":"Feature","geometry":{"type":"Point","coordinates":[141.1645761,39.3969556]},"properties":{"id":"osm-node-2706119481","name":"宮沢賢治イーハトーブ館","nameEn":"Miyazawa Kenji Ihatov Museum","source":"https://www.openstreetmap.org/node/2706119481"}},{"type":"Feature","geometry":{"type":"Point","coordinates":[141.1689989,39.3981398]},"properties":{"id":"osm-node-2706119527","name":"宮沢賢治童話村","nameEn":"","source":"https://www.openstreetmap.org/node/2706119527"}},{"type":"Feature","geometry":{"type":"Point","coordinates":[141.1324975,39.1350567]},"properties":{"id":"osm-node-2735395727","name":"奥州宇宙遊学館","nameEn":"","source":"https://www.openstreetmap.org/node/2735395727"}},{"type":"Feature","geometry":{"type":"Point","coordinates":[141.1326738,39.135605]},"properties":{"id":"osm-node-2735410065","name":"木村榮記念館","nameEn":"","source":"https://www.openstreetmap.org/node/2735410065"}},{"type":"Feature","geometry":{"type":"Point","coordinates":[136.5356673,36.0435778]},"properties":{"id":"osm-node-2927348261","name":"白山平泉寺歴史探遊館まほろば","nameEn":"","source":"https://www.openstreetmap.org/node/2927348261"}},{"type":"Feature","geometry":{"type":"Point","coordinates":[139.7958609,35.7409386]},"properties":{"id":"osm-node-2965564826","name":"石洞美術館","nameEn":"Sekido Museum of Art","source":"https://www.openstreetmap.org/node/2965564826"}},{"type":"Feature","geometry":{"type":"Point","coordinates":[134.5475695,34.070698]},"properties":{"id":"osm-node-2991739760","name":"お絵かき水族館","nameEn":"","source":"https://www.openstreetmap.org/node/2991739760"}},{"type":"Feature","geometry":{"type":"Point","coordinates":[133.8235394,35.4312457]},"properties":{"id":"osm-node-2993281962","name":"赤瓦八号館","nameEn":"","source":"https://www.openstreetmap.org/node/2993281962"}},{"type":"Feature","geometry":{"type":"Point","coordinates":[133.8239237,35.4317446]},"properties":{"id":"osm-node-2993281963","name":"赤瓦六号館","nameEn":"","source":"https://www.openstreetmap.org/node/2993281963"}},{"type":"Feature","geometry":{"type":"Point","coordinates":[133.8248615,35.4313207]},"properties":{"id":"osm-node-2993281964","name":"赤瓦十号館","nameEn":"","source":"https://www.openstreetmap.org/node/2993281964"}},{"type":"Feature","geometry":{"type":"Point","coordinates":[133.8247303,35.4320178]},"properties":{"id":"osm-node-2993281965","name":"赤瓦三号館","nameEn":"","source":"https://www.openstreetmap.org/node/2993281965"}},{"type":"Feature","geometry":{"type":"Point","coordinates":[133.8241643,35.4324453]},"properties":{"id":"osm-node-2993281966","name":"赤瓦一号館","nameEn":"","source":"https://www.openstreetmap.org/node/2993281966"}},{"type":"Feature","geometry":{"type":"Point","coordinates":[133.8243175,35.4320415]},"properties":{"id":"osm-node-2993281967","name":"赤瓦二号館","nameEn":"","source":"https://www.openstreetmap.org/node/2993281967"}},{"type":"Feature","geometry":{"type":"Point","coordinates":[133.8244674,35.4320021]},"properties":{"id":"osm-node-2993281968","name":"赤瓦十二号館","nameEn":"","source":"https://www.openstreetmap.org/node/2993281968"}},{"type":"Feature","geometry":{"type":"Point","coordinates":[133.8239638,35.4322171]},"properties":{"id":"osm-node-2993281969","name":"赤瓦五号館","nameEn":"","source":"https://www.openstreetmap.org/node/2993281969"}},{"type":"Feature","geometry":{"type":"Point","coordinates":[133.8244719,35.4324986]},"properties":{"id":"osm-node-2993281970","name":"赤瓦十一号館","nameEn":"","source":"https://www.openstreetmap.org/node/2993281970"}},{"type":"Feature","geometry":{"type":"Point","coordinates":[133.8246736,35.4317262]},"properties":{"id":"osm-node-2993281971","name":"赤瓦七号館","nameEn":"","source":"https://www.openstreetmap.org/node/2993281971"}},{"type":"Feature","geometry":{"type":"Point","coordinates":[133.82647,35.431659]},"properties":{"id":"osm-node-2993281972","name":"赤瓦十三号館","nameEn":"","source":"https://www.openstreetmap.org/node/2993281972"}},{"type":"Feature","geometry":{"type":"Point","coordinates":[133.8267479,35.4316004]},"properties":{"id":"osm-node-2993281973","name":"赤瓦十五号館","nameEn":"","source":"https://www.openstreetmap.org/node/2993281973"}},{"type":"Feature","geometry":{"type":"Point","coordinates":[141.21451,41.265293]},"properties":{"id":"osm-node-3103676836","name":"Dynamamusementpark","nameEn":"","source":"https://www.openstreetmap.org/node/3103676836"}},{"type":"Feature","geometry":{"type":"Point","coordinates":[133.8354927,33.5137377]},"properties":{"id":"osm-node-3268703474","name":"赤野休憩所","nameEn":"","source":"https://www.openstreetmap.org/node/3268703474"}},{"type":"Feature","geometry":{"type":"Point","coordinates":[130.817305,32.6243426]},"properties":{"id":"osm-node-3371148398","name":"タイムトンネル（熊延鉄道洞門）","nameEn":"","source":"https://www.openstreetmap.org/node/3371148398"}},{"type":"Feature","geometry":{"type":"Point","coordinates":[130.8161531,32.6234616]},"properties":{"id":"osm-node-3371148399","name":"二俣渡（ハートのできる橋）","nameEn":"","source":"https://www.openstreetmap.org/node/3371148399"}},{"type":"Feature","geometry":{"type":"Point","coordinates":[137.9652164,36.2317503]},"properties":{"id":"osm-node-3412510303","name":"アートフレンド","nameEn":"Art Friend","source":"https://www.openstreetmap.org/node/3412510303"}},{"type":"Feature","geometry":{"type":"Point","coordinates":[141.161157,39.389289]},"properties":{"id":"osm-node-3438493794","name":"花巻新渡戸記念館","nameEn":"","source":"https://www.openstreetmap.org/node/3438493794"}},{"type":"Feature","geometry":{"type":"Point","coordinates":[136.9716198,35.7339431]},"properties":{"id":"osm-node-3624143536","name":"縄文鍾乳洞","nameEn":"","source":"https://www.openstreetmap.org/node/3624143536"}},{"type":"Feature","geometry":{"type":"Point","coordinates":[136.7880101,34.5063234]},"properties":{"id":"osm-node-3686344246","name":"音無山展望台","nameEn":"","source":"https://www.openstreetmap.org/node/3686344246"}},{"type":"Feature","geometry":{"type":"Point","coordinates":[133.9341196,33.8810668]},"properties":{"id":"osm-node-3717907261","name":"Nagaoka-ke","nameEn":"","source":"https://www.openstreetmap.org/node/3717907261"}},{"type":"Feature","geometry":{"type":"Point","coordinates":[133.906376,33.8681591]},"properties":{"id":"osm-node-3717934209","name":"東祖谷歴史民俗資料館","nameEn":"Higashi-Iya Museum of Local History and Folklore","source":"https://www.openstreetmap.org/node/3717934209"}},{"type":"Feature","geometry":{"type":"Point","coordinates":[134.020489,33.8553661]},"properties":{"id":"osm-node-3718178825","name":"かかしの里","nameEn":"Scarecrow Village","source":"https://www.openstreetmap.org/node/3718178825"}},{"type":"Feature","geometry":{"type":"Point","coordinates":[138.1971305,36.5556681]},"properties":{"id":"osm-node-3747521028","name":"松代象山地下壕","nameEn":"Zozan WW2 underground imperial headquarters","source":"https://www.openstreetmap.org/node/3747521028"}},{"type":"Feature","geometry":{"type":"Point","coordinates":[136.9083962,36.2629422]},"properties":{"id":"osm-node-3752300847","name":"天守閣展望台","nameEn":"Shiroyama Tenshukaku Observation Deck","source":"https://www.openstreetmap.org/node/3752300847"}},{"type":"Feature","geometry":{"type":"Point","coordinates":[137.2149413,36.6883464]},"properties":{"id":"osm-node-3769895563","name":"富山市ガラス美術館","nameEn":"Toyama Glass Art Museum","source":"https://www.openstreetmap.org/node/3769895563"}},{"type":"Feature","geometry":{"type":"Point","coordinates":[140.3424107,41.2584925]},"properties":{"id":"osm-node-3906862678","name":"龍飛埼灯台","nameEn":"Cape Tappi Lighthouse","source":"https://www.openstreetmap.org/node/3906862678"}},{"type":"Feature","geometry":{"type":"Point","coordinates":[133.5744242,33.4976376]},"properties":{"id":"osm-node-3968917093","name":"桂浜公園","nameEn":"","source":"https://www.openstreetmap.org/node/3968917093"}},{"type":"Feature","geometry":{"type":"Point","coordinates":[133.5740049,33.546822]},"properties":{"id":"osm-node-4004453941","name":"五台山展望台","nameEn":"","source":"https://www.openstreetmap.org/node/4004453941"}},{"type":"Feature","geometry":{"type":"Point","coordinates":[134.2322881,35.4989647]},"properties":{"id":"osm-node-4027143095","name":"サル","nameEn":"","source":"https://www.openstreetmap.org/node/4027143095"}},{"type":"Feature","geometry":{"type":"Point","coordinates":[134.2324493,35.4988757]},"properties":{"id":"osm-node-4027143096","name":"アライグマ","nameEn":"","source":"https://www.openstreetmap.org/node/4027143096"}},{"type":"Feature","geometry":{"type":"Point","coordinates":[134.2325085,35.4988246]},"properties":{"id":"osm-node-4027143097","name":"テンジクネズミ","nameEn":"","source":"https://www.openstreetmap.org/node/4027143097"}},{"type":"Feature","geometry":{"type":"Point","coordinates":[134.2325185,35.4988164]},"properties":{"id":"osm-node-4027143098","name":"ウサギ","nameEn":"","source":"https://www.openstreetmap.org/node/4027143098"}},{"type":"Feature","geometry":{"type":"Point","coordinates":[134.2324539,35.4987467]},"properties":{"id":"osm-node-4027143099","name":"ふれあいゾーン","nameEn":"","source":"https://www.openstreetmap.org/node/4027143099"}},{"type":"Feature","geometry":{"type":"Point","coordinates":[134.2323573,35.4988008]},"properties":{"id":"osm-node-4027143100","name":"シマリス","nameEn":"","source":"https://www.openstreetmap.org/node/4027143100"}},{"type":"Feature","geometry":{"type":"Point","coordinates":[134.2323956,35.4987697]},"properties":{"id":"osm-node-4027143101","name":"セキセイインコ","nameEn":"","source":"https://www.openstreetmap.org/node/4027143101"}},{"type":"Feature","geometry":{"type":"Point","coordinates":[134.2324138,35.4987563]},"properties":{"id":"osm-node-4027143102","name":"プレーリードック","nameEn":"","source":"https://www.openstreetmap.org/node/4027143102"}},{"type":"Feature","geometry":{"type":"Point","coordinates":[134.2321935,35.4988913]},"properties":{"id":"osm-node-4027143104","name":"クジャク","nameEn":"","source":"https://www.openstreetmap.org/node/4027143104"}},{"type":"Feature","geometry":{"type":"Point","coordinates":[134.2322581,35.4987862]},"properties":{"id":"osm-node-4027143105","name":"ヤギ","nameEn":"","source":"https://www.openstreetmap.org/node/4027143105"}},{"type":"Feature","geometry":{"type":"Point","coordinates":[135.7647494,34.9861652]},"properties":{"id":"osm-node-4045618965","name":"柳原銀行記念資料館","nameEn":"Yanagihara Bank Memorial Museum","source":"https://www.openstreetmap.org/node/4045618965"}},{"type":"Feature","geometry":{"type":"Point","coordinates":[134.2271808,35.4946202]},"properties":{"id":"osm-node-4069103422","name":"花時計","nameEn":"","source":"https://www.openstreetmap.org/node/4069103422"}},{"type":"Feature","geometry":{"type":"Point","coordinates":[135.7832553,34.6442408]},"properties":{"id":"osm-node-4092453281","name":"金魚電話ボックス","nameEn":"","source":"https://www.openstreetmap.org/node/4092453281"}},{"type":"Feature","geometry":{"type":"Point","coordinates":[139.8383503,36.4654291]},"properties":{"id":"osm-node-4114320799","name":"おもちゃのまちバンダイミュージアム","nameEn":"Omochanomachi Bandai Museum","source":"https://www.openstreetmap.org/node/4114320799"}},{"type":"Feature","geometry":{"type":"Point","coordinates":[140.122642,36.868724]},"properties":{"id":"osm-node-4127223359","name":"芭蕉の館","nameEn":"","source":"https://www.openstreetmap.org/node/4127223359"}},{"type":"Feature","geometry":{"type":"Point","coordinates":[134.1865065,33.2992155]},"properties":{"id":"osm-node-4142770228","name":"室戸世界ジオパークセンター","nameEn":"","source":"https://www.openstreetmap.org/node/4142770228"}},{"type":"Feature","geometry":{"type":"Point","coordinates":[140.0248935,37.0655152]},"properties":{"id":"osm-node-4162758648","name":"那須ステンドグラス美術館","nameEn":"","source":"https://www.openstreetmap.org/node/4162758648"}},{"type":"Feature","geometry":{"type":"Point","coordinates":[131.0672259,32.9963743]},"properties":{"id":"osm-node-4166864806","name":"Daikanbolookout","nameEn":"","source":"https://www.openstreetmap.org/node/4166864806"}},{"type":"Feature","geometry":{"type":"Point","coordinates":[131.4737919,33.315389]},"properties":{"id":"osm-node-4171954635","name":"国東塔","nameEn":"","source":"https://www.openstreetmap.org/node/4171954635"}},{"type":"Feature","geometry":{"type":"Point","coordinates":[131.5023545,33.3104763]},"properties":{"id":"osm-node-4280958389","name":"ShoningahamaSandBath","nameEn":"","source":"https://www.openstreetmap.org/node/4280958389"}},{"type":"Feature","geometry":{"type":"Point","coordinates":[135.9870759,33.7335492]},"properties":{"id":"osm-node-4294716293","name":"Boatstop","nameEn":"","source":"https://www.openstreetmap.org/node/4294716293"}},{"type":"Feature","geometry":{"type":"Point","coordinates":[140.5303001,38.040804]},"properties":{"id":"osm-node-4315863401","name":"宮城蔵王キツネ村","nameEn":"Miyagi Zao Fox Village","source":"https://www.openstreetmap.org/node/4315863401"}},{"type":"Feature","geometry":{"type":"Point","coordinates":[138.1124188,36.0529427]},"properties":{"id":"osm-node-4326696563","name":"足湯","nameEn":"Ashiyu","source":"https://www.openstreetmap.org/node/4326696563"}},{"type":"Feature","geometry":{"type":"Point","coordinates":[137.9686296,36.2337977]},"properties":{"id":"osm-node-4330952516","name":"松本市時計博物館","nameEn":"Matsumoto City Timepiece Museum","source":"https://www.openstreetmap.org/node/4330952516"}},{"type":"Feature","geometry":{"type":"Point","coordinates":[137.2596623,36.1408745]},"properties":{"id":"osm-node-4341705794","name":"古い町並み","nameEn":"","source":"https://www.openstreetmap.org/node/4341705794"}},{"type":"Feature","geometry":{"type":"Point","coordinates":[134.331518,35.5788217]},"properties":{"id":"osm-node-4365513235","name":"Studio652(旧岩美病院)","nameEn":"","source":"https://www.openstreetmap.org/node/4365513235"}},{"type":"Feature","geometry":{"type":"Point","coordinates":[134.2248803,35.5337797]},"properties":{"id":"osm-node-4376695703","name":"SL","nameEn":"","source":"https://www.openstreetmap.org/node/4376695703"}},{"type":"Feature","geometry":{"type":"Point","coordinates":[134.2216128,35.533447]},"properties":{"id":"osm-node-4376700075","name":"レールトレイン乗り場","nameEn":"","source":"https://www.openstreetmap.org/node/4376700075"}},{"type":"Feature","geometry":{"type":"Point","coordinates":[136.200252,36.0503697]},"properties":{"id":"osm-node-4380262126","name":"足羽山公園遊園地","nameEn":"","source":"https://www.openstreetmap.org/node/4380262126"}},{"type":"Feature","geometry":{"type":"Point","coordinates":[139.7527638,38.7839705]},"properties":{"id":"osm-node-4384754290","name":"湯野浜海岸","nameEn":"yonohama beach Tsuruoka","source":"https://www.openstreetmap.org/node/4384754290"}},{"type":"Feature","geometry":{"type":"Point","coordinates":[136.1996576,36.046325]},"properties":{"id":"osm-node-4391170327","name":"おさごえ民家園","nameEn":"","source":"https://www.openstreetmap.org/node/4391170327"}},{"type":"Feature","geometry":{"type":"Point","coordinates":[134.1964438,35.5346252]},"properties":{"id":"osm-node-4393747391","name":"鳥取港海友館","nameEn":"","source":"https://www.openstreetmap.org/node/4393747391"}},{"type":"Feature","geometry":{"type":"Point","coordinates":[138.1130535,36.0477942]},"properties":{"id":"osm-node-4395640418","name":"諏訪市美術館","nameEn":"","source":"https://www.openstreetmap.org/node/4395640418"}},{"type":"Feature","geometry":{"type":"Point","coordinates":[137.9704097,36.2438429]},"properties":{"id":"osm-node-4405235990","name":"高橋家住宅","nameEn":"","source":"https://www.openstreetmap.org/node/4405235990"}},{"type":"Feature","geometry":{"type":"Point","coordinates":[137.2599303,36.1424873]},"properties":{"id":"osm-node-4414361293","name":"平田記念館","nameEn":"Hirata Folk Art Museum","source":"https://www.openstreetmap.org/node/4414361293"}},{"type":"Feature","geometry":{"type":"Point","coordinates":[136.9093298,36.2632197]},"properties":{"id":"osm-node-4437056490","name":"合掌村","nameEn":"","source":"https://www.openstreetmap.org/node/4437056490"}},{"type":"Feature","geometry":{"type":"Point","coordinates":[137.6378376,36.2488431]},"properties":{"id":"osm-node-4439868073","name":"河童橋ビューポイント","nameEn":"Kappa Bridge viewpoint","source":"https://www.openstreetmap.org/node/4439868073"}},{"type":"Feature","geometry":{"type":"Point","coordinates":[137.9728533,36.2324058]},"properties":{"id":"osm-node-4448555792","name":"源智の井戸","nameEn":"Genchi Well","source":"https://www.openstreetmap.org/node/4448555792"}},{"type":"Feature","geometry":{"type":"Point","coordinates":[137.5532937,36.1840344]},"properties":{"id":"osm-node-4459749189","name":"紅葉絶景ポイント","nameEn":"","source":"https://www.openstreetmap.org/node/4459749189"}},{"type":"Feature","geometry":{"type":"Point","coordinates":[133.8375997,35.4323141]},"properties":{"id":"osm-node-4462801869","name":"ニホンリスオープンケージ","nameEn":"","source":"https://www.openstreetmap.org/node/4462801869"}},{"type":"Feature","geometry":{"type":"Point","coordinates":[132.8859487,33.0154318]},"properties":{"id":"osm-node-4472139789","name":"佐田沈下橋","nameEn":"Sada Submersible Bridge","source":"https://www.openstreetmap.org/node/4472139789"}},{"type":"Feature","geometry":{"type":"Point","coordinates":[133.8793003,35.5068907]},"properties":{"id":"osm-node-4472230119","name":"ハワイ海水浴場","nameEn":"","source":"https://www.openstreetmap.org/node/4472230119"}},{"type":"Feature","geometry":{"type":"Point","coordinates":[133.8937834,35.507203]},"properties":{"id":"osm-node-4472230120","name":"宇野海水浴場","nameEn":"","source":"https://www.openstreetmap.org/node/4472230120"}},{"type":"Feature","geometry":{"type":"Point","coordinates":[136.9355622,36.426177]},"properties":{"id":"osm-node-4485300889","name":"越中五箇山相倉集落","nameEn":"Ainokura village","source":"https://www.openstreetmap.org/node/4485300889"}},{"type":"Feature","geometry":{"type":"Point","coordinates":[134.1822945,35.5344215]},"properties":{"id":"osm-node-4489225236","name":"展望公園予定地","nameEn":"","source":"https://www.openstreetmap.org/node/4489225236"}},{"type":"Feature","geometry":{"type":"Point","coordinates":[138.2440563,36.4028868]},"properties":{"id":"osm-node-4491766935","name":"上田城紅葉まつり","nameEn":"","source":"https://www.openstreetmap.org/node/4491766935"}},{"type":"Feature","geometry":{"type":"Point","coordinates":[133.8863126,35.4916193]},"properties":{"id":"osm-node-4504560921","name":"ハワイ夢広場","nameEn":"","source":"https://www.openstreetmap.org/node/4504560921"}},{"type":"Feature","geometry":{"type":"Point","coordinates":[133.8255684,35.4285214]},"properties":{"id":"osm-node-4505567369","name":"倉吉歴史民俗資料館","nameEn":"","source":"https://www.openstreetmap.org/node/4505567369"}},{"type":"Feature","geometry":{"type":"Point","coordinates":[133.8235205,35.4298348]},"properties":{"id":"osm-node-4505589850","name":"飛龍閣","nameEn":"","source":"https://www.openstreetmap.org/node/4505589850"}},{"type":"Feature","geometry":{"type":"Point","coordinates":[136.8860765,36.4051867]},"properties":{"id":"osm-node-4551744289","name":"越中五箇山菅沼集落","nameEn":"Suganuma Village","source":"https://www.openstreetmap.org/node/4551744289"}},{"type":"Feature","geometry":{"type":"Point","coordinates":[127.7487403,26.1401548]},"properties":{"id":"osm-node-4557638875","name":"ハブ博物公園","nameEn":"","source":"https://www.openstreetmap.org/node/4557638875"}},{"type":"Feature","geometry":{"type":"Point","coordinates":[137.8703786,37.0255178]},"properties":{"id":"osm-node-4571243203","name":"フォッサマグナミュージアム","nameEn":"Fossa Magna Museum","source":"https://www.openstreetmap.org/node/4571243203"}},{"type":"Feature","geometry":{"type":"Point","coordinates":[137.8678174,37.0247376]},"properties":{"id":"osm-node-4571246230","name":"糸魚川市長者ケ原考古館","nameEn":"","source":"https://www.openstreetmap.org/node/4571246230"}},{"type":"Feature","geometry":{"type":"Point","coordinates":[136.4621602,34.8025568]},"properties":{"id":"osm-node-4574500841","name":"レッドヒルヒーサーの森","nameEn":"","source":"https://www.openstreetmap.org/node/4574500841"}},{"type":"Feature","geometry":{"type":"Point","coordinates":[130.0244305,32.3129999]},"properties":{"id":"osm-node-4583029374","name":"崎津集落","nameEn":"Sakitsu Village","source":"https://www.openstreetmap.org/node/4583029374"}},{"type":"Feature","geometry":{"type":"Point","coordinates":[130.0238366,32.313887]},"properties":{"id":"osm-node-4583029375","name":"河浦燃料(有)(河浦燃料(有))","nameEn":"","source":"https://www.openstreetmap.org/node/4583029375"}},{"type":"Feature","geometry":{"type":"Point","coordinates":[130.0242371,32.3153342]},"properties":{"id":"osm-node-4583029376","name":"小林衣料品店(小林衣料品店)","nameEn":"","source":"https://www.openstreetmap.org/node/4583029376"}},{"type":"Feature","geometry":{"type":"Point","coordinates":[130.0245686,32.3167523]},"properties":{"id":"osm-node-4583029378","name":"崎津タクシー(崎津タクシー)","nameEn":"","source":"https://www.openstreetmap.org/node/4583029378"}},{"type":"Feature","geometry":{"type":"Point","coordinates":[130.0233119,32.3178143]},"properties":{"id":"osm-node-4583029379","name":"黒潮電設(黒潮電設)","nameEn":"","source":"https://www.openstreetmap.org/node/4583029379"}},{"type":"Feature","geometry":{"type":"Point","coordinates":[129.9946547,32.3246554]},"properties":{"id":"osm-node-4583056991","name":"川口商店衣料部(川口商店衣料部)","nameEn":"","source":"https://www.openstreetmap.org/node/4583056991"}},{"type":"Feature","geometry":{"type":"Point","coordinates":[129.9945499,32.3232423]},"properties":{"id":"osm-node-4583056992","name":"ビューティハウス滝川(ビューティハウス滝川)","nameEn":"","source":"https://www.openstreetmap.org/node/4583056992"}},{"type":"Feature","geometry":{"type":"Point","coordinates":[129.9928959,32.3337919]},"properties":{"id":"osm-node-4583056994","name":"天草塩の会(天草塩の会)","nameEn":"","source":"https://www.openstreetmap.org/node/4583056994"}},{"type":"Feature","geometry":{"type":"Point","coordinates":[129.9922489,32.3353415]},"properties":{"id":"osm-node-4583056997","name":"メーンの盛(メーンの盛)","nameEn":"","source":"https://www.openstreetmap.org/node/4583056997"}},{"type":"Feature","geometry":{"type":"Point","coordinates":[137.51281,34.925]},"properties":{"id":"osm-node-4583554192","name":"展望デッキ","nameEn":"","source":"https://www.openstreetmap.org/node/4583554192"}},{"type":"Feature","geometry":{"type":"Point","coordinates":[135.4954996,34.6710156]},"properties":{"id":"osm-node-4586420091","name":"オレンジストリート","nameEn":"orange street","source":"https://www.openstreetmap.org/node/4586420091"}},{"type":"Feature","geometry":{"type":"Point","coordinates":[134.8033848,34.3071047]},"properties":{"id":"osm-node-4588753696","name":"淡路ファームパークイングランドの丘コアラ館","nameEn":"","source":"https://www.openstreetmap.org/node/4588753696"}},{"type":"Feature","geometry":{"type":"Point","coordinates":[137.2600239,36.1440555]},"properties":{"id":"osm-node-4634171989","name":"高山昭和館","nameEn":"Takayama Shōwa-kan","source":"https://www.openstreetmap.org/node/4634171989"}},{"type":"Feature","geometry":{"type":"Point","coordinates":[140.395,38.1618738]},"properties":{"id":"osm-node-4662997790","name":"蔵王ロープウェイ","nameEn":"ZAO ROPE WAY","source":"https://www.openstreetmap.org/node/4662997790"}},{"type":"Feature","geometry":{"type":"Point","coordinates":[132.6400034,32.7655324]},"properties":{"id":"osm-node-4664753387","name":"展望台","nameEn":"","source":"https://www.openstreetmap.org/node/4664753387"}},{"type":"Feature","geometry":{"type":"Point","coordinates":[132.6438084,32.7722035]},"properties":{"id":"osm-node-4664753388","name":"大堂山展望台","nameEn":"","source":"https://www.openstreetmap.org/node/4664753388"}},{"type":"Feature","geometry":{"type":"Point","coordinates":[138.4322529,36.7328076]},"properties":{"id":"osm-node-4687974644","name":"Tamamura-HontenGallery","nameEn":"","source":"https://www.openstreetmap.org/node/4687974644"}},{"type":"Feature","geometry":{"type":"Point","coordinates":[138.4322417,36.7328113]},"properties":{"id":"osm-node-4687974645","name":"SakaguraMuseum","nameEn":"","source":"https://www.openstreetmap.org/node/4687974645"}},{"type":"Feature","geometry":{"type":"Point","coordinates":[130.7126651,32.8059507]},"properties":{"id":"osm-node-4689471001","name":"ＧＯＡ","nameEn":"Lafcadio Hearn Residence","source":"https://www.openstreetmap.org/node/4689471001"}},{"type":"Feature","geometry":{"type":"Point","coordinates":[138.9337479,37.6495508]},"properties":{"id":"osm-node-4690223539","name":"道の駅燕三条地場産センター","nameEn":"","source":"https://www.openstreetmap.org/node/4690223539"}},{"type":"Feature","geometry":{"type":"Point","coordinates":[130.7109376,32.8032369]},"properties":{"id":"osm-node-4693003290","name":"現代美術館","nameEn":"Contemporary Art Museum","source":"https://www.openstreetmap.org/node/4693003290"}},{"type":"Feature","geometry":{"type":"Point","coordinates":[130.6644832,33.9045479]},"properties":{"id":"osm-node-4716374789","name":"芦屋釜の里","nameEn":"","source":"https://www.openstreetmap.org/node/4716374789"}},{"type":"Feature","geometry":{"type":"Point","coordinates":[134.7466195,34.2842708]},"properties":{"id":"osm-node-4737324544","name":"鶴来窯","nameEn":"Kakurai kiln","source":"https://www.openstreetmap.org/node/4737324544"}},{"type":"Feature","geometry":{"type":"Point","coordinates":[140.8694658,38.2594465]},"properties":{"id":"osm-node-4741215641","name":"晩翠草堂","nameEn":"Bansui Sodo","source":"https://www.openstreetmap.org/node/4741215641"}},{"type":"Feature","geometry":{"type":"Point","coordinates":[140.3753635,38.1283848]},"properties":{"id":"osm-node-4785351466","name":"蔵王猿倉スキー場","nameEn":"Zao Sarukura Ski Resort","source":"https://www.openstreetmap.org/node/4785351466"}},{"type":"Feature","geometry":{"type":"Point","coordinates":[135.3370223,33.6769556]},"properties":{"id":"osm-node-4788010523","name":"崎の湯","nameEn":"Sakinoyu","source":"https://www.openstreetmap.org/node/4788010523"}},{"type":"Feature","geometry":{"type":"Point","coordinates":[140.4064094,38.1246999]},"properties":{"id":"osm-node-4788919217","name":"蔵王ライザワールド","nameEn":"Zao Liza World","source":"https://www.openstreetmap.org/node/4788919217"}},{"type":"Feature","geometry":{"type":"Point","coordinates":[137.0174687,35.3767046]},"properties":{"id":"osm-node-4789905522","name":"リトルワールド","nameEn":"Little World","source":"https://www.openstreetmap.org/node/4789905522"}},{"type":"Feature","geometry":{"type":"Point","coordinates":[137.0872495,35.1289545]},"properties":{"id":"osm-node-4789905525","name":"愛知牧場","nameEn":"","source":"https://www.openstreetmap.org/node/4789905525"}},{"type":"Feature","geometry":{"type":"Point","coordinates":[136.9562835,35.7515383]},"properties":{"id":"osm-node-4829416221","name":"鍛冶屋町KajiyaMachi","nameEn":"","source":"https://www.openstreetmap.org/node/4829416221"}},{"type":"Feature","geometry":{"type":"Point","coordinates":[136.9570919,35.7544137]},"properties":{"id":"osm-node-4829451721","name":"柳町YanagiMachi","nameEn":"","source":"https://www.openstreetmap.org/node/4829451721"}},{"type":"Feature","geometry":{"type":"Point","coordinates":[136.9570756,35.7488207]},"properties":{"id":"osm-node-4829451722","name":"やなか水のこみち","nameEn":"","source":"https://www.openstreetmap.org/node/4829451722"}},{"type":"Feature","geometry":{"type":"Point","coordinates":[136.9587515,35.749491]},"properties":{"id":"osm-node-4829451724","name":"郡上八幡樂藝館GujoHachimanRakugeikanMuseum","nameEn":"","source":"https://www.openstreetmap.org/node/4829451724"}},{"type":"Feature","geometry":{"type":"Point","coordinates":[136.9560707,35.7500658]},"properties":{"id":"osm-node-4829647323","name":"SogisuiSource","nameEn":"","source":"https://www.openstreetmap.org/node/4829647323"}},{"type":"Feature","geometry":{"type":"Point","coordinates":[135.3460858,33.6809983]},"properties":{"id":"osm-node-4837886782","name":"エネルギーランド","nameEn":"","source":"https://www.openstreetmap.org/node/4837886782"}},{"type":"Feature","geometry":{"type":"Point","coordinates":[134.22716,35.4961166]},"properties":{"id":"osm-node-4839361821","name":"鳥取民藝美術館","nameEn":"Tottori Folk Crafts Museum","source":"https://www.openstreetmap.org/node/4839361821"}},{"type":"Feature","geometry":{"type":"Point","coordinates":[140.8714275,38.2694534]},"properties":{"id":"osm-node-4849382825","name":"ねこロード","nameEn":"cat road sendai","source":"https://www.openstreetmap.org/node/4849382825"}},{"type":"Feature","geometry":{"type":"Point","coordinates":[137.0483415,35.0410031]},"properties":{"id":"osm-node-4865921114","name":"観覧車","nameEn":"","source":"https://www.openstreetmap.org/node/4865921114"}},{"type":"Feature","geometry":{"type":"Point","coordinates":[135.499938,34.6691158]},"properties":{"id":"osm-node-4888177821","name":"道頓堀川遊覽船","nameEn":"","source":"https://www.openstreetmap.org/node/4888177821"}},{"type":"Feature","geometry":{"type":"Point","coordinates":[136.8801166,35.9553445]},"properties":{"id":"osm-node-4893903625","name":"湯の平温泉","nameEn":"Yunohira onsen","source":"https://www.openstreetmap.org/node/4893903625"}},{"type":"Feature","geometry":{"type":"Point","coordinates":[130.706923,32.8075629]},"properties":{"id":"osm-node-4941929157","name":"伝統工芸館","nameEn":"","source":"https://www.openstreetmap.org/node/4941929157"}},{"type":"Feature","geometry":{"type":"Point","coordinates":[133.934913,33.8817266]},"properties":{"id":"osm-node-4972953423","name":"落合集落","nameEn":"Ochiai Village","source":"https://www.openstreetmap.org/node/4972953423"}},{"type":"Feature","geometry":{"type":"Point","coordinates":[132.9301141,33.0068479]},"properties":{"id":"osm-node-4974413224","name":"安並水車の里","nameEn":"Yasunami Water Wheel","source":"https://www.openstreetmap.org/node/4974413224"}},{"type":"Feature","geometry":{"type":"Point","coordinates":[133.0206821,32.7256763]},"properties":{"id":"osm-node-4984012722","name":"足摺岬展望台","nameEn":"","source":"https://www.openstreetmap.org/node/4984012722"}},{"type":"Feature","geometry":{"type":"Point","coordinates":[132.8602918,32.7900394]},"properties":{"id":"osm-node-4984013431","name":"海中天然ミュージアム足摺海底館","nameEn":"","source":"https://www.openstreetmap.org/node/4984013431"}},{"type":"Feature","geometry":{"type":"Point","coordinates":[130.3825683,32.1887724]},"properties":{"id":"osm-node-4999663421","name":"おれんじ館","nameEn":"おれんじ館","source":"https://www.openstreetmap.org/node/4999663421"}},{"type":"Feature","geometry":{"type":"Point","coordinates":[129.9978803,32.3956244]},"properties":{"id":"osm-node-5000875721","name":"Myoken-uracoast","nameEn":"","source":"https://www.openstreetmap.org/node/5000875721"}},{"type":"Feature","geometry":{"type":"Point","coordinates":[140.3262947,38.2498408]},"properties":{"id":"osm-node-5002314521","name":"山形県産業科学館","nameEn":"","source":"https://www.openstreetmap.org/node/5002314521"}},{"type":"Feature","geometry":{"type":"Point","coordinates":[139.8417672,38.9152097]},"properties":{"id":"osm-node-5024056804","name":"酒田市立資料館","nameEn":"","source":"https://www.openstreetmap.org/node/5024056804"}},{"type":"Feature","geometry":{"type":"Point","coordinates":[139.8371927,38.9152629]},"properties":{"id":"osm-node-5024073039","name":"旧鐙屋","nameEn":"Abumiya","source":"https://www.openstreetmap.org/node/5024073039"}},{"type":"Feature","geometry":{"type":"Point","coordinates":[139.8322174,38.9184686]},"properties":{"id":"osm-node-5026244731","name":"山王くらぶ（料亭跡）","nameEn":"Sanno Club","source":"https://www.openstreetmap.org/node/5026244731"}},{"type":"Feature","geometry":{"type":"Point","coordinates":[139.833401,38.9194709]},"properties":{"id":"osm-node-5026244866","name":"相馬樓","nameEn":"Somaro","source":"https://www.openstreetmap.org/node/5026244866"}},{"type":"Feature","geometry":{"type":"Point","coordinates":[139.8419988,38.9234743]},"properties":{"id":"osm-node-5026257021","name":"本間美術館","nameEn":"Homma Museum","source":"https://www.openstreetmap.org/node/5026257021"}},{"type":"Feature","geometry":{"type":"Point","coordinates":[145.815887,43.384962]},"properties":{"id":"osm-node-5028100924","name":"納沙布岬","nameEn":"Cape Nosappu","source":"https://www.openstreetmap.org/node/5028100924"}},{"type":"Feature","geometry":{"type":"Point","coordinates":[139.8450143,38.9358601]},"properties":{"id":"osm-node-5030100835","name":"スワンダンススタジオ","nameEn":"","source":"https://www.openstreetmap.org/node/5030100835"}},{"type":"Feature","geometry":{"type":"Point","coordinates":[139.8521955,38.8913879]},"properties":{"id":"osm-node-5031705641","name":"モーリーファンタジー","nameEn":"","source":"https://www.openstreetmap.org/node/5031705641"}},{"type":"Feature","geometry":{"type":"Point","coordinates":[140.9157846,37.0077699]},"properties":{"id":"osm-node-5033219722","name":"暮らしの伝承郷","nameEn":"","source":"https://www.openstreetmap.org/node/5033219722"}},{"type":"Feature","geometry":{"type":"Point","coordinates":[139.8514622,38.7656056]},"properties":{"id":"osm-node-5036407156","name":"文下のケヤキ","nameEn":"","source":"https://www.openstreetmap.org/node/5036407156"}},{"type":"Feature","geometry":{"type":"Point","coordinates":[139.7645181,38.7849152]},"properties":{"id":"osm-node-5036462024","name":"庄内交通七窪駅跡","nameEn":"","source":"https://www.openstreetmap.org/node/5036462024"}},{"type":"Feature","geometry":{"type":"Point","coordinates":[139.7509966,38.7818802]},"properties":{"id":"osm-node-5038255923","name":"湯野浜海水浴場","nameEn":"Yunohama Beachi","source":"https://www.openstreetmap.org/node/5038255923"}},{"type":"Feature","geometry":{"type":"Point","coordinates":[139.7515073,38.7797644]},"properties":{"id":"osm-node-5038260837","name":"庄内交通湯野浜温泉駅跡","nameEn":"","source":"https://www.openstreetmap.org/node/5038260837"}},{"type":"Feature","geometry":{"type":"Point","coordinates":[139.7514813,38.7795001]},"properties":{"id":"osm-node-5038271327","name":"湯野浜温泉足湯","nameEn":"","source":"https://www.openstreetmap.org/node/5038271327"}},{"type":"Feature","geometry":{"type":"Point","coordinates":[139.7689409,38.7537631]},"properties":{"id":"osm-node-5040409122","name":"庄内交通北大山駅跡","nameEn":"","source":"https://www.openstreetmap.org/node/5040409122"}},{"type":"Feature","geometry":{"type":"Point","coordinates":[139.7640864,38.7560658]},"properties":{"id":"osm-node-5040412623","name":"遺跡大山柵跡","nameEn":"","source":"https://www.openstreetmap.org/node/5040412623"}},{"type":"Feature","geometry":{"type":"Point","coordinates":[139.8475145,38.7230683]},"properties":{"id":"osm-node-5042325625","name":"ビリヤードA&S","nameEn":"","source":"https://www.openstreetmap.org/node/5042325625"}},{"type":"Feature","geometry":{"type":"Point","coordinates":[139.8246641,38.7185037]},"properties":{"id":"osm-node-5042590626","name":"双葉卓球クラブ","nameEn":"","source":"https://www.openstreetmap.org/node/5042590626"}},{"type":"Feature","geometry":{"type":"Point","coordinates":[139.8264814,38.7261641]},"properties":{"id":"osm-node-5044236034","name":"史跡旧致道館","nameEn":"","source":"https://www.openstreetmap.org/node/5044236034"}},{"type":"Feature","geometry":{"type":"Point","coordinates":[139.5877065,38.6261536]},"properties":{"id":"osm-node-5045745037","name":"温海海水浴場","nameEn":"","source":"https://www.openstreetmap.org/node/5045745037"}},{"type":"Feature","geometry":{"type":"Point","coordinates":[135.068788,33.9761699]},"properties":{"id":"osm-node-5059454321","name":"白崎海洋公園展望台","nameEn":"","source":"https://www.openstreetmap.org/node/5059454321"}},{"type":"Feature","geometry":{"type":"Point","coordinates":[137.0089214,34.9957254]},"properties":{"id":"osm-node-5082218307","name":"デンソーギャラリー","nameEn":"","source":"https://www.openstreetmap.org/node/5082218307"}},{"type":"Feature","geometry":{"type":"Point","coordinates":[140.2687955,38.2935442]},"properties":{"id":"osm-node-5088033531","name":"山辺町ふるさと資料館","nameEn":"","source":"https://www.openstreetmap.org/node/5088033531"}},{"type":"Feature","geometry":{"type":"Point","coordinates":[137.0056945,34.9855802]},"properties":{"id":"osm-node-5095096956","name":"刈谷市美術館","nameEn":"","source":"https://www.openstreetmap.org/node/5095096956"}},{"type":"Feature","geometry":{"type":"Point","coordinates":[137.0061739,34.9856798]},"properties":{"id":"osm-node-5095096957","name":"佐喜知庵","nameEn":"","source":"https://www.openstreetmap.org/node/5095096957"}},{"type":"Feature","geometry":{"type":"Point","coordinates":[133.9117008,33.5157497]},"properties":{"id":"osm-node-5099519321","name":"野良時計","nameEn":"Nora clock","source":"https://www.openstreetmap.org/node/5099519321"}},{"type":"Feature","geometry":{"type":"Point","coordinates":[133.5426477,33.5599425]},"properties":{"id":"osm-node-5099545223","name":"はりまや橋","nameEn":"Harimayabashi park & bridge","source":"https://www.openstreetmap.org/node/5099545223"}},{"type":"Feature","geometry":{"type":"Point","coordinates":[138.0979252,36.5038651]},"properties":{"id":"osm-node-5106445523","name":"姨捨の棚田","nameEn":"Obasute Terraced Rice Paddies","source":"https://www.openstreetmap.org/node/5106445523"}},{"type":"Feature","geometry":{"type":"Point","coordinates":[137.4812471,36.8735614]},"properties":{"id":"osm-node-5107334464","name":"ED8","nameEn":"","source":"https://www.openstreetmap.org/node/5107334464"}},{"type":"Feature","geometry":{"type":"Point","coordinates":[140.6190725,38.0043961]},"properties":{"id":"osm-node-5114987254","name":"神石白石","nameEn":"","source":"https://www.openstreetmap.org/node/5114987254"}},{"type":"Feature","geometry":{"type":"Point","coordinates":[139.9354632,38.7176099]},"properties":{"id":"osm-node-5129733335","name":"羽黒山大鳥居","nameEn":"Hagurosan Otorii","source":"https://www.openstreetmap.org/node/5129733335"}},{"type":"Feature","geometry":{"type":"Point","coordinates":[140.278858,38.1491379]},"properties":{"id":"osm-node-5130287224","name":"蟹仙洞","nameEn":"","source":"https://www.openstreetmap.org/node/5130287224"}},{"type":"Feature","geometry":{"type":"Point","coordinates":[140.2783692,38.1494416]},"properties":{"id":"osm-node-5130288623","name":"旧長谷川製糸場跡","nameEn":"","source":"https://www.openstreetmap.org/node/5130288623"}},{"type":"Feature","geometry":{"type":"Point","coordinates":[140.299211,38.1720859]},"properties":{"id":"osm-node-5134665840","name":"斎藤茂吉記念館","nameEn":"","source":"https://www.openstreetmap.org/node/5134665840"}},{"type":"Feature","geometry":{"type":"Point","coordinates":[136.9863983,34.9878182]},"properties":{"id":"osm-node-5146201595","name":"刈谷市郷土資料館","nameEn":"","source":"https://www.openstreetmap.org/node/5146201595"}},{"type":"Feature","geometry":{"type":"Point","coordinates":[140.8734379,38.2570812]},"properties":{"id":"osm-node-5146998550","name":"ビリヤード&ダーツWinner","nameEn":"","source":"https://www.openstreetmap.org/node/5146998550"}},{"type":"Feature","geometry":{"type":"Point","coordinates":[136.756799,35.4104065]},"properties":{"id":"osm-node-5170896929","name":"黄金の織田信長公像","nameEn":"","source":"https://www.openstreetmap.org/node/5170896929"}},{"type":"Feature","geometry":{"type":"Point","coordinates":[137.5524261,36.9214492]},"properties":{"id":"osm-node-5236814328","name":"AsahimachiHistoricalPark朝日町歴史公園","nameEn":"","source":"https://www.openstreetmap.org/node/5236814328"}},{"type":"Feature","geometry":{"type":"Point","coordinates":[141.1007045,39.0034412]},"properties":{"id":"osm-node-5243706112","name":"西物見","nameEn":"","source":"https://www.openstreetmap.org/node/5243706112"}},{"type":"Feature","geometry":{"type":"Point","coordinates":[136.5195225,34.6725332]},"properties":{"id":"osm-node-5255214721","name":"ラウンドワン津・高茶屋店","nameEn":"","source":"https://www.openstreetmap.org/node/5255214721"}},{"type":"Feature","geometry":{"type":"Point","coordinates":[136.1153239,33.8990775]},"properties":{"id":"osm-node-5275782521","name":"StartingpointMatsumototoge-pass","nameEn":"","source":"https://www.openstreetmap.org/node/5275782521"}},{"type":"Feature","geometry":{"type":"Point","coordinates":[130.5812366,32.7040314]},"properties":{"id":"osm-node-5280165523","name":"長部田海床路","nameEn":"","source":"https://www.openstreetmap.org/node/5280165523"}},{"type":"Feature","geometry":{"type":"Point","coordinates":[140.4976774,35.8892459]},"properties":{"id":"osm-node-5284998985","name":"街ぐるみ博物館1号館","nameEn":"","source":"https://www.openstreetmap.org/node/5284998985"}},{"type":"Feature","geometry":{"type":"Point","coordinates":[139.6056926,38.6157899]},"properties":{"id":"osm-node-5297019526","name":"飲泉所","nameEn":"Spring Water Spot","source":"https://www.openstreetmap.org/node/5297019526"}},{"type":"Feature","geometry":{"type":"Point","coordinates":[139.6057565,38.6155764]},"properties":{"id":"osm-node-5297019527","name":"もっけ場","nameEn":"Mokkeba","source":"https://www.openstreetmap.org/node/5297019527"}},{"type":"Feature","geometry":{"type":"Point","coordinates":[139.6086131,38.6157718]},"properties":{"id":"osm-node-5297019534","name":"足湯「あんべ湯」","nameEn":"Foot Bath「Anbe-yu」","source":"https://www.openstreetmap.org/node/5297019534"}},{"type":"Feature","geometry":{"type":"Point","coordinates":[137.027936,34.9784977]},"properties":{"id":"osm-node-5314535401","name":"野田史料館","nameEn":"","source":"https://www.openstreetmap.org/node/5314535401"}},{"type":"Feature","geometry":{"type":"Point","coordinates":[136.9119374,35.1947195]},"properties":{"id":"osm-node-5336357024","name":"ネックス・プラザ","nameEn":"","source":"https://www.openstreetmap.org/node/5336357024"}},{"type":"Feature","geometry":{"type":"Point","coordinates":[130.4557513,32.6219928]},"properties":{"id":"osm-node-5340095133","name":"三角西港","nameEn":"Misumi west port","source":"https://www.openstreetmap.org/node/5340095133"}},{"type":"Feature","geometry":{"type":"Point","coordinates":[130.8583736,32.8342217]},"properties":{"id":"osm-node-5350727221","name":"熊本空港阿蘇くまもと空港","nameEn":"","source":"https://www.openstreetmap.org/node/5350727221"}},{"type":"Feature","geometry":{"type":"Point","coordinates":[130.7353701,32.7912829]},"properties":{"id":"osm-node-5350727421","name":"水前寺公園","nameEn":"","source":"https://www.openstreetmap.org/node/5350727421"}},{"type":"Feature","geometry":{"type":"Point","coordinates":[137.8077569,35.9618549]},"properties":{"id":"osm-node-5352013453","name":"楢川歴史民俗資料館","nameEn":"Narakawa, Historical and Folkloric Museum","source":"https://www.openstreetmap.org/node/5352013453"}},{"type":"Feature","geometry":{"type":"Point","coordinates":[135.783202,34.64504]},"properties":{"id":"osm-node-5352458721","name":"Necomado(catwindow)","nameEn":"","source":"https://www.openstreetmap.org/node/5352458721"}},{"type":"Feature","geometry":{"type":"Point","coordinates":[134.8325519,34.7455715]},"properties":{"id":"osm-node-5397792226","name":"トップワン加古川店","nameEn":"","source":"https://www.openstreetmap.org/node/5397792226"}},{"type":"Feature","geometry":{"type":"Point","coordinates":[134.8487958,34.7367442]},"properties":{"id":"osm-node-5397904922","name":"ビッグアップル加古川店","nameEn":"","source":"https://www.openstreetmap.org/node/5397904922"}},{"type":"Feature","geometry":{"type":"Point","coordinates":[134.8680753,34.7457871]},"properties":{"id":"osm-node-5400738353","name":"る・それいゆ東加古川店","nameEn":"","source":"https://www.openstreetmap.org/node/5400738353"}},{"type":"Feature","geometry":{"type":"Point","coordinates":[134.8397879,34.7549916]},"properties":{"id":"osm-node-5403146644","name":"野口駅跡","nameEn":"","source":"https://www.openstreetmap.org/node/5403146644"}},{"type":"Feature","geometry":{"type":"Point","coordinates":[134.8229128,34.7474275]},"properties":{"id":"osm-node-5404897956","name":"国鉄高砂線尾上駅跡地","nameEn":"","source":"https://www.openstreetmap.org/node/5404897956"}},{"type":"Feature","geometry":{"type":"Point","coordinates":[134.9322096,34.2649724]},"properties":{"id":"osm-node-5406486602","name":"ナゾのパラダイス","nameEn":"","source":"https://www.openstreetmap.org/node/5406486602"}},{"type":"Feature","geometry":{"type":"Point","coordinates":[130.7021591,32.7940182]},"properties":{"id":"osm-node-5412175024","name":"長六橋","nameEn":"","source":"https://www.openstreetmap.org/node/5412175024"}},{"type":"Feature","geometry":{"type":"Point","coordinates":[134.4526197,35.6208319]},"properties":{"id":"osm-node-5414736523","name":"鉄道グッズ館「鉄子の部屋」","nameEn":"Tetsuko no Heya Railway Goods Museum","source":"https://www.openstreetmap.org/node/5414736523"}},{"type":"Feature","geometry":{"type":"Point","coordinates":[134.4455777,35.6286541]},"properties":{"id":"osm-node-5414736525","name":"但馬海岸遊覧船","nameEn":"Tajima Coastline Pleasure Boat","source":"https://www.openstreetmap.org/node/5414736525"}},{"type":"Feature","geometry":{"type":"Point","coordinates":[134.4477355,35.6286991]},"properties":{"id":"osm-node-5414736531","name":"浜坂県民サンビーチ","nameEn":"Hamasaka Kenmin Sun Beach","source":"https://www.openstreetmap.org/node/5414736531"}},{"type":"Feature","geometry":{"type":"Point","coordinates":[132.8447945,33.0361791]},"properties":{"id":"osm-node-5425865023","name":"高瀬沈下橋","nameEn":"Takase Submersible Bridge","source":"https://www.openstreetmap.org/node/5425865023"}},{"type":"Feature","geometry":{"type":"Point","coordinates":[141.1109171,39.396026]},"properties":{"id":"osm-node-5434657423","name":"未来都市銀河地球鉄道壁画","nameEn":"","source":"https://www.openstreetmap.org/node/5434657423"}},{"type":"Feature","geometry":{"type":"Point","coordinates":[141.1240521,39.3934925]},"properties":{"id":"osm-node-5434689036","name":"Indy500花巻","nameEn":"","source":"https://www.openstreetmap.org/node/5434689036"}},{"type":"Feature","geometry":{"type":"Point","coordinates":[136.791141,34.4584205]},"properties":{"id":"osm-node-5465768919","name":"朝熊山展望台","nameEn":"","source":"https://www.openstreetmap.org/node/5465768919"}},{"type":"Feature","geometry":{"type":"Point","coordinates":[137.5608215,36.9556293]},"properties":{"id":"osm-node-5469146920","name":"明治記念館（行在所）","nameEn":"","source":"https://www.openstreetmap.org/node/5469146920"}},{"type":"Feature","geometry":{"type":"Point","coordinates":[131.3068484,32.714555]},"properties":{"id":"osm-node-5506428122","name":"高千穂あまてらす鉄道","nameEn":"Amaterasu Railway","source":"https://www.openstreetmap.org/node/5506428122"}},{"type":"Feature","geometry":{"type":"Point","coordinates":[137.2605104,36.1401178]},"properties":{"id":"osm-node-5508112121","name":"飛騨高山浮世絵館画侖","nameEn":"Hida Takayama Ukiyoe Gallery Garon","source":"https://www.openstreetmap.org/node/5508112121"}},{"type":"Feature","geometry":{"type":"Point","coordinates":[136.1097561,33.893866]},"properties":{"id":"osm-node-5512389421","name":"鬼ヶ城歩道トンネル（木本隧道）","nameEn":"","source":"https://www.openstreetmap.org/node/5512389421"}},{"type":"Feature","geometry":{"type":"Point","coordinates":[136.107223,33.8939727]},"properties":{"id":"osm-node-5512404624","name":"松本峠登山口木本側","nameEn":"Matsumoto Pass trailhead Kumano side","source":"https://www.openstreetmap.org/node/5512404624"}},{"type":"Feature","geometry":{"type":"Point","coordinates":[130.7169279,32.8224533]},"properties":{"id":"osm-node-5512676626","name":"坪井川綠地公園","nameEn":"","source":"https://www.openstreetmap.org/node/5512676626"}},{"type":"Feature","geometry":{"type":"Point","coordinates":[140.3421866,38.2562298]},"properties":{"id":"osm-node-5512677055","name":"本格的ねこ倶楽部ねこコレ","nameEn":"","source":"https://www.openstreetmap.org/node/5512677055"}},{"type":"Feature","geometry":{"type":"Point","coordinates":[140.3467543,38.2548768]},"properties":{"id":"osm-node-5512677061","name":"洗心庵","nameEn":"","source":"https://www.openstreetmap.org/node/5512677061"}},{"type":"Feature","geometry":{"type":"Point","coordinates":[140.348108,38.2546132]},"properties":{"id":"osm-node-5512677139","name":"旧山形師範学校音楽練習室","nameEn":"","source":"https://www.openstreetmap.org/node/5512677139"}},{"type":"Feature","geometry":{"type":"Point","coordinates":[140.3483883,38.2543107]},"properties":{"id":"osm-node-5512677140","name":"旧山形師範学校門衛所","nameEn":"","source":"https://www.openstreetmap.org/node/5512677140"}},{"type":"Feature","geometry":{"type":"Point","coordinates":[130.7202684,32.823793]},"properties":{"id":"osm-node-5512677231","name":"坪井川公園-大型探險遊具場","nameEn":"","source":"https://www.openstreetmap.org/node/5512677231"}},{"type":"Feature","geometry":{"type":"Point","coordinates":[140.3423443,38.2603667]},"properties":{"id":"osm-node-5512677355","name":"遍成寺境内跡鴻の池","nameEn":"","source":"https://www.openstreetmap.org/node/5512677355"}},{"type":"Feature","geometry":{"type":"Point","coordinates":[140.3455898,38.256988]},"properties":{"id":"osm-node-5512677432","name":"千歳園跡","nameEn":"","source":"https://www.openstreetmap.org/node/5512677432"}},{"type":"Feature","geometry":{"type":"Point","coordinates":[140.3389596,38.2591291]},"properties":{"id":"osm-node-5515377924","name":"丸橋忠弥住居跡","nameEn":"","source":"https://www.openstreetmap.org/node/5515377924"}},{"type":"Feature","geometry":{"type":"Point","coordinates":[133.8998009,33.5258151]},"properties":{"id":"osm-node-5537241921","name":"岩崎弥太郎生家","nameEn":"","source":"https://www.openstreetmap.org/node/5537241921"}},{"type":"Feature","geometry":{"type":"Point","coordinates":[133.9331595,33.4908326]},"properties":{"id":"osm-node-5537284721","name":"伊尾木洞","nameEn":"","source":"https://www.openstreetmap.org/node/5537284721"}},{"type":"Feature","geometry":{"type":"Point","coordinates":[133.5431711,33.559748]},"properties":{"id":"osm-node-5537365221","name":"からくり時計","nameEn":"Harimaya Bridge Marionette Clock","source":"https://www.openstreetmap.org/node/5537365221"}},{"type":"Feature","geometry":{"type":"Point","coordinates":[133.1297313,33.5609988]},"properties":{"id":"osm-node-5537378623","name":"中津渓谷","nameEn":"Nakatsu Gorge","source":"https://www.openstreetmap.org/node/5537378623"}},{"type":"Feature","geometry":{"type":"Point","coordinates":[132.8170564,33.0548645]},"properties":{"id":"osm-node-5537429521","name":"勝間沉下橋","nameEn":"","source":"https://www.openstreetmap.org/node/5537429521"}},{"type":"Feature","geometry":{"type":"Point","coordinates":[141.1191011,40.8550841]},"properties":{"id":"osm-node-5539945147","name":"日本最古の鉄道防雪林","nameEn":"","source":"https://www.openstreetmap.org/node/5539945147"}},{"type":"Feature","geometry":{"type":"Point","coordinates":[141.1242943,40.8646658]},"properties":{"id":"osm-node-5541792421","name":"野辺地町歴史民俗資料館","nameEn":"","source":"https://www.openstreetmap.org/node/5541792421"}},{"type":"Feature","geometry":{"type":"Point","coordinates":[141.1290533,40.8644249]},"properties":{"id":"osm-node-5541797521","name":"旧野村住宅離れ","nameEn":"","source":"https://www.openstreetmap.org/node/5541797521"}},{"type":"Feature","geometry":{"type":"Point","coordinates":[137.8228153,35.5127528]},"properties":{"id":"osm-node-5543882962","name":"清秀桜","nameEn":"","source":"https://www.openstreetmap.org/node/5543882962"}},{"type":"Feature","geometry":{"type":"Point","coordinates":[137.8231655,35.5125791]},"properties":{"id":"osm-node-5543882963","name":"千代蔵桜","nameEn":"","source":"https://www.openstreetmap.org/node/5543882963"}},{"type":"Feature","geometry":{"type":"Point","coordinates":[134.1804808,33.2516069]},"properties":{"id":"osm-node-5549138023","name":"神明窟","nameEn":"","source":"https://www.openstreetmap.org/node/5549138023"}},{"type":"Feature","geometry":{"type":"Point","coordinates":[134.1804069,33.2541045]},"properties":{"id":"osm-node-5549151821","name":"RaieiTemple","nameEn":"","source":"https://www.openstreetmap.org/node/5549151821"}},{"type":"Feature","geometry":{"type":"Point","coordinates":[140.4304389,41.1992656]},"properties":{"id":"osm-node-5549483037","name":"厩石","nameEn":"","source":"https://www.openstreetmap.org/node/5549483037"}},{"type":"Feature","geometry":{"type":"Point","coordinates":[140.3448199,41.2591302]},"properties":{"id":"osm-node-5549483042","name":"階段国道","nameEn":"","source":"https://www.openstreetmap.org/node/5549483042"}},{"type":"Feature","geometry":{"type":"Point","coordinates":[133.6635975,35.5066552]},"properties":{"id":"osm-node-5559642608","name":"日韓友好資料館","nameEn":"Japan-Korea Friendship Museum","source":"https://www.openstreetmap.org/node/5559642608"}},{"type":"Feature","geometry":{"type":"Point","coordinates":[137.8299313,35.5180335]},"properties":{"id":"osm-node-5575255839","name":"専照寺の枝垂れ桜","nameEn":"Senshoji Weeping Cherry Tree (Shidarezakura)","source":"https://www.openstreetmap.org/node/5575255839"}},{"type":"Feature","geometry":{"type":"Point","coordinates":[137.8321981,35.5168495]},"properties":{"id":"osm-node-5575255842","name":"黄梅院の紅しだれ桜","nameEn":"Obaiin Weeping Cherry Tree","source":"https://www.openstreetmap.org/node/5575255842"}},{"type":"Feature","geometry":{"type":"Point","coordinates":[140.3284334,38.2190053]},"properties":{"id":"osm-node-5585614957","name":"エムズファクトリースロット専門店","nameEn":"","source":"https://www.openstreetmap.org/node/5585614957"}},{"type":"Feature","geometry":{"type":"Point","coordinates":[140.3416833,38.2508337]},"properties":{"id":"osm-node-5587703575","name":"旧市島銃砲火薬店","nameEn":"","source":"https://www.openstreetmap.org/node/5587703575"}},{"type":"Feature","geometry":{"type":"Point","coordinates":[137.2594698,34.8102415]},"properties":{"id":"osm-node-5591313439","name":"ラバーズヒル（恋人達の丘）","nameEn":"","source":"https://www.openstreetmap.org/node/5591313439"}},{"type":"Feature","geometry":{"type":"Point","coordinates":[134.8141846,35.6277825]},"properties":{"id":"osm-node-5599982475","name":"東山公園","nameEn":"","source":"https://www.openstreetmap.org/node/5599982475"}},{"type":"Feature","geometry":{"type":"Point","coordinates":[134.8120322,35.6258956]},"properties":{"id":"osm-node-5599996111","name":"弁天山","nameEn":"","source":"https://www.openstreetmap.org/node/5599996111"}},{"type":"Feature","geometry":{"type":"Point","coordinates":[137.259633,36.141257]},"properties":{"id":"osm-node-5603024124","name":"三町筋","nameEn":"","source":"https://www.openstreetmap.org/node/5603024124"}},{"type":"Feature","geometry":{"type":"Point","coordinates":[130.4226143,32.5234128]},"properties":{"id":"osm-node-5603040083","name":"松島橋","nameEn":"","source":"https://www.openstreetmap.org/node/5603040083"}},{"type":"Feature","geometry":{"type":"Point","coordinates":[130.4242434,32.5300615]},"properties":{"id":"osm-node-5603040084","name":"前島橋","nameEn":"","source":"https://www.openstreetmap.org/node/5603040084"}},{"type":"Feature","geometry":{"type":"Point","coordinates":[130.4231945,32.5377597]},"properties":{"id":"osm-node-5603040085","name":"中の橋","nameEn":"","source":"https://www.openstreetmap.org/node/5603040085"}},{"type":"Feature","geometry":{"type":"Point","coordinates":[130.4202319,32.5772801]},"properties":{"id":"osm-node-5603040086","name":"道の駅上天草さんばーる","nameEn":"","source":"https://www.openstreetmap.org/node/5603040086"}},{"type":"Feature","geometry":{"type":"Point","coordinates":[130.4584886,32.6112221]},"properties":{"id":"osm-node-5603040088","name":"天門橋","nameEn":"Tenmonkyō Bridge","source":"https://www.openstreetmap.org/node/5603040088"}},{"type":"Feature","geometry":{"type":"Point","coordinates":[130.4538797,32.6190269]},"properties":{"id":"osm-node-5603040091","name":"三角ﾉ瀬戸","nameEn":"","source":"https://www.openstreetmap.org/node/5603040091"}},{"type":"Feature","geometry":{"type":"Point","coordinates":[130.535628,32.666627]},"properties":{"id":"osm-node-5603040092","name":"御輿来海岸","nameEn":"","source":"https://www.openstreetmap.org/node/5603040092"}},{"type":"Feature","geometry":{"type":"Point","coordinates":[130.579119,32.704678]},"properties":{"id":"osm-node-5603040093","name":"長部田海床路","nameEn":"","source":"https://www.openstreetmap.org/node/5603040093"}},{"type":"Feature","geometry":{"type":"Point","coordinates":[130.709336,32.799495]},"properties":{"id":"osm-node-5603040097","name":"シャングリラ","nameEn":"","source":"https://www.openstreetmap.org/node/5603040097"}},{"type":"Feature","geometry":{"type":"Point","coordinates":[145.810779,43.386636]},"properties":{"id":"osm-node-5603041021","name":"四島のかけ橋","nameEn":"","source":"https://www.openstreetmap.org/node/5603041021"}},{"type":"Feature","geometry":{"type":"Point","coordinates":[130.421085,32.575941]},"properties":{"id":"osm-node-5603041031","name":"天草四郎ﾒﾓﾘｱﾙﾎｰﾙ","nameEn":"","source":"https://www.openstreetmap.org/node/5603041031"}},{"type":"Feature","geometry":{"type":"Point","coordinates":[130.4225134,32.5449499]},"properties":{"id":"osm-node-5603043150","name":"大矢野橋","nameEn":"","source":"https://www.openstreetmap.org/node/5603043150"}},{"type":"Feature","geometry":{"type":"Point","coordinates":[130.522806,32.662287]},"properties":{"id":"osm-node-5603043152","name":"道の駅宇土ﾏﾘｰﾅ","nameEn":"","source":"https://www.openstreetmap.org/node/5603043152"}},{"type":"Feature","geometry":{"type":"Point","coordinates":[130.6996288,32.7991548]},"properties":{"id":"osm-node-5603043156","name":"船場橋","nameEn":"","source":"https://www.openstreetmap.org/node/5603043156"}},{"type":"Feature","geometry":{"type":"Point","coordinates":[130.368499,32.518149]},"properties":{"id":"osm-node-5603129024","name":"サンタマリア館","nameEn":"","source":"https://www.openstreetmap.org/node/5603129024"}},{"type":"Feature","geometry":{"type":"Point","coordinates":[131.0538434,32.8807136]},"properties":{"id":"osm-node-5603129121","name":"草千里ヶ浜","nameEn":"","source":"https://www.openstreetmap.org/node/5603129121"}},{"type":"Feature","geometry":{"type":"Point","coordinates":[130.603469,32.968213]},"properties":{"id":"osm-node-5603129123","name":"トンカラリン","nameEn":"","source":"https://www.openstreetmap.org/node/5603129123"}},{"type":"Feature","geometry":{"type":"Point","coordinates":[131.355777,33.262696]},"properties":{"id":"osm-node-5603129127","name":"レンタサイクル菊水","nameEn":"","source":"https://www.openstreetmap.org/node/5603129127"}},{"type":"Feature","geometry":{"type":"Point","coordinates":[136.126108,36.2364106]},"properties":{"id":"osm-node-5612669747","name":"ロウソク岩","nameEn":"","source":"https://www.openstreetmap.org/node/5612669747"}},{"type":"Feature","geometry":{"type":"Point","coordinates":[136.1260477,36.2384085]},"properties":{"id":"osm-node-5612669802","name":"大池","nameEn":"","source":"https://www.openstreetmap.org/node/5612669802"}},{"type":"Feature","geometry":{"type":"Point","coordinates":[130.8900456,33.7586373]},"properties":{"id":"osm-node-5629711521","name":"平尾台自然の郷","nameEn":"Hiraodai nature town","source":"https://www.openstreetmap.org/node/5629711521"}},{"type":"Feature","geometry":{"type":"Point","coordinates":[140.8785106,38.2586211]},"properties":{"id":"osm-node-5633572621","name":"仙台朝市","nameEn":"Sendai Asaichi (Morning Market)","source":"https://www.openstreetmap.org/node/5633572621"}},{"type":"Feature","geometry":{"type":"Point","coordinates":[136.2113281,36.0586671]},"properties":{"id":"osm-node-5644929621","name":"福井市水道記念館","nameEn":"","source":"https://www.openstreetmap.org/node/5644929621"}},{"type":"Feature","geometry":{"type":"Point","coordinates":[138.3751433,36.7539379]},"properties":{"id":"osm-node-5645106221","name":"ベルサイユのバラシリーズ","nameEn":"","source":"https://www.openstreetmap.org/node/5645106221"}},{"type":"Feature","geometry":{"type":"Point","coordinates":[138.37575,36.7538972]},"properties":{"id":"osm-node-5645113821","name":"信州中野銅石版画ミュージアム","nameEn":"","source":"https://www.openstreetmap.org/node/5645113821"}},{"type":"Feature","geometry":{"type":"Point","coordinates":[140.3308004,38.2552501]},"properties":{"id":"osm-node-5663974178","name":"山形城東大手門","nameEn":"The East Otemon Gate of Yamagata Castle","source":"https://www.openstreetmap.org/node/5663974178"}},{"type":"Feature","geometry":{"type":"Point","coordinates":[140.5621565,39.5978313]},"properties":{"id":"osm-node-5670412921","name":"武家屋敷","nameEn":"","source":"https://www.openstreetmap.org/node/5670412921"}},{"type":"Feature","geometry":{"type":"Point","coordinates":[140.348048,38.2543663]},"properties":{"id":"osm-node-5700379723","name":"山形県立博物館教育資料館","nameEn":"Yamagata Kenritsu Hakubutsukankyoiku Museum","source":"https://www.openstreetmap.org/node/5700379723"}},{"type":"Feature","geometry":{"type":"Point","coordinates":[136.879678,36.401242]},"properties":{"id":"osm-node-5709576461","name":"五箇山合掌の里","nameEn":"Gokayama Gassho Village","source":"https://www.openstreetmap.org/node/5709576461"}},{"type":"Feature","geometry":{"type":"Point","coordinates":[130.701337,32.7997706]},"properties":{"id":"osm-node-5716304821","name":"停車輛","nameEn":"停車場","source":"https://www.openstreetmap.org/node/5716304821"}},{"type":"Feature","geometry":{"type":"Point","coordinates":[137.8608819,37.0236302]},"properties":{"id":"osm-node-5716483088","name":"美山公園水道タンク展望台","nameEn":"Miyama Park Water Tower Lookout","source":"https://www.openstreetmap.org/node/5716483088"}},{"type":"Feature","geometry":{"type":"Point","coordinates":[136.6153382,36.5321111]},"properties":{"id":"osm-node-5735752853","name":"喜多家住宅","nameEn":"","source":"https://www.openstreetmap.org/node/5735752853"}},{"type":"Feature","geometry":{"type":"Point","coordinates":[135.9559247,35.0228946]},"properties":{"id":"osm-node-5738076127","name":"龕禅堂","nameEn":"","source":"https://www.openstreetmap.org/node/5738076127"}},{"type":"Feature","geometry":{"type":"Point","coordinates":[140.527815,35.887341]},"properties":{"id":"osm-node-5739960621","name":"香取神宮鹿苑","nameEn":"","source":"https://www.openstreetmap.org/node/5739960621"}},{"type":"Feature","geometry":{"type":"Point","coordinates":[141.1432085,39.1406871]},"properties":{"id":"osm-node-5744972323","name":"カラオケドリーム水沢店","nameEn":"","source":"https://www.openstreetmap.org/node/5744972323"}},{"type":"Feature","geometry":{"type":"Point","coordinates":[141.1396775,39.141321]},"properties":{"id":"osm-node-5744973334","name":"武家屋敷高橋家","nameEn":"","source":"https://www.openstreetmap.org/node/5744973334"}},{"type":"Feature","geometry":{"type":"Point","coordinates":[141.1394723,39.1409981]},"properties":{"id":"osm-node-5744973634","name":"高野長英旧宅","nameEn":"","source":"https://www.openstreetmap.org/node/5744973634"}},{"type":"Feature","geometry":{"type":"Point","coordinates":[141.1409614,39.1359414]},"properties":{"id":"osm-node-5745133223","name":"高野長英記念館","nameEn":"","source":"https://www.openstreetmap.org/node/5745133223"}},{"type":"Feature","geometry":{"type":"Point","coordinates":[141.131199,39.1406839]},"properties":{"id":"osm-node-5757555222","name":"Livehitaka","nameEn":"","source":"https://www.openstreetmap.org/node/5757555222"}},{"type":"Feature","geometry":{"type":"Point","coordinates":[141.13455,39.1445036]},"properties":{"id":"osm-node-5759958428","name":"斎藤實記念館","nameEn":"","source":"https://www.openstreetmap.org/node/5759958428"}},{"type":"Feature","geometry":{"type":"Point","coordinates":[141.1361553,39.1435784]},"properties":{"id":"osm-node-5759958432","name":"高野長英生誕地跡","nameEn":"","source":"https://www.openstreetmap.org/node/5759958432"}},{"type":"Feature","geometry":{"type":"Point","coordinates":[141.1394409,39.1439735]},"properties":{"id":"osm-node-5759965821","name":"姥杉","nameEn":"","source":"https://www.openstreetmap.org/node/5759965821"}},{"type":"Feature","geometry":{"type":"Point","coordinates":[139.4371511,36.0792548]},"properties":{"id":"osm-node-5762464155","name":"長島記念館","nameEn":"","source":"https://www.openstreetmap.org/node/5762464155"}},{"type":"Feature","geometry":{"type":"Point","coordinates":[131.1158777,32.9513834]},"properties":{"id":"osm-node-5783076953","name":"旧女学校跡","nameEn":"Ichinomiyamachi Miyaji","source":"https://www.openstreetmap.org/node/5783076953"}},{"type":"Feature","geometry":{"type":"Point","coordinates":[141.1452748,39.1651384]},"properties":{"id":"osm-node-5785959500","name":"ダイナム水沢店","nameEn":"","source":"https://www.openstreetmap.org/node/5785959500"}},{"type":"Feature","geometry":{"type":"Point","coordinates":[135.7859769,34.6487329]},"properties":{"id":"osm-node-5795264958","name":"修羅と石","nameEn":"","source":"https://www.openstreetmap.org/node/5795264958"}},{"type":"Feature","geometry":{"type":"Point","coordinates":[135.7887158,34.6492615]},"properties":{"id":"osm-node-5795265358","name":"郡山城外濠跡","nameEn":"","source":"https://www.openstreetmap.org/node/5795265358"}},{"type":"Feature","geometry":{"type":"Point","coordinates":[137.2734943,36.1370267]},"properties":{"id":"osm-node-5802334656","name":"源十郎のお墓","nameEn":"grave of Genjuro","source":"https://www.openstreetmap.org/node/5802334656"}},{"type":"Feature","geometry":{"type":"Point","coordinates":[135.7960476,34.6396826]},"properties":{"id":"osm-node-5802898863","name":"稗田環濠集落","nameEn":"","source":"https://www.openstreetmap.org/node/5802898863"}},{"type":"Feature","geometry":{"type":"Point","coordinates":[135.7833117,34.6474993]},"properties":{"id":"osm-node-5802904559","name":"金魚自販機","nameEn":"","source":"https://www.openstreetmap.org/node/5802904559"}},{"type":"Feature","geometry":{"type":"Point","coordinates":[135.7852409,34.6479035]},"properties":{"id":"osm-node-5802905054","name":"紺屋川の金魚","nameEn":"","source":"https://www.openstreetmap.org/node/5802905054"}},{"type":"Feature","geometry":{"type":"Point","coordinates":[135.7852099,34.6477233]},"properties":{"id":"osm-node-5802905257","name":"箱本館紺屋","nameEn":"Hakomotokan","source":"https://www.openstreetmap.org/node/5802905257"}},{"type":"Feature","geometry":{"type":"Point","coordinates":[136.0051096,33.7337938]},"properties":{"id":"osm-node-5802912153","name":"東紀州まちかど博物館","nameEn":"","source":"https://www.openstreetmap.org/node/5802912153"}},{"type":"Feature","geometry":{"type":"Point","coordinates":[136.0045483,33.7337102]},"properties":{"id":"osm-node-5802912254","name":"紀宝町ふるさと歴史館","nameEn":"","source":"https://www.openstreetmap.org/node/5802912254"}},{"type":"Feature","geometry":{"type":"Point","coordinates":[139.6934317,35.9454835]},"properties":{"id":"osm-node-5829706887","name":"岩槻郷土資料館","nameEn":"Iwatsuki Local History Museum","source":"https://www.openstreetmap.org/node/5829706887"}},{"type":"Feature","geometry":{"type":"Point","coordinates":[135.0862444,33.9675532]},"properties":{"id":"osm-node-5837702485","name":"大引海水浴場","nameEn":"","source":"https://www.openstreetmap.org/node/5837702485"}},{"type":"Feature","geometry":{"type":"Point","coordinates":[137.8142586,35.9681408]},"properties":{"id":"osm-node-5844056587","name":"奈良井宿","nameEn":"Narai-juku","source":"https://www.openstreetmap.org/node/5844056587"}},{"type":"Feature","geometry":{"type":"Point","coordinates":[137.014222,34.9877696]},"properties":{"id":"osm-node-5861831990","name":"蒸気機関車D51777","nameEn":"","source":"https://www.openstreetmap.org/node/5861831990"}},{"type":"Feature","geometry":{"type":"Point","coordinates":[137.0139707,34.9874333]},"properties":{"id":"osm-node-5861831991","name":"名古屋市電1603号","nameEn":"","source":"https://www.openstreetmap.org/node/5861831991"}},{"type":"Feature","geometry":{"type":"Point","coordinates":[128.0202743,26.6955881]},"properties":{"id":"osm-node-5885017112","name":"ゆうらん船(恋の水先案内人)","nameEn":"Yuuran boat (loiter's pilot guard)","source":"https://www.openstreetmap.org/node/5885017112"}},{"type":"Feature","geometry":{"type":"Point","coordinates":[128.0148404,26.7137837]},"properties":{"id":"osm-node-5885017116","name":"ティーヌ浜","nameEn":"teanu Beach","source":"https://www.openstreetmap.org/node/5885017116"}},{"type":"Feature","geometry":{"type":"Point","coordinates":[128.0257053,26.7048687]},"properties":{"id":"osm-node-5885017123","name":"ポニー","nameEn":"","source":"https://www.openstreetmap.org/node/5885017123"}},{"type":"Feature","geometry":{"type":"Point","coordinates":[128.0209257,26.6953642]},"properties":{"id":"osm-node-5885022087","name":"展望台","nameEn":"Observatory","source":"https://www.openstreetmap.org/node/5885022087"}},{"type":"Feature","geometry":{"type":"Point","coordinates":[128.0147748,26.6964655]},"properties":{"id":"osm-node-5885022991","name":"チグヌ浜","nameEn":"Chinugu Beach","source":"https://www.openstreetmap.org/node/5885022991"}},{"type":"Feature","geometry":{"type":"Point","coordinates":[127.7609371,26.1269509]},"properties":{"id":"osm-node-5885054986","name":"港川漁港","nameEn":"Minatogawa Fishing port","source":"https://www.openstreetmap.org/node/5885054986"}},{"type":"Feature","geometry":{"type":"Point","coordinates":[127.92262,26.7021967]},"properties":{"id":"osm-node-5885062645","name":"今泊ビーチ","nameEn":"Imadomari Beach","source":"https://www.openstreetmap.org/node/5885062645"}},{"type":"Feature","geometry":{"type":"Point","coordinates":[127.9992023,26.6747812]},"properties":{"id":"osm-node-5885062952","name":"オランダ墓","nameEn":"Oranda Baka","source":"https://www.openstreetmap.org/node/5885062952"}},{"type":"Feature","geometry":{"type":"Point","coordinates":[128.0124907,26.6786737]},"properties":{"id":"osm-node-5885062953","name":"古宇利大橋南詰展望所","nameEn":"Kouri Ohashi Minami Zume Observatory","source":"https://www.openstreetmap.org/node/5885062953"}},{"type":"Feature","geometry":{"type":"Point","coordinates":[128.0187536,26.6959549]},"properties":{"id":"osm-node-5885062956","name":"古宇利港","nameEn":"Kouri Port","source":"https://www.openstreetmap.org/node/5885062956"}},{"type":"Feature","geometry":{"type":"Point","coordinates":[139.7838205,35.7393522]},"properties":{"id":"osm-node-5898813824","name":"吉村昭記念文学館","nameEn":"Yoshimura Akira Memorial Museum of Literature","source":"https://www.openstreetmap.org/node/5898813824"}},{"type":"Feature","geometry":{"type":"Point","coordinates":[140.0044696,37.0872575]},"properties":{"id":"osm-node-5905537837","name":"サンバレー美術館","nameEn":"","source":"https://www.openstreetmap.org/node/5905537837"}},{"type":"Feature","geometry":{"type":"Point","coordinates":[140.0147297,37.0829213]},"properties":{"id":"osm-node-5919771971","name":"那須おもちゃ博物館","nameEn":"","source":"https://www.openstreetmap.org/node/5919771971"}},{"type":"Feature","geometry":{"type":"Point","coordinates":[137.8736405,35.551565]},"properties":{"id":"osm-node-5922620496","name":"石割の松","nameEn":"","source":"https://www.openstreetmap.org/node/5922620496"}},{"type":"Feature","geometry":{"type":"Point","coordinates":[137.8738259,35.5517351]},"properties":{"id":"osm-node-5922620497","name":"星の民","nameEn":"","source":"https://www.openstreetmap.org/node/5922620497"}},{"type":"Feature","geometry":{"type":"Point","coordinates":[137.8614686,35.5663628]},"properties":{"id":"osm-node-5922620574","name":"月夜平大橋展望台","nameEn":"Big Tsukiyodaira Bridge Viewpoint","source":"https://www.openstreetmap.org/node/5922620574"}},{"type":"Feature","geometry":{"type":"Point","coordinates":[135.7546664,34.9837651]},"properties":{"id":"osm-node-5936885886","name":"松下資料館","nameEn":"","source":"https://www.openstreetmap.org/node/5936885886"}},{"type":"Feature","geometry":{"type":"Point","coordinates":[130.6661759,33.8747957]},"properties":{"id":"osm-node-5980700995","name":"芦屋競艇場","nameEn":"","source":"https://www.openstreetmap.org/node/5980700995"}},{"type":"Feature","geometry":{"type":"Point","coordinates":[130.5418544,32.6682698]},"properties":{"id":"osm-node-5982043224","name":"御輿来海岸(おこしき)","nameEn":"","source":"https://www.openstreetmap.org/node/5982043224"}},{"type":"Feature","geometry":{"type":"Point","coordinates":[130.6686844,33.8788383]},"properties":{"id":"osm-node-5982062285","name":"曲がり角","nameEn":"","source":"https://www.openstreetmap.org/node/5982062285"}},{"type":"Feature","geometry":{"type":"Point","coordinates":[136.7580515,35.3852807]},"properties":{"id":"osm-node-5984535786","name":"岐阜市中央卸売市場","nameEn":"","source":"https://www.openstreetmap.org/node/5984535786"}},{"type":"Feature","geometry":{"type":"Point","coordinates":[140.0331539,37.0524354]},"properties":{"id":"osm-node-5988136542","name":"ギャラリー風のたより","nameEn":"","source":"https://www.openstreetmap.org/node/5988136542"}},{"type":"Feature","geometry":{"type":"Point","coordinates":[134.8362879,35.6402665]},"properties":{"id":"osm-node-6004661686","name":"ゾウ岩","nameEn":"","source":"https://www.openstreetmap.org/node/6004661686"}},{"type":"Feature","geometry":{"type":"Point","coordinates":[133.556961,33.5427689]},"properties":{"id":"osm-node-6072412718","name":"クマ舎","nameEn":"","source":"https://www.openstreetmap.org/node/6072412718"}},{"type":"Feature","geometry":{"type":"Point","coordinates":[133.557055,33.5426617]},"properties":{"id":"osm-node-6072412719","name":"ジャガー舎","nameEn":"","source":"https://www.openstreetmap.org/node/6072412719"}},{"type":"Feature","geometry":{"type":"Point","coordinates":[133.5571274,33.5425815]},"properties":{"id":"osm-node-6072412720","name":"ライオン舎","nameEn":"","source":"https://www.openstreetmap.org/node/6072412720"}},{"type":"Feature","geometry":{"type":"Point","coordinates":[133.5573015,33.5425224]},"properties":{"id":"osm-node-6072412721","name":"トラ舎","nameEn":"","source":"https://www.openstreetmap.org/node/6072412721"}},{"type":"Feature","geometry":{"type":"Point","coordinates":[133.55776,33.5423924]},"properties":{"id":"osm-node-6072412765","name":"フラミンゴ舎","nameEn":"","source":"https://www.openstreetmap.org/node/6072412765"}},{"type":"Feature","geometry":{"type":"Point","coordinates":[133.5569371,33.5424669]},"properties":{"id":"osm-node-6072412925","name":"ふれあい広場","nameEn":"","source":"https://www.openstreetmap.org/node/6072412925"}},{"type":"Feature","geometry":{"type":"Point","coordinates":[133.5566731,33.5427982]},"properties":{"id":"osm-node-6072412926","name":"カモシカ舎","nameEn":"","source":"https://www.openstreetmap.org/node/6072412926"}},{"type":"Feature","geometry":{"type":"Point","coordinates":[133.5576517,33.5425389]},"properties":{"id":"osm-node-6072412927","name":"シマウマ舎","nameEn":"","source":"https://www.openstreetmap.org/node/6072412927"}},{"type":"Feature","geometry":{"type":"Point","coordinates":[133.5578987,33.5421127]},"properties":{"id":"osm-node-6072412929","name":"ヤマアラシ舎","nameEn":"","source":"https://www.openstreetmap.org/node/6072412929"}},{"type":"Feature","geometry":{"type":"Point","coordinates":[133.5577685,33.5421439]},"properties":{"id":"osm-node-6072412930","name":"インコ舎","nameEn":"","source":"https://www.openstreetmap.org/node/6072412930"}},{"type":"Feature","geometry":{"type":"Point","coordinates":[133.5574556,33.542247]},"properties":{"id":"osm-node-6072412931","name":"キジ舎","nameEn":"","source":"https://www.openstreetmap.org/node/6072412931"}},{"type":"Feature","geometry":{"type":"Point","coordinates":[133.5571062,33.5421565]},"properties":{"id":"osm-node-6072413026","name":"バードハウス","nameEn":"","source":"https://www.openstreetmap.org/node/6072413026"}},{"type":"Feature","geometry":{"type":"Point","coordinates":[140.3394767,38.253257]},"properties":{"id":"osm-node-6077829986","name":"七日町御殿堰","nameEn":"","source":"https://www.openstreetmap.org/node/6077829986"}},{"type":"Feature","geometry":{"type":"Point","coordinates":[139.3830534,36.136726]},"properties":{"id":"osm-node-6083521485","name":"熊谷桜堤","nameEn":"Kumagaya Sakura Tsutsumi","source":"https://www.openstreetmap.org/node/6083521485"}},{"type":"Feature","geometry":{"type":"Point","coordinates":[130.4185731,32.5798026]},"properties":{"id":"osm-node-6117324886","name":"展望台","nameEn":"","source":"https://www.openstreetmap.org/node/6117324886"}},{"type":"Feature","geometry":{"type":"Point","coordinates":[138.2527288,36.6178096]},"properties":{"id":"osm-node-6130355236","name":"北野美術館","nameEn":"","source":"https://www.openstreetmap.org/node/6130355236"}},{"type":"Feature","geometry":{"type":"Point","coordinates":[137.2388701,36.134734]},"properties":{"id":"osm-node-6147721185","name":"TeddyBearEcoVillage","nameEn":"","source":"https://www.openstreetmap.org/node/6147721185"}},{"type":"Feature","geometry":{"type":"Point","coordinates":[137.2349969,36.1317237]},"properties":{"id":"osm-node-6164766438","name":"ばんもち石","nameEn":"","source":"https://www.openstreetmap.org/node/6164766438"}},{"type":"Feature","geometry":{"type":"Point","coordinates":[137.2378082,36.1343521]},"properties":{"id":"osm-node-6164768206","name":"Ecohouseoftheforest","nameEn":"","source":"https://www.openstreetmap.org/node/6164768206"}},{"type":"Feature","geometry":{"type":"Point","coordinates":[134.2375138,35.5071732]},"properties":{"id":"osm-node-6166900797","name":"仁風閣","nameEn":"Jinpukaku","source":"https://www.openstreetmap.org/node/6166900797"}},{"type":"Feature","geometry":{"type":"Point","coordinates":[136.649115,36.5777825]},"properties":{"id":"osm-node-6201257217","name":"鼓門","nameEn":"Tsuzumi-mon Gate","source":"https://www.openstreetmap.org/node/6201257217"}},{"type":"Feature","geometry":{"type":"Point","coordinates":[136.5300605,34.5789366]},"properties":{"id":"osm-node-6209251886","name":"三井家発祥公園","nameEn":"","source":"https://www.openstreetmap.org/node/6209251886"}},{"type":"Feature","geometry":{"type":"Point","coordinates":[136.5218377,34.7479193]},"properties":{"id":"osm-node-6271317132","name":"町屋常夜燈","nameEn":"","source":"https://www.openstreetmap.org/node/6271317132"}},{"type":"Feature","geometry":{"type":"Point","coordinates":[136.5150645,34.7428488]},"properties":{"id":"osm-node-6271317624","name":"江戸橋常夜燈","nameEn":"","source":"https://www.openstreetmap.org/node/6271317624"}},{"type":"Feature","geometry":{"type":"Point","coordinates":[136.5151458,34.7454535]},"properties":{"id":"osm-node-6271317719","name":"与六樋門","nameEn":"","source":"https://www.openstreetmap.org/node/6271317719"}},{"type":"Feature","geometry":{"type":"Point","coordinates":[136.5143475,34.7409203]},"properties":{"id":"osm-node-6271318002","name":"酢屋・阿部","nameEn":"","source":"https://www.openstreetmap.org/node/6271318002"}},{"type":"Feature","geometry":{"type":"Point","coordinates":[133.8152806,35.429292]},"properties":{"id":"osm-node-6272164191","name":"円形劇場くらよしフィギュアミュージアム","nameEn":"Enkei Gekijo Kurayoshi Figure Museum","source":"https://www.openstreetmap.org/node/6272164191"}},{"type":"Feature","geometry":{"type":"Point","coordinates":[133.8248234,35.4342252]},"properties":{"id":"osm-node-6272279841","name":"倉吉線鉄道記念館","nameEn":"","source":"https://www.openstreetmap.org/node/6272279841"}},{"type":"Feature","geometry":{"type":"Point","coordinates":[136.5093763,34.7330201]},"properties":{"id":"osm-node-6277955400","name":"遺品資料館","nameEn":"","source":"https://www.openstreetmap.org/node/6277955400"}},{"type":"Feature","geometry":{"type":"Point","coordinates":[136.5112677,34.735616]},"properties":{"id":"osm-node-6277955588","name":"近鉄伊勢線部田駅跡","nameEn":"","source":"https://www.openstreetmap.org/node/6277955588"}},{"type":"Feature","geometry":{"type":"Point","coordinates":[136.9982618,34.9907792]},"properties":{"id":"osm-node-6323032709","name":"トヨタ創業期試作工場","nameEn":"","source":"https://www.openstreetmap.org/node/6323032709"}},{"type":"Feature","geometry":{"type":"Point","coordinates":[140.3970521,38.1666761]},"properties":{"id":"osm-node-6342192300","name":"Sakemuseum","nameEn":"","source":"https://www.openstreetmap.org/node/6342192300"}},{"type":"Feature","geometry":{"type":"Point","coordinates":[137.1670559,35.3394482]},"properties":{"id":"osm-node-6343932786","name":"プレミアムアウトレット","nameEn":"","source":"https://www.openstreetmap.org/node/6343932786"}},{"type":"Feature","geometry":{"type":"Point","coordinates":[138.1977219,36.5590646]},"properties":{"id":"osm-node-6344331355","name":"象山記念館","nameEn":"","source":"https://www.openstreetmap.org/node/6344331355"}},{"type":"Feature","geometry":{"type":"Point","coordinates":[140.0243118,35.2005442]},"properties":{"id":"osm-node-6348677269","name":"観光農園フルーツ村","nameEn":"","source":"https://www.openstreetmap.org/node/6348677269"}},{"type":"Feature","geometry":{"type":"Point","coordinates":[131.1137762,33.0846793]},"properties":{"id":"osm-node-6361414185","name":"夫婦滝","nameEn":"Meoto Daki","source":"https://www.openstreetmap.org/node/6361414185"}},{"type":"Feature","geometry":{"type":"Point","coordinates":[140.1188913,36.8818379]},"properties":{"id":"osm-node-6367115434","name":"くらしの館","nameEn":"","source":"https://www.openstreetmap.org/node/6367115434"}},{"type":"Feature","geometry":{"type":"Point","coordinates":[136.9852611,34.9920437]},"properties":{"id":"osm-node-6385749931","name":"刈谷市歴史博物館","nameEn":"","source":"https://www.openstreetmap.org/node/6385749931"}},{"type":"Feature","geometry":{"type":"Point","coordinates":[136.9096696,35.1711192]},"properties":{"id":"osm-node-6398372355","name":"オアシス21","nameEn":"oasis 21","source":"https://www.openstreetmap.org/node/6398372355"}},{"type":"Feature","geometry":{"type":"Point","coordinates":[136.8353531,34.5039631]},"properties":{"id":"osm-node-6447116116","name":"イルカ池","nameEn":"","source":"https://www.openstreetmap.org/node/6447116116"}},{"type":"Feature","geometry":{"type":"Point","coordinates":[137.4282924,36.8986891]},"properties":{"id":"osm-node-6483396897","name":"YKKセンターパーク","nameEn":"YKK Center Park","source":"https://www.openstreetmap.org/node/6483396897"}},{"type":"Feature","geometry":{"type":"Point","coordinates":[140.5267871,38.0376148]},"properties":{"id":"osm-node-6511162685","name":"Kawaragodam","nameEn":"","source":"https://www.openstreetmap.org/node/6511162685"}},{"type":"Feature","geometry":{"type":"Point","coordinates":[137.2125639,36.6945326]},"properties":{"id":"osm-node-6543296889","name":"松川遊覧船乗降場","nameEn":"","source":"https://www.openstreetmap.org/node/6543296889"}},{"type":"Feature","geometry":{"type":"Point","coordinates":[137.2172356,36.7064012]},"properties":{"id":"osm-node-6543300485","name":"楽翠亭美術館","nameEn":"","source":"https://www.openstreetmap.org/node/6543300485"}},{"type":"Feature","geometry":{"type":"Point","coordinates":[137.2139065,36.7006923]},"properties":{"id":"osm-node-6543309587","name":"松川遊覧船チケット売場","nameEn":"","source":"https://www.openstreetmap.org/node/6543309587"}},{"type":"Feature","geometry":{"type":"Point","coordinates":[136.0490131,34.8799882]},"properties":{"id":"osm-node-6550573385","name":"谷寛窯","nameEn":"Tanikan gama clay port gallery","source":"https://www.openstreetmap.org/node/6550573385"}},{"type":"Feature","geometry":{"type":"Point","coordinates":[136.049306,34.8789365]},"properties":{"id":"osm-node-6550607585","name":"丸又窯","nameEn":"Marumata Gama site","source":"https://www.openstreetmap.org/node/6550607585"}},{"type":"Feature","geometry":{"type":"Point","coordinates":[136.0489732,34.879182]},"properties":{"id":"osm-node-6550612787","name":"兼山窯","nameEn":"Kenzen gama kilns and clay gallery","source":"https://www.openstreetmap.org/node/6550612787"}},{"type":"Feature","geometry":{"type":"Point","coordinates":[140.8706195,38.2603275]},"properties":{"id":"osm-node-6609197294","name":"芭蕉の辻","nameEn":"Basho no Tsuji","source":"https://www.openstreetmap.org/node/6609197294"}},{"type":"Feature","geometry":{"type":"Point","coordinates":[135.7604012,34.9865798]},"properties":{"id":"osm-node-6680911405","name":"羅城門","nameEn":"","source":"https://www.openstreetmap.org/node/6680911405"}},{"type":"Feature","geometry":{"type":"Point","coordinates":[131.231048,33.118775]},"properties":{"id":"osm-node-6690869686","name":"タデ原湿原","nameEn":"","source":"https://www.openstreetmap.org/node/6690869686"}},{"type":"Feature","geometry":{"type":"Point","coordinates":[131.0503283,32.8849643]},"properties":{"id":"osm-node-6691104687","name":"KusasenriObservatory","nameEn":"","source":"https://www.openstreetmap.org/node/6691104687"}},{"type":"Feature","geometry":{"type":"Point","coordinates":[131.1166688,32.9489931]},"properties":{"id":"osm-node-6694902885","name":"AsoMizukiMeguriShoppingStreet","nameEn":"","source":"https://www.openstreetmap.org/node/6694902885"}},{"type":"Feature","geometry":{"type":"Point","coordinates":[131.1166433,32.9488181]},"properties":{"id":"osm-node-6695240185","name":"AsoMizuhoMeguriShoppingStreet","nameEn":"","source":"https://www.openstreetmap.org/node/6695240185"}},{"type":"Feature","geometry":{"type":"Point","coordinates":[140.8748114,38.2642803]},"properties":{"id":"osm-node-6765673990","name":"仙臺箪笥歴史工芸館","nameEn":"Sendai Tansu Museum","source":"https://www.openstreetmap.org/node/6765673990"}},{"type":"Feature","geometry":{"type":"Point","coordinates":[136.9575133,35.7492506]},"properties":{"id":"osm-node-6780075206","name":"さんぷる工房","nameEn":"","source":"https://www.openstreetmap.org/node/6780075206"}},{"type":"Feature","geometry":{"type":"Point","coordinates":[137.2590763,36.1428201]},"properties":{"id":"osm-node-6794446589","name":"さんまち","nameEn":"","source":"https://www.openstreetmap.org/node/6794446589"}},{"type":"Feature","geometry":{"type":"Point","coordinates":[131.1568802,33.2814915]},"properties":{"id":"osm-node-6797843181","name":"littletrain","nameEn":"","source":"https://www.openstreetmap.org/node/6797843181"}},{"type":"Feature","geometry":{"type":"Point","coordinates":[131.0682136,33.2650663]},"properties":{"id":"osm-node-6810458142","name":"慈恩の滝","nameEn":"","source":"https://www.openstreetmap.org/node/6810458142"}},{"type":"Feature","geometry":{"type":"Point","coordinates":[133.543198,33.5598474]},"properties":{"id":"osm-node-6833609461","name":"「南国土佐を後にして」歌碑","nameEn":"","source":"https://www.openstreetmap.org/node/6833609461"}},{"type":"Feature","geometry":{"type":"Point","coordinates":[135.9908559,33.72285]},"properties":{"id":"osm-node-6849452316","name":"中上健次資料収集室","nameEn":"","source":"https://www.openstreetmap.org/node/6849452316"}},{"type":"Feature","geometry":{"type":"Point","coordinates":[135.9926771,33.7279036]},"properties":{"id":"osm-node-6853147921","name":"西村記念館","nameEn":"","source":"https://www.openstreetmap.org/node/6853147921"}},{"type":"Feature","geometry":{"type":"Point","coordinates":[134.9523402,34.6709261]},"properties":{"id":"osm-node-6865998799","name":"カゲユ池古墳","nameEn":"","source":"https://www.openstreetmap.org/node/6865998799"}},{"type":"Feature","geometry":{"type":"Point","coordinates":[135.4944163,34.6688181]},"properties":{"id":"osm-node-6918408431","name":"オソブランコ","nameEn":"","source":"https://www.openstreetmap.org/node/6918408431"}},{"type":"Feature","geometry":{"type":"Point","coordinates":[136.968846,35.7385624]},"properties":{"id":"osm-node-6964757291","name":"OtakiCave","nameEn":"Limestone Cave","source":"https://www.openstreetmap.org/node/6964757291"}},{"type":"Feature","geometry":{"type":"Point","coordinates":[136.7579614,35.410415]},"properties":{"id":"osm-node-6982569686","name":"丸窓電車モ513","nameEn":"","source":"https://www.openstreetmap.org/node/6982569686"}},{"type":"Feature","geometry":{"type":"Point","coordinates":[134.843773,34.2298639]},"properties":{"id":"osm-node-6997168680","name":"灘黒岩水仙郷","nameEn":"","source":"https://www.openstreetmap.org/node/6997168680"}},{"type":"Feature","geometry":{"type":"Point","coordinates":[134.952205,34.2716426]},"properties":{"id":"osm-node-7009238339","name":"生石岬展望台","nameEn":"Oishi Cape Observation Deck","source":"https://www.openstreetmap.org/node/7009238339"}},{"type":"Feature","geometry":{"type":"Point","coordinates":[139.8150959,38.7216984]},"properties":{"id":"osm-node-7025601576","name":"アマゾン資料館","nameEn":"","source":"https://www.openstreetmap.org/node/7025601576"}},{"type":"Feature","geometry":{"type":"Point","coordinates":[135.500095,34.6658658]},"properties":{"id":"osm-node-7045931690","name":"旧新歌舞伎座","nameEn":"Shin Kabukiza site","source":"https://www.openstreetmap.org/node/7045931690"}},{"type":"Feature","geometry":{"type":"Point","coordinates":[131.1930327,33.0856151]},"properties":{"id":"osm-node-7050638948","name":"やまなみハイウェイ展望所","nameEn":"","source":"https://www.openstreetmap.org/node/7050638948"}},{"type":"Feature","geometry":{"type":"Point","coordinates":[130.4197087,32.5226504]},"properties":{"id":"osm-node-7101747991","name":"天草五橋松島展望台","nameEn":"","source":"https://www.openstreetmap.org/node/7101747991"}},{"type":"Feature","geometry":{"type":"Point","coordinates":[137.9392019,36.0992117]},"properties":{"id":"osm-node-7106704138","name":"平出博物館","nameEn":"","source":"https://www.openstreetmap.org/node/7106704138"}},{"type":"Feature","geometry":{"type":"Point","coordinates":[137.2599112,36.1414924]},"properties":{"id":"osm-node-7119333385","name":"OldTown,SanmachiSuji","nameEn":"","source":"https://www.openstreetmap.org/node/7119333385"}},{"type":"Feature","geometry":{"type":"Point","coordinates":[137.2113852,36.6916763]},"properties":{"id":"osm-node-7127819386","name":"KokusaiKaigijomaeStop","nameEn":"","source":"https://www.openstreetmap.org/node/7127819386"}},{"type":"Feature","geometry":{"type":"Point","coordinates":[137.2135429,36.6888794]},"properties":{"id":"osm-node-7127832685","name":"Grandplazamaestop","nameEn":"","source":"https://www.openstreetmap.org/node/7127832685"}},{"type":"Feature","geometry":{"type":"Point","coordinates":[141.2083609,40.6216988]},"properties":{"id":"osm-node-7140696005","name":"ザ・ブンカ元町店","nameEn":"","source":"https://www.openstreetmap.org/node/7140696005"}},{"type":"Feature","geometry":{"type":"Point","coordinates":[141.215697,40.6237224]},"properties":{"id":"osm-node-7140701901","name":"マルハン十和田店","nameEn":"","source":"https://www.openstreetmap.org/node/7140701901"}},{"type":"Feature","geometry":{"type":"Point","coordinates":[141.2126235,40.621717]},"properties":{"id":"osm-node-7140702486","name":"国際会館パチンコピーチクラブ国際","nameEn":"","source":"https://www.openstreetmap.org/node/7140702486"}},{"type":"Feature","geometry":{"type":"Point","coordinates":[141.2125068,40.6130294]},"properties":{"id":"osm-node-7142416199","name":"蒸気機関車D51663","nameEn":"","source":"https://www.openstreetmap.org/node/7142416199"}},{"type":"Feature","geometry":{"type":"Point","coordinates":[141.19895,40.6034436]},"properties":{"id":"osm-node-7142416211","name":"北大21号店","nameEn":"","source":"https://www.openstreetmap.org/node/7142416211"}},{"type":"Feature","geometry":{"type":"Point","coordinates":[141.2211051,40.6087227]},"properties":{"id":"osm-node-7142416233","name":"イーグルボウル","nameEn":"","source":"https://www.openstreetmap.org/node/7142416233"}},{"type":"Feature","geometry":{"type":"Point","coordinates":[141.2196638,40.6166434]},"properties":{"id":"osm-node-7148544733","name":"新渡戸記念館","nameEn":"","source":"https://www.openstreetmap.org/node/7148544733"}},{"type":"Feature","geometry":{"type":"Point","coordinates":[141.2174257,40.616154]},"properties":{"id":"osm-node-7148549492","name":"北大十和田キング店","nameEn":"","source":"https://www.openstreetmap.org/node/7148549492"}},{"type":"Feature","geometry":{"type":"Point","coordinates":[140.070303,35.1201475]},"properties":{"id":"osm-node-7151407428","name":"坂東分水工","nameEn":"","source":"https://www.openstreetmap.org/node/7151407428"}},{"type":"Feature","geometry":{"type":"Point","coordinates":[141.1986564,40.6471962]},"properties":{"id":"osm-node-7168765000","name":"ダイナム十和田店","nameEn":"","source":"https://www.openstreetmap.org/node/7168765000"}},{"type":"Feature","geometry":{"type":"Point","coordinates":[141.205702,40.6275915]},"properties":{"id":"osm-node-7168771587","name":"GEO十和田千歳森店","nameEn":"","source":"https://www.openstreetmap.org/node/7168771587"}},{"type":"Feature","geometry":{"type":"Point","coordinates":[137.2113542,36.6916915]},"properties":{"id":"osm-node-7169620508","name":"kokusaiKaigijoMaestop","nameEn":"","source":"https://www.openstreetmap.org/node/7169620508"}},{"type":"Feature","geometry":{"type":"Point","coordinates":[137.2135358,36.6888632]},"properties":{"id":"osm-node-7169620509","name":"GrandPlazaMAEStop","nameEn":"","source":"https://www.openstreetmap.org/node/7169620509"}},{"type":"Feature","geometry":{"type":"Point","coordinates":[140.7520624,40.8271717]},"properties":{"id":"osm-node-7226630024","name":"カラオケスペーススキャット","nameEn":"","source":"https://www.openstreetmap.org/node/7226630024"}},{"type":"Feature","geometry":{"type":"Point","coordinates":[140.7510288,40.8259203]},"properties":{"id":"osm-node-7226638810","name":"イザカラ","nameEn":"","source":"https://www.openstreetmap.org/node/7226638810"}},{"type":"Feature","geometry":{"type":"Point","coordinates":[140.7398186,40.8288699]},"properties":{"id":"osm-node-7226665297","name":"青森ボウル","nameEn":"","source":"https://www.openstreetmap.org/node/7226665297"}},{"type":"Feature","geometry":{"type":"Point","coordinates":[140.737216,40.8275436]},"properties":{"id":"osm-node-7226673990","name":"カラオケまねきねこ","nameEn":"","source":"https://www.openstreetmap.org/node/7226673990"}},{"type":"Feature","geometry":{"type":"Point","coordinates":[140.7336884,40.8252031]},"properties":{"id":"osm-node-7226678912","name":"ライジング青森駅前","nameEn":"","source":"https://www.openstreetmap.org/node/7226678912"}},{"type":"Feature","geometry":{"type":"Point","coordinates":[140.6753526,38.1896296]},"properties":{"id":"osm-node-7286489651","name":"東の土場","nameEn":"","source":"https://www.openstreetmap.org/node/7286489651"}},{"type":"Feature","geometry":{"type":"Point","coordinates":[140.6747411,38.1904729]},"properties":{"id":"osm-node-7286489652","name":"棚田・溜池","nameEn":"","source":"https://www.openstreetmap.org/node/7286489652"}},{"type":"Feature","geometry":{"type":"Point","coordinates":[140.6735422,38.1919263]},"properties":{"id":"osm-node-7286489655","name":"境界木","nameEn":"","source":"https://www.openstreetmap.org/node/7286489655"}},{"type":"Feature","geometry":{"type":"Point","coordinates":[140.673282,38.1921762]},"properties":{"id":"osm-node-7286489656","name":"三作り","nameEn":"","source":"https://www.openstreetmap.org/node/7286489656"}},{"type":"Feature","geometry":{"type":"Point","coordinates":[140.6731747,38.1919907]},"properties":{"id":"osm-node-7286489657","name":"里道","nameEn":"","source":"https://www.openstreetmap.org/node/7286489657"}},{"type":"Feature","geometry":{"type":"Point","coordinates":[140.6715761,38.1897645]},"properties":{"id":"osm-node-7286489658","name":"森の楽校","nameEn":"","source":"https://www.openstreetmap.org/node/7286489658"}},{"type":"Feature","geometry":{"type":"Point","coordinates":[140.6726704,38.1887358]},"properties":{"id":"osm-node-7286489660","name":"段々畑","nameEn":"","source":"https://www.openstreetmap.org/node/7286489660"}},{"type":"Feature","geometry":{"type":"Point","coordinates":[140.6704174,38.1875383]},"properties":{"id":"osm-node-7286489662","name":"西の土場","nameEn":"","source":"https://www.openstreetmap.org/node/7286489662"}},{"type":"Feature","geometry":{"type":"Point","coordinates":[140.6692372,38.1880359]},"properties":{"id":"osm-node-7286489663","name":"びっきの水辺","nameEn":"","source":"https://www.openstreetmap.org/node/7286489663"}},{"type":"Feature","geometry":{"type":"Point","coordinates":[140.6686364,38.1883479]},"properties":{"id":"osm-node-7286489664","name":"りゅうきんかの谷","nameEn":"","source":"https://www.openstreetmap.org/node/7286489664"}},{"type":"Feature","geometry":{"type":"Point","coordinates":[140.6682287,38.1896887]},"properties":{"id":"osm-node-7286489665","name":"さんしょううおの池","nameEn":"","source":"https://www.openstreetmap.org/node/7286489665"}},{"type":"Feature","geometry":{"type":"Point","coordinates":[140.6684755,38.1907596]},"properties":{"id":"osm-node-7286489666","name":"ししの広場","nameEn":"","source":"https://www.openstreetmap.org/node/7286489666"}},{"type":"Feature","geometry":{"type":"Point","coordinates":[137.8092656,35.9619742]},"properties":{"id":"osm-node-7311836885","name":"C-12199号蒸気機関車","nameEn":"","source":"https://www.openstreetmap.org/node/7311836885"}},{"type":"Feature","geometry":{"type":"Point","coordinates":[136.7377494,35.4608169]},"properties":{"id":"osm-node-7318411985","name":"ロビー","nameEn":"","source":"https://www.openstreetmap.org/node/7318411985"}},{"type":"Feature","geometry":{"type":"Point","coordinates":[138.9193967,37.6526569]},"properties":{"id":"osm-node-7324599463","name":"燕市産業史料館","nameEn":"","source":"https://www.openstreetmap.org/node/7324599463"}},{"type":"Feature","geometry":{"type":"Point","coordinates":[136.9425821,34.9957462]},"properties":{"id":"osm-node-7345757086","name":"スクスクヶ丘","nameEn":"","source":"https://www.openstreetmap.org/node/7345757086"}},{"type":"Feature","geometry":{"type":"Point","coordinates":[136.949669,35.0009978]},"properties":{"id":"osm-node-7345757486","name":"超ビックスライダー","nameEn":"","source":"https://www.openstreetmap.org/node/7345757486"}},{"type":"Feature","geometry":{"type":"Point","coordinates":[136.9462218,34.9964424]},"properties":{"id":"osm-node-7345757685","name":"あいち健康の森公園","nameEn":"","source":"https://www.openstreetmap.org/node/7345757685"}},{"type":"Feature","geometry":{"type":"Point","coordinates":[140.5618677,39.5989912]},"properties":{"id":"osm-node-7451188061","name":"角館のシダレザクラ","nameEn":"","source":"https://www.openstreetmap.org/node/7451188061"}},{"type":"Feature","geometry":{"type":"Point","coordinates":[140.5627192,39.5963621]},"properties":{"id":"osm-node-7451188070","name":"火除け","nameEn":"","source":"https://www.openstreetmap.org/node/7451188070"}},{"type":"Feature","geometry":{"type":"Point","coordinates":[141.0965667,39.0126796]},"properties":{"id":"osm-node-7461106585","name":"長者ヶ原廃寺跡","nameEn":"","source":"https://www.openstreetmap.org/node/7461106585"}},{"type":"Feature","geometry":{"type":"Point","coordinates":[141.2298592,40.748342]},"properties":{"id":"osm-node-7463975385","name":"二ッ森貝塚","nameEn":"Futatsumori Shell Mound","source":"https://www.openstreetmap.org/node/7463975385"}},{"type":"Feature","geometry":{"type":"Point","coordinates":[140.6997814,40.8321639]},"properties":{"id":"osm-node-7562277103","name":"ビッグギャザー","nameEn":"","source":"https://www.openstreetmap.org/node/7562277103"}},{"type":"Feature","geometry":{"type":"Point","coordinates":[136.648971,36.5788464]},"properties":{"id":"osm-node-7567851985","name":"やかん体、転倒する。","nameEn":"","source":"https://www.openstreetmap.org/node/7567851985"}},{"type":"Feature","geometry":{"type":"Point","coordinates":[139.8373197,38.9148299]},"properties":{"id":"osm-node-7572121983","name":"大獅子","nameEn":"Big Lions","source":"https://www.openstreetmap.org/node/7572121983"}},{"type":"Feature","geometry":{"type":"Point","coordinates":[140.2994675,38.4386476]},"properties":{"id":"osm-node-7602335285","name":"河北町紅花資料館","nameEn":"","source":"https://www.openstreetmap.org/node/7602335285"}},{"type":"Feature","geometry":{"type":"Point","coordinates":[131.0935043,33.5636479]},"properties":{"id":"osm-node-7639862185","name":"巨大椅子のオブジェ","nameEn":"","source":"https://www.openstreetmap.org/node/7639862185"}},{"type":"Feature","geometry":{"type":"Point","coordinates":[140.755257,38.256951]},"properties":{"id":"osm-node-7791143085","name":"仙台市天文台","nameEn":"Sendai Astromical Observatory","source":"https://www.openstreetmap.org/node/7791143085"}},{"type":"Feature","geometry":{"type":"Point","coordinates":[138.0955495,36.5042716]},"properties":{"id":"osm-node-7797704333","name":"姨石","nameEn":"","source":"https://www.openstreetmap.org/node/7797704333"}},{"type":"Feature","geometry":{"type":"Point","coordinates":[133.8047839,35.427017]},"properties":{"id":"osm-node-7881407152","name":"西倉吉駅跡","nameEn":"Nishi-Kurayoshi Station Ruin","source":"https://www.openstreetmap.org/node/7881407152"}},{"type":"Feature","geometry":{"type":"Point","coordinates":[137.8387709,35.9861421]},"properties":{"id":"osm-node-8090952360","name":"江戸村座","nameEn":"","source":"https://www.openstreetmap.org/node/8090952360"}},{"type":"Feature","geometry":{"type":"Point","coordinates":[137.8385107,35.9858806]},"properties":{"id":"osm-node-8090952361","name":"中仙道自身番","nameEn":"","source":"https://www.openstreetmap.org/node/8090952361"}},{"type":"Feature","geometry":{"type":"Point","coordinates":[140.4466819,38.1309899]},"properties":{"id":"osm-node-8204880117","name":"蔵王のお釜","nameEn":"Zaō no Okama","source":"https://www.openstreetmap.org/node/8204880117"}},{"type":"Feature","geometry":{"type":"Point","coordinates":[131.0335796,33.1838289]},"properties":{"id":"osm-node-8270354696","name":"蒸し場","nameEn":"","source":"https://www.openstreetmap.org/node/8270354696"}},{"type":"Feature","geometry":{"type":"Point","coordinates":[131.033165,33.1834268]},"properties":{"id":"osm-node-8270354705","name":"中の橋ほっこり蒸し場","nameEn":"","source":"https://www.openstreetmap.org/node/8270354705"}},{"type":"Feature","geometry":{"type":"Point","coordinates":[131.0332809,33.1833329]},"properties":{"id":"osm-node-8270409859","name":"流泉湯跡地","nameEn":"","source":"https://www.openstreetmap.org/node/8270409859"}},{"type":"Feature","geometry":{"type":"Point","coordinates":[131.035089,33.1825389]},"properties":{"id":"osm-node-8270409883","name":"蒸し場","nameEn":"","source":"https://www.openstreetmap.org/node/8270409883"}},{"type":"Feature","geometry":{"type":"Point","coordinates":[137.8104547,35.9647304]},"properties":{"id":"osm-node-8310632112","name":"上問屋史料館","nameEn":"","source":"https://www.openstreetmap.org/node/8310632112"}},{"type":"Feature","geometry":{"type":"Point","coordinates":[137.8095254,35.963982]},"properties":{"id":"osm-node-8316618812","name":"鍵の手KagiNoTei","nameEn":"","source":"https://www.openstreetmap.org/node/8316618812"}},{"type":"Feature","geometry":{"type":"Point","coordinates":[131.0334939,33.1864064]},"properties":{"id":"osm-node-8356128774","name":"白糸の滝","nameEn":"Shiroito-no-taki Fall","source":"https://www.openstreetmap.org/node/8356128774"}},{"type":"Feature","geometry":{"type":"Point","coordinates":[131.0341843,33.1832326]},"properties":{"id":"osm-node-8356192640","name":"ひぜんや宿泊客用蒸し場","nameEn":"","source":"https://www.openstreetmap.org/node/8356192640"}},{"type":"Feature","geometry":{"type":"Point","coordinates":[131.0285456,33.1856715]},"properties":{"id":"osm-node-8356240317","name":"松原遊覧船乗り場","nameEn":"","source":"https://www.openstreetmap.org/node/8356240317"}},{"type":"Feature","geometry":{"type":"Point","coordinates":[140.3461047,41.2538005]},"properties":{"id":"osm-node-8357401261","name":"津軽海峡線の軌道","nameEn":"","source":"https://www.openstreetmap.org/node/8357401261"}},{"type":"Feature","geometry":{"type":"Point","coordinates":[140.3456609,41.2537813]},"properties":{"id":"osm-node-8357401262","name":"斜坑人車","nameEn":"","source":"https://www.openstreetmap.org/node/8357401262"}},{"type":"Feature","geometry":{"type":"Point","coordinates":[140.3456514,41.2536943]},"properties":{"id":"osm-node-8357401263","name":"アジテータカー","nameEn":"","source":"https://www.openstreetmap.org/node/8357401263"}},{"type":"Feature","geometry":{"type":"Point","coordinates":[140.8737532,38.2645994]},"properties":{"id":"osm-node-8502616318","name":"島川美術館","nameEn":"Shimakawa Art Museum","source":"https://www.openstreetmap.org/node/8502616318"}},{"type":"Feature","geometry":{"type":"Point","coordinates":[137.830804,35.5122363]},"properties":{"id":"osm-node-8505335771","name":"安富桜","nameEn":"Yasutomi Cherry Tree","source":"https://www.openstreetmap.org/node/8505335771"}},{"type":"Feature","geometry":{"type":"Point","coordinates":[130.0236801,32.3093034]},"properties":{"id":"osm-node-8599128058","name":"天草夕陽八景・マリア像の夕陽","nameEn":"","source":"https://www.openstreetmap.org/node/8599128058"}},{"type":"Feature","geometry":{"type":"Point","coordinates":[130.0797095,32.3321672]},"properties":{"id":"osm-node-8604759628","name":"天草コレジヨ跡","nameEn":"","source":"https://www.openstreetmap.org/node/8604759628"}},{"type":"Feature","geometry":{"type":"Point","coordinates":[130.0075359,32.4280976]},"properties":{"id":"osm-node-8624318756","name":"天草夕陽八景・下田の夕陽","nameEn":"","source":"https://www.openstreetmap.org/node/8624318756"}},{"type":"Feature","geometry":{"type":"Point","coordinates":[130.3068152,32.4909854]},"properties":{"id":"osm-node-8714719298","name":"南蛮寺跡","nameEn":"Ruins of Nanban-ji church","source":"https://www.openstreetmap.org/node/8714719298"}},{"type":"Feature","geometry":{"type":"Point","coordinates":[139.8083465,36.4617422]},"properties":{"id":"osm-node-8735832677","name":"壬生町おもちゃ博物館","nameEn":"Mibumachi Toy Museum","source":"https://www.openstreetmap.org/node/8735832677"}},{"type":"Feature","geometry":{"type":"Point","coordinates":[139.8057454,36.4605428]},"properties":{"id":"osm-node-8735833429","name":"ぱなぱな工房","nameEn":"","source":"https://www.openstreetmap.org/node/8735833429"}},{"type":"Feature","geometry":{"type":"Point","coordinates":[130.4306588,32.5134886]},"properties":{"id":"osm-node-8736199742","name":"100万本の菜の花園","nameEn":"","source":"https://www.openstreetmap.org/node/8736199742"}},{"type":"Feature","geometry":{"type":"Point","coordinates":[130.4236472,32.519939]},"properties":{"id":"osm-node-8736405313","name":"パールライン観光遊覧船乗り場","nameEn":"","source":"https://www.openstreetmap.org/node/8736405313"}},{"type":"Feature","geometry":{"type":"Point","coordinates":[130.4077227,32.4148552]},"properties":{"id":"osm-node-8748127280","name":"権現鍾乳洞","nameEn":"","source":"https://www.openstreetmap.org/node/8748127280"}},{"type":"Feature","geometry":{"type":"Point","coordinates":[130.4283611,32.5298573]},"properties":{"id":"osm-node-8785700317","name":"わくわく海中水族館シードーナツ","nameEn":"","source":"https://www.openstreetmap.org/node/8785700317"}},{"type":"Feature","geometry":{"type":"Point","coordinates":[130.456553,32.6128482]},"properties":{"id":"osm-node-8806253493","name":"天門橋展望所","nameEn":"","source":"https://www.openstreetmap.org/node/8806253493"}},{"type":"Feature","geometry":{"type":"Point","coordinates":[137.7398299,35.4447595]},"properties":{"id":"osm-node-8851614519","name":"駒場宿","nameEn":"Komanba-juku","source":"https://www.openstreetmap.org/node/8851614519"}},{"type":"Feature","geometry":{"type":"Point","coordinates":[137.8164889,35.518318]},"properties":{"id":"osm-node-8961899570","name":"白山社遙拝所跡","nameEn":"Hakusan Shrine Yohaijo Ruins","source":"https://www.openstreetmap.org/node/8961899570"}},{"type":"Feature","geometry":{"type":"Point","coordinates":[135.3344625,33.6928885]},"properties":{"id":"osm-node-9062294232","name":"第3展望台","nameEn":"","source":"https://www.openstreetmap.org/node/9062294232"}},{"type":"Feature","geometry":{"type":"Point","coordinates":[135.3355502,33.6928023]},"properties":{"id":"osm-node-9062294237","name":"第2展望台","nameEn":"","source":"https://www.openstreetmap.org/node/9062294237"}},{"type":"Feature","geometry":{"type":"Point","coordinates":[135.3365575,33.6923123]},"properties":{"id":"osm-node-9062294247","name":"第1展望台","nameEn":"","source":"https://www.openstreetmap.org/node/9062294247"}},{"type":"Feature","geometry":{"type":"Point","coordinates":[134.8371478,34.7659053]},"properties":{"id":"osm-node-9102472330","name":"寺家町","nameEn":"","source":"https://www.openstreetmap.org/node/9102472330"}},{"type":"Feature","geometry":{"type":"Point","coordinates":[130.4975701,33.684946]},"properties":{"id":"osm-node-9150093018","name":"新宮霊園","nameEn":"","source":"https://www.openstreetmap.org/node/9150093018"}},{"type":"Feature","geometry":{"type":"Point","coordinates":[139.8275965,38.9196501]},"properties":{"id":"osm-node-9185416752","name":"千石船","nameEn":"","source":"https://www.openstreetmap.org/node/9185416752"}},{"type":"Feature","geometry":{"type":"Point","coordinates":[130.6626017,32.6875084]},"properties":{"id":"osm-node-9359784017","name":"船場橋(石橋)","nameEn":"","source":"https://www.openstreetmap.org/node/9359784017"}},{"type":"Feature","geometry":{"type":"Point","coordinates":[130.4402489,33.7113801]},"properties":{"id":"osm-node-9399067917","name":"歌幸","nameEn":"","source":"https://www.openstreetmap.org/node/9399067917"}},{"type":"Feature","geometry":{"type":"Point","coordinates":[140.71497,38.2313841]},"properties":{"id":"osm-node-9448794095","name":"一心美術館","nameEn":"","source":"https://www.openstreetmap.org/node/9448794095"}},{"type":"Feature","geometry":{"type":"Point","coordinates":[136.8753252,35.9519818]},"properties":{"id":"osm-node-9533728625","name":"たかす開拓記念館","nameEn":"","source":"https://www.openstreetmap.org/node/9533728625"}},{"type":"Feature","geometry":{"type":"Point","coordinates":[127.7452269,26.1185298]},"properties":{"id":"osm-node-9572878709","name":"ホロホローの森","nameEn":"Horohoro-no-mori Forest","source":"https://www.openstreetmap.org/node/9572878709"}},{"type":"Feature","geometry":{"type":"Point","coordinates":[133.6517368,34.1576117]},"properties":{"id":"osm-node-9593313841","name":"鼻ご岩","nameEn":"Hanagoi Rock","source":"https://www.openstreetmap.org/node/9593313841"}},{"type":"Feature","geometry":{"type":"Point","coordinates":[137.8216636,35.5162597]},"properties":{"id":"osm-node-9596435209","name":"大横町道標（飯田最古の道標）","nameEn":"Oyokocho Michishirube (Iida's Oldest Guidepost)","source":"https://www.openstreetmap.org/node/9596435209"}},{"type":"Feature","geometry":{"type":"Point","coordinates":[137.8256187,35.5120779]},"properties":{"id":"osm-node-9619782209","name":"愛宕宿","nameEn":"Atago-juku","source":"https://www.openstreetmap.org/node/9619782209"}},{"type":"Feature","geometry":{"type":"Point","coordinates":[137.8245651,35.513431]},"properties":{"id":"osm-node-9619782210","name":"愛宕坂","nameEn":"Atago-zaka","source":"https://www.openstreetmap.org/node/9619782210"}},{"type":"Feature","geometry":{"type":"Point","coordinates":[137.8252097,35.5128805]},"properties":{"id":"osm-node-9619782211","name":"愛宕の神石群","nameEn":"Stone Gods of Atago","source":"https://www.openstreetmap.org/node/9619782211"}},{"type":"Feature","geometry":{"type":"Point","coordinates":[130.4643954,32.9889402]},"properties":{"id":"osm-node-9630667117","name":"グリーンランド","nameEn":"Greenland amusement park","source":"https://www.openstreetmap.org/node/9630667117"}},{"type":"Feature","geometry":{"type":"Point","coordinates":[137.8202676,35.5146502]},"properties":{"id":"osm-node-9647801717","name":"元結（桜井）文七之墓","nameEn":"Grave of Mottoi (Sakurai) Bunshichi","source":"https://www.openstreetmap.org/node/9647801717"}},{"type":"Feature","geometry":{"type":"Point","coordinates":[134.4873746,35.5563783]},"properties":{"id":"osm-node-9937122164","name":"夢千代館","nameEn":"","source":"https://www.openstreetmap.org/node/9937122164"}},{"type":"Feature","geometry":{"type":"Point","coordinates":[133.6169079,33.5715239]},"properties":{"id":"osm-node-9961089130","name":"妙見彦山3号墳","nameEn":"","source":"https://www.openstreetmap.org/node/9961089130"}},{"type":"Feature","geometry":{"type":"Point","coordinates":[133.4779165,33.553252]},"properties":{"id":"osm-node-9961089920","name":"朝倉古墳","nameEn":"","source":"https://www.openstreetmap.org/node/9961089920"}},{"type":"Feature","geometry":{"type":"Point","coordinates":[141.2198249,40.7487392]},"properties":{"id":"osm-node-9961090225","name":"二ツ森貝塚館","nameEn":"","source":"https://www.openstreetmap.org/node/9961090225"}},{"type":"Feature","geometry":{"type":"Point","coordinates":[133.6160506,33.5703837]},"properties":{"id":"osm-node-9961090521","name":"明見彦山1号古墳","nameEn":"","source":"https://www.openstreetmap.org/node/9961090521"}},{"type":"Feature","geometry":{"type":"Point","coordinates":[133.6490381,34.1486684]},"properties":{"id":"osm-node-9961090524","name":"丸山古墳","nameEn":"","source":"https://www.openstreetmap.org/node/9961090524"}},{"type":"Feature","geometry":{"type":"Point","coordinates":[136.0285016,33.7697694]},"properties":{"id":"osm-node-10046300304","name":"ウミガメ公園ウミガメ水族館","nameEn":"","source":"https://www.openstreetmap.org/node/10046300304"}},{"type":"Feature","geometry":{"type":"Point","coordinates":[134.7600505,34.9505438]},"properties":{"id":"osm-node-10074120517","name":"福崎町埋蔵文化財調査所","nameEn":"","source":"https://www.openstreetmap.org/node/10074120517"}},{"type":"Feature","geometry":{"type":"Point","coordinates":[134.7530599,34.9678878]},"properties":{"id":"osm-node-10074156517","name":"朝谷１号墳","nameEn":"","source":"https://www.openstreetmap.org/node/10074156517"}},{"type":"Feature","geometry":{"type":"Point","coordinates":[134.7704913,34.9603055]},"properties":{"id":"osm-node-10074292317","name":"竪穴石棺","nameEn":"","source":"https://www.openstreetmap.org/node/10074292317"}},{"type":"Feature","geometry":{"type":"Point","coordinates":[130.5433875,32.6709368]},"properties":{"id":"osm-node-10082994255","name":"御輿来海岸展望所","nameEn":"Okoshiki Beach Observation Deck","source":"https://www.openstreetmap.org/node/10082994255"}},{"type":"Feature","geometry":{"type":"Point","coordinates":[138.4711575,36.7211483]},"properties":{"id":"osm-node-10086202814","name":"澗満瀧展望台","nameEn":"","source":"https://www.openstreetmap.org/node/10086202814"}},{"type":"Feature","geometry":{"type":"Point","coordinates":[138.4716215,36.7215866]},"properties":{"id":"osm-node-10086203126","name":"炭焼ガマ","nameEn":"","source":"https://www.openstreetmap.org/node/10086203126"}},{"type":"Feature","geometry":{"type":"Point","coordinates":[140.4989372,35.8915189]},"properties":{"id":"osm-node-10114176217","name":"Canal","nameEn":"","source":"https://www.openstreetmap.org/node/10114176217"}},{"type":"Feature","geometry":{"type":"Point","coordinates":[138.0917398,36.0160724]},"properties":{"id":"osm-node-10142739617","name":"梅月堂","nameEn":"","source":"https://www.openstreetmap.org/node/10142739617"}},{"type":"Feature","geometry":{"type":"Point","coordinates":[137.7003244,35.7718682]},"properties":{"id":"osm-node-10304805412","name":"寝覚ノ床","nameEn":"","source":"https://www.openstreetmap.org/node/10304805412"}},{"type":"Feature","geometry":{"type":"Point","coordinates":[131.4687366,33.3166]},"properties":{"id":"osm-node-10316419768","name":"GalleryAo","nameEn":"","source":"https://www.openstreetmap.org/node/10316419768"}},{"type":"Feature","geometry":{"type":"Point","coordinates":[140.8651624,38.2652694]},"properties":{"id":"osm-node-10677316056","name":"ギャラリー杜間道","nameEn":"gallery Tougendo","source":"https://www.openstreetmap.org/node/10677316056"}},{"type":"Feature","geometry":{"type":"Point","coordinates":[137.9690178,36.2352771]},"properties":{"id":"osm-node-10801004187","name":"松本市立博物館","nameEn":"Matsumoto City Museum","source":"https://www.openstreetmap.org/node/10801004187"}},{"type":"Feature","geometry":{"type":"Point","coordinates":[133.7705795,33.5159138]},"properties":{"id":"osm-node-10820798705","name":"芸西メランジュ","nameEn":"","source":"https://www.openstreetmap.org/node/10820798705"}},{"type":"Feature","geometry":{"type":"Point","coordinates":[133.7708512,33.5157185]},"properties":{"id":"osm-node-10820819005","name":"頁岩","nameEn":"","source":"https://www.openstreetmap.org/node/10820819005"}},{"type":"Feature","geometry":{"type":"Point","coordinates":[137.2121558,36.7092026]},"properties":{"id":"osm-node-10968875309","name":"天門橋","nameEn":"Tenmomkyo bridge tower","source":"https://www.openstreetmap.org/node/10968875309"}},{"type":"Feature","geometry":{"type":"Point","coordinates":[145.8118999,43.3863827]},"properties":{"id":"osm-node-10969270451","name":"納沙布岬記念碑","nameEn":"","source":"https://www.openstreetmap.org/node/10969270451"}},{"type":"Feature","geometry":{"type":"Point","coordinates":[137.8187491,35.5155186]},"properties":{"id":"osm-node-11006390739","name":"飯田城外堀跡","nameEn":"Remains of the outer moat of Iida Castle","source":"https://www.openstreetmap.org/node/11006390739"}},{"type":"Feature","geometry":{"type":"Point","coordinates":[140.8858091,38.2600625]},"properties":{"id":"osm-node-11039676958","name":"TFUギャラリーミニモリ","nameEn":"TFU Gallery Mini Mori","source":"https://www.openstreetmap.org/node/11039676958"}},{"type":"Feature","geometry":{"type":"Point","coordinates":[137.8404634,35.5467888]},"properties":{"id":"osm-node-11056033740","name":"南アルプスと伊那谷の絶景","nameEn":"Southern Alps and Ina Valley Panorama","source":"https://www.openstreetmap.org/node/11056033740"}},{"type":"Feature","geometry":{"type":"Point","coordinates":[137.8398665,35.5468814]},"properties":{"id":"osm-node-11056033778","name":"大問山の神","nameEn":"Daimon Yama-no-kami","source":"https://www.openstreetmap.org/node/11056033778"}},{"type":"Feature","geometry":{"type":"Point","coordinates":[137.8394484,35.546708]},"properties":{"id":"osm-node-11056033803","name":"山の神の桜（原地区）","nameEn":"Yama-no-kami Sakura (Cherry Tree)","source":"https://www.openstreetmap.org/node/11056033803"}},{"type":"Feature","geometry":{"type":"Point","coordinates":[137.2115013,36.692794]},"properties":{"id":"osm-node-11059543282","name":"続日本100名城スタンプ134・富山城","nameEn":"","source":"https://www.openstreetmap.org/node/11059543282"}},{"type":"Feature","geometry":{"type":"Point","coordinates":[137.5039402,34.8959768]},"properties":{"id":"osm-node-11221753737","name":"中央構造線","nameEn":"","source":"https://www.openstreetmap.org/node/11221753737"}},{"type":"Feature","geometry":{"type":"Point","coordinates":[137.4986984,34.8962864]},"properties":{"id":"osm-node-11221766137","name":"新城城跡","nameEn":"","source":"https://www.openstreetmap.org/node/11221766137"}},{"type":"Feature","geometry":{"type":"Point","coordinates":[141.2473814,41.0829477]},"properties":{"id":"osm-node-11224911215","name":"神明宮跡地大ケヤキ","nameEn":"","source":"https://www.openstreetmap.org/node/11224911215"}},{"type":"Feature","geometry":{"type":"Point","coordinates":[135.7638385,34.9869451]},"properties":{"id":"osm-node-11250693816","name":"京都芸大美術ギャラリー＠KCUA（アクア）","nameEn":"","source":"https://www.openstreetmap.org/node/11250693816"}},{"type":"Feature","geometry":{"type":"Point","coordinates":[139.6994323,35.9482702]},"properties":{"id":"osm-node-11280238088","name":"酒蔵資料館","nameEn":"","source":"https://www.openstreetmap.org/node/11280238088"}},{"type":"Feature","geometry":{"type":"Point","coordinates":[137.2597144,36.1406579]},"properties":{"id":"osm-node-11302345862","name":"SakeBrewery","nameEn":"","source":"https://www.openstreetmap.org/node/11302345862"}},{"type":"Feature","geometry":{"type":"Point","coordinates":[138.0995866,36.5019254]},"properties":{"id":"osm-node-11389475161","name":"姨捨の棚田･善光寺平の展望台","nameEn":"","source":"https://www.openstreetmap.org/node/11389475161"}},{"type":"Feature","geometry":{"type":"Point","coordinates":[134.2330413,35.4934249]},"properties":{"id":"osm-node-11416571302","name":"ギャラリー山陰","nameEn":"","source":"https://www.openstreetmap.org/node/11416571302"}},{"type":"Feature","geometry":{"type":"Point","coordinates":[139.8405036,38.9153012]},"properties":{"id":"osm-node-11460360269","name":"シェ･ピエール","nameEn":"Chez pierre","source":"https://www.openstreetmap.org/node/11460360269"}},{"type":"Feature","geometry":{"type":"Point","coordinates":[131.0644591,33.1230439]},"properties":{"id":"osm-node-11507846911","name":"肥後小国駅跡","nameEn":"","source":"https://www.openstreetmap.org/node/11507846911"}},{"type":"Feature","geometry":{"type":"Point","coordinates":[137.8910626,35.544447]},"properties":{"id":"osm-node-11509739269","name":"道の駅とよおかマルシェ","nameEn":"TOYOOKA Marche","source":"https://www.openstreetmap.org/node/11509739269"}},{"type":"Feature","geometry":{"type":"Point","coordinates":[136.6926525,35.0710229]},"properties":{"id":"osm-node-11553667269","name":"六華苑","nameEn":"","source":"https://www.openstreetmap.org/node/11553667269"}},{"type":"Feature","geometry":{"type":"Point","coordinates":[131.4740622,33.3156585]},"properties":{"id":"osm-node-11591001550","name":"別府鉄輪地獄温泉ミュージアム","nameEn":"Beppu Kannawa Jigoku Onsen Museum","source":"https://www.openstreetmap.org/node/11591001550"}},{"type":"Feature","geometry":{"type":"Point","coordinates":[131.5033918,33.2779295]},"properties":{"id":"osm-node-11597198630","name":"やよい天狗","nameEn":"Yayoi Tengu","source":"https://www.openstreetmap.org/node/11597198630"}},{"type":"Feature","geometry":{"type":"Point","coordinates":[133.7568887,33.5282607]},"properties":{"id":"osm-node-11623043865","name":"手結内港・手結港可動橋","nameEn":"","source":"https://www.openstreetmap.org/node/11623043865"}},{"type":"Feature","geometry":{"type":"Point","coordinates":[134.2940772,33.5455154]},"properties":{"id":"osm-node-11636107885","name":"仏頂造りの街並み","nameEn":"“Butchou-zukuri”, unique architectural style","source":"https://www.openstreetmap.org/node/11636107885"}},{"type":"Feature","geometry":{"type":"Point","coordinates":[137.8665622,35.5430649]},"properties":{"id":"osm-node-11639988069","name":"市石","nameEn":"","source":"https://www.openstreetmap.org/node/11639988069"}},{"type":"Feature","geometry":{"type":"Point","coordinates":[133.9117232,33.5191544]},"properties":{"id":"osm-node-11652391305","name":"安芸市土居廓中伝統的建造物群保存地区","nameEn":"","source":"https://www.openstreetmap.org/node/11652391305"}},{"type":"Feature","geometry":{"type":"Point","coordinates":[133.9340714,33.4917884]},"properties":{"id":"osm-node-11657095523","name":"伊尾木洞のシダ群落","nameEn":"","source":"https://www.openstreetmap.org/node/11657095523"}},{"type":"Feature","geometry":{"type":"Point","coordinates":[137.1309816,35.3347058]},"properties":{"id":"osm-node-11724458820","name":"多治見商人物語","nameEn":"","source":"https://www.openstreetmap.org/node/11724458820"}},{"type":"Feature","geometry":{"type":"Point","coordinates":[137.1328902,35.3342131]},"properties":{"id":"osm-node-11724458844","name":"アトリエ羅幻","nameEn":"","source":"https://www.openstreetmap.org/node/11724458844"}},{"type":"Feature","geometry":{"type":"Point","coordinates":[136.2401723,36.2162552]},"properties":{"id":"osm-node-11733329509","name":"あらた坂","nameEn":"","source":"https://www.openstreetmap.org/node/11733329509"}},{"type":"Feature","geometry":{"type":"Point","coordinates":[137.1295909,35.3313842]},"properties":{"id":"osm-node-11771266268","name":"多治見西浦記念館","nameEn":"","source":"https://www.openstreetmap.org/node/11771266268"}},{"type":"Feature","geometry":{"type":"Point","coordinates":[136.1472975,36.2529256]},"properties":{"id":"osm-node-11792456168","name":"屋上展望台","nameEn":"","source":"https://www.openstreetmap.org/node/11792456168"}},{"type":"Feature","geometry":{"type":"Point","coordinates":[134.3664783,33.6067921]},"properties":{"id":"osm-node-11834599480","name":"大里松原海岸","nameEn":"","source":"https://www.openstreetmap.org/node/11834599480"}},{"type":"Feature","geometry":{"type":"Point","coordinates":[138.1568085,36.3505366]},"properties":{"id":"osm-node-11836619469","name":"ななくり","nameEn":"Nanakuri Footbath","source":"https://www.openstreetmap.org/node/11836619469"}},{"type":"Feature","geometry":{"type":"Point","coordinates":[136.2301648,36.2177279]},"properties":{"id":"osm-node-11880159514","name":"金津本陣ＩＫＯＳＳＡ","nameEn":"","source":"https://www.openstreetmap.org/node/11880159514"}},{"type":"Feature","geometry":{"type":"Point","coordinates":[136.2300946,36.2173696]},"properties":{"id":"osm-node-11880159522","name":"あわら市郷土歴史資料館","nameEn":"","source":"https://www.openstreetmap.org/node/11880159522"}},{"type":"Feature","geometry":{"type":"Point","coordinates":[133.9890492,34.4522244]},"properties":{"id":"osm-node-11919737246","name":"Cherryblossomlabyrinth","nameEn":"","source":"https://www.openstreetmap.org/node/11919737246"}},{"type":"Feature","geometry":{"type":"Point","coordinates":[136.9250115,35.2473865]},"properties":{"id":"osm-node-11949696957","name":"あいち航空ミュージアム","nameEn":"Aichi Museum of Flight","source":"https://www.openstreetmap.org/node/11949696957"}},{"type":"Feature","geometry":{"type":"Point","coordinates":[139.8396249,38.8973639]},"properties":{"id":"osm-node-11980033569","name":"オランダせんべいFACTORY工場見学","nameEn":"Oranda Senbei Factory Tour Entrance","source":"https://www.openstreetmap.org/node/11980033569"}},{"type":"Feature","geometry":{"type":"Point","coordinates":[136.1457284,36.2149005]},"properties":{"id":"osm-node-11989216792","name":"思案橋","nameEn":"","source":"https://www.openstreetmap.org/node/11989216792"}},{"type":"Feature","geometry":{"type":"Point","coordinates":[136.8851232,35.1702493]},"properties":{"id":"osm-node-12003277976","name":"スカイプロムナード","nameEn":"Sky Promenade","source":"https://www.openstreetmap.org/node/12003277976"}},{"type":"Feature","geometry":{"type":"Point","coordinates":[130.0236304,32.310816]},"properties":{"id":"osm-node-12019788876","name":"Observationdeck(500steps)","nameEn":"","source":"https://www.openstreetmap.org/node/12019788876"}},{"type":"Feature","geometry":{"type":"Point","coordinates":[136.5085205,36.0824163]},"properties":{"id":"osm-node-12133334374","name":"fossilextractionworkshop","nameEn":"","source":"https://www.openstreetmap.org/node/12133334374"}},{"type":"Feature","geometry":{"type":"Point","coordinates":[136.5044579,36.0845112]},"properties":{"id":"osm-node-12133366646","name":"KatsuyamaDinoPark","nameEn":"","source":"https://www.openstreetmap.org/node/12133366646"}},{"type":"Feature","geometry":{"type":"Point","coordinates":[138.1344875,35.9906875]},"properties":{"id":"osm-node-12158792102","name":"樋沢古墳","nameEn":"","source":"https://www.openstreetmap.org/node/12158792102"}},{"type":"Feature","geometry":{"type":"Point","coordinates":[134.1596277,33.2682346]},"properties":{"id":"osm-node-12160173919","name":"室戸ドルフィンセンター","nameEn":"","source":"https://www.openstreetmap.org/node/12160173919"}},{"type":"Feature","geometry":{"type":"Point","coordinates":[135.7594822,34.9890921]},"properties":{"id":"osm-node-12189675719","name":"シナリー金沢翔子美術館","nameEn":"","source":"https://www.openstreetmap.org/node/12189675719"}},{"type":"Feature","geometry":{"type":"Point","coordinates":[140.3380166,38.2519516]},"properties":{"id":"osm-node-12194091003","name":"山形県芸文美術館","nameEn":"","source":"https://www.openstreetmap.org/node/12194091003"}},{"type":"Feature","geometry":{"type":"Point","coordinates":[137.8151351,35.9694304]},"properties":{"id":"osm-node-12196525301","name":"杉並木","nameEn":"Avenue of Cedars","source":"https://www.openstreetmap.org/node/12196525301"}},{"type":"Feature","geometry":{"type":"Point","coordinates":[136.2500978,36.1130017]},"properties":{"id":"osm-node-12316500619","name":"マイアクア","nameEn":"","source":"https://www.openstreetmap.org/node/12316500619"}},{"type":"Feature","geometry":{"type":"Point","coordinates":[136.2501173,36.1130689]},"properties":{"id":"osm-node-12316500620","name":"森田配水塔（マイアクア）","nameEn":"","source":"https://www.openstreetmap.org/node/12316500620"}},{"type":"Feature","geometry":{"type":"Point","coordinates":[136.1495629,36.2136]},"properties":{"id":"osm-node-12416004739","name":"旧森田銀行本店","nameEn":"","source":"https://www.openstreetmap.org/node/12416004739"}},{"type":"Feature","geometry":{"type":"Point","coordinates":[136.1456903,36.2158285]},"properties":{"id":"osm-node-12416006353","name":"見返橋","nameEn":"","source":"https://www.openstreetmap.org/node/12416006353"}},{"type":"Feature","geometry":{"type":"Point","coordinates":[137.8614189,37.0431433]},"properties":{"id":"osm-node-12434991167","name":"RailroadGallery","nameEn":"","source":"https://www.openstreetmap.org/node/12434991167"}},{"type":"Feature","geometry":{"type":"Point","coordinates":[138.1322066,35.9927107]},"properties":{"id":"osm-node-12477798093","name":"Minetatae-no-inuzakuraCherryTree","nameEn":"","source":"https://www.openstreetmap.org/node/12477798093"}},{"type":"Feature","geometry":{"type":"Point","coordinates":[138.1319132,35.9925365]},"properties":{"id":"osm-node-12477809928","name":"嶺のたたえ","nameEn":"Mine-no-tatae","source":"https://www.openstreetmap.org/node/12477809928"}},{"type":"Feature","geometry":{"type":"Point","coordinates":[136.9096908,35.1708547]},"properties":{"id":"osm-node-12513635201","name":"Spaceship-AquaRooftopLookout","nameEn":"","source":"https://www.openstreetmap.org/node/12513635201"}},{"type":"Feature","geometry":{"type":"Point","coordinates":[130.3747222,32.2034778]},"properties":{"id":"osm-node-12535981636","name":"水俣市立水俣病資料館","nameEn":"","source":"https://www.openstreetmap.org/node/12535981636"}},{"type":"Feature","geometry":{"type":"Point","coordinates":[130.3742596,32.203282]},"properties":{"id":"osm-node-12535981637","name":"国立水俣病総合研究センター水俣病情報センター","nameEn":"","source":"https://www.openstreetmap.org/node/12535981637"}},{"type":"Feature","geometry":{"type":"Point","coordinates":[134.1088119,34.7286505]},"properties":{"id":"osm-node-12543218889","name":"登山口","nameEn":"","source":"https://www.openstreetmap.org/node/12543218889"}},{"type":"Feature","geometry":{"type":"Point","coordinates":[139.7953277,35.7373225]},"properties":{"id":"osm-node-12554183486","name":"荒川ふるさと文化館","nameEn":"Arakawa Hometown Culture Museum","source":"https://www.openstreetmap.org/node/12554183486"}},{"type":"Feature","geometry":{"type":"Point","coordinates":[130.0332695,32.5229259]},"properties":{"id":"osm-node-12565032690","name":"頼山陽先生宿泊之跡","nameEn":"","source":"https://www.openstreetmap.org/node/12565032690"}},{"type":"Feature","geometry":{"type":"Point","coordinates":[130.0335861,32.5250912]},"properties":{"id":"osm-node-12565046727","name":"五足の靴上陸地","nameEn":"","source":"https://www.openstreetmap.org/node/12565046727"}},{"type":"Feature","geometry":{"type":"Point","coordinates":[131.6575771,33.1533979]},"properties":{"id":"osm-node-12605652669","name":"ギャラリー富春館","nameEn":"","source":"https://www.openstreetmap.org/node/12605652669"}},{"type":"Feature","geometry":{"type":"Point","coordinates":[130.6872801,33.0112096]},"properties":{"id":"osm-node-12735204843","name":"酒蔵","nameEn":"","source":"https://www.openstreetmap.org/node/12735204843"}},{"type":"Feature","geometry":{"type":"Point","coordinates":[130.6891401,33.0143239]},"properties":{"id":"osm-node-12735690613","name":"池の間","nameEn":"","source":"https://www.openstreetmap.org/node/12735690613"}},{"type":"Feature","geometry":{"type":"Point","coordinates":[130.6890619,33.0143876]},"properties":{"id":"osm-node-12735690614","name":"龍の湯","nameEn":"","source":"https://www.openstreetmap.org/node/12735690614"}},{"type":"Feature","geometry":{"type":"Point","coordinates":[136.4249883,34.6866709]},"properties":{"id":"osm-node-12758816601","name":"おやつタウン","nameEn":"","source":"https://www.openstreetmap.org/node/12758816601"}},{"type":"Feature","geometry":{"type":"Point","coordinates":[131.505547,33.2777518]},"properties":{"id":"osm-node-12854541554","name":"平野資料館","nameEn":"Hirano Museum","source":"https://www.openstreetmap.org/node/12854541554"}},{"type":"Feature","geometry":{"type":"Point","coordinates":[131.5057961,33.2752454]},"properties":{"id":"osm-node-12879573271","name":"BEPPUSTUDIO01","nameEn":"BEPPU STUDIO 01","source":"https://www.openstreetmap.org/node/12879573271"}},{"type":"Feature","geometry":{"type":"Point","coordinates":[140.8633805,40.8883453]},"properties":{"id":"osm-node-12885528549","name":"温泉たまご場","nameEn":"Onsen Tamago Tub","source":"https://www.openstreetmap.org/node/12885528549"}},{"type":"Feature","geometry":{"type":"Point","coordinates":[131.5026979,33.2772138]},"properties":{"id":"osm-node-12888996944","name":"ラジオジャーニー『音で旅する別府』","nameEn":"","source":"https://www.openstreetmap.org/node/12888996944"}},{"type":"Feature","geometry":{"type":"Point","coordinates":[135.777951,34.6416207]},"properties":{"id":"osm-node-12958714827","name":"郡山金魚資料館","nameEn":"","source":"https://www.openstreetmap.org/node/12958714827"}},{"type":"Feature","geometry":{"type":"Point","coordinates":[131.6041772,33.2377722]},"properties":{"id":"osm-node-12966405371","name":"ギャラリーKeifu","nameEn":"","source":"https://www.openstreetmap.org/node/12966405371"}},{"type":"Feature","geometry":{"type":"Point","coordinates":[134.2369585,35.5076566]},"properties":{"id":"osm-node-12996613746","name":"鳥取城跡・仁風閣展示館","nameEn":"","source":"https://www.openstreetmap.org/node/12996613746"}},{"type":"Feature","geometry":{"type":"Point","coordinates":[134.239899,35.5071611]},"properties":{"id":"osm-node-12996642549","name":"巻石垣","nameEn":"","source":"https://www.openstreetmap.org/node/12996642549"}},{"type":"Feature","geometry":{"type":"Point","coordinates":[141.2091094,40.6136289]},"properties":{"id":"osm-node-12997690215","name":"桜並木通り","nameEn":"Cherry Tree Avenue","source":"https://www.openstreetmap.org/node/12997690215"}},{"type":"Feature","geometry":{"type":"Point","coordinates":[130.031307,32.5287487]},"properties":{"id":"osm-node-13016417467","name":"富岡の股のぞき台","nameEn":"","source":"https://www.openstreetmap.org/node/13016417467"}},{"type":"Feature","geometry":{"type":"Point","coordinates":[138.2531181,36.4058268]},"properties":{"id":"osm-node-13065174901","name":"YanagimachiStreet","nameEn":"","source":"https://www.openstreetmap.org/node/13065174901"}},{"type":"Feature","geometry":{"type":"Point","coordinates":[137.6230603,35.6693322]},"properties":{"id":"osm-node-13068410664","name":"阿寺渓谷","nameEn":"Atera Valley","source":"https://www.openstreetmap.org/node/13068410664"}},{"type":"Feature","geometry":{"type":"Point","coordinates":[138.1561232,36.3500442]},"properties":{"id":"osm-node-13104069715","name":"愛染カツラ","nameEn":"","source":"https://www.openstreetmap.org/node/13104069715"}},{"type":"Feature","geometry":{"type":"Point","coordinates":[138.1572604,36.3501209]},"properties":{"id":"osm-node-13104069716","name":"別所温泉","nameEn":"","source":"https://www.openstreetmap.org/node/13104069716"}},{"type":"Feature","geometry":{"type":"Point","coordinates":[130.4711295,32.606977]},"properties":{"id":"osm-node-13159726464","name":"海のピラミッド","nameEn":"","source":"https://www.openstreetmap.org/node/13159726464"}},{"type":"Feature","geometry":{"type":"Point","coordinates":[137.2537412,36.143311]},"properties":{"id":"osm-node-13250925901","name":"TheGreatGingkoofHidaKokubun-ji","nameEn":"","source":"https://www.openstreetmap.org/node/13250925901"}},{"type":"Feature","geometry":{"type":"Point","coordinates":[133.6668561,33.5674098]},"properties":{"id":"osm-node-13298565022","name":"マルモッタンモネの庭","nameEn":"","source":"https://www.openstreetmap.org/node/13298565022"}},{"type":"Feature","geometry":{"type":"Point","coordinates":[136.2735866,36.1522826]},"properties":{"id":"osm-node-13323644166","name":"丸岡城撮影スポット","nameEn":"","source":"https://www.openstreetmap.org/node/13323644166"}},{"type":"Feature","geometry":{"type":"Point","coordinates":[135.7654182,34.9837455]},"properties":{"id":"osm-node-13360558540","name":"teamLabBioVortex","nameEn":"","source":"https://www.openstreetmap.org/node/13360558540"}},{"type":"Feature","geometry":{"type":"Point","coordinates":[134.0195397,33.8562979]},"properties":{"id":"osm-node-13406731098","name":"かかし展示（バス停）","nameEn":"Scarecrow Exhibition (Bus Stop)","source":"https://www.openstreetmap.org/node/13406731098"}},{"type":"Feature","geometry":{"type":"Point","coordinates":[131.0521153,32.8855019]},"properties":{"id":"osm-node-13419528877","name":"阿蘇火山博物館","nameEn":"","source":"https://www.openstreetmap.org/node/13419528877"}},{"type":"Feature","geometry":{"type":"Point","coordinates":[138.1381422,36.4815412]},"properties":{"id":"osm-node-13431587101","name":"見晴台","nameEn":"","source":"https://www.openstreetmap.org/node/13431587101"}},{"type":"Feature","geometry":{"type":"Point","coordinates":[133.8226733,35.4323243]},"properties":{"id":"osm-node-13666001445","name":"夢扉","nameEn":"","source":"https://www.openstreetmap.org/node/13666001445"}},{"type":"Feature","geometry":{"type":"Point","coordinates":[133.9894345,34.4478989]},"properties":{"id":"osm-node-13694665448","name":"ValleyGallery","nameEn":"","source":"https://www.openstreetmap.org/node/13694665448"}},{"type":"Feature","geometry":{"type":"Point","coordinates":[140.8601868,40.8960265]},"properties":{"id":"osm-node-13729305801","name":"巨大な椅子","nameEn":"Huge Chair","source":"https://www.openstreetmap.org/node/13729305801"}},{"type":"Feature","geometry":{"type":"Point","coordinates":[136.2196799,36.0621409]},"properties":{"id":"osm-node-13765722351","name":"恐竜パークゲート","nameEn":"Dinosaur Park Gate","source":"https://www.openstreetmap.org/node/13765722351"}},{"type":"Feature","geometry":{"type":"Point","coordinates":[137.2574096,36.147621]},"properties":{"id":"osm-node-13833694312","name":"ToriiGateforSakurayamaHachiman-guShrine","nameEn":"","source":"https://www.openstreetmap.org/node/13833694312"}},{"type":"Feature","geometry":{"type":"Point","coordinates":[137.6201871,36.2315808]},"properties":{"id":"osm-node-13865455401","name":"MtYakeviewpoint","nameEn":"","source":"https://www.openstreetmap.org/node/13865455401"}},{"type":"Feature","geometry":{"type":"Point","coordinates":[131.1383254,33.0825541]},"properties":{"id":"osm-node-14005973429","name":"奥の院不動明王","nameEn":"Okunoin Fudo Myoo","source":"https://www.openstreetmap.org/node/14005973429"}},{"type":"Feature","geometry":{"type":"Point","coordinates":[140.7778091,40.8293715]},"properties":{"id":"osm-node-14017254487","name":"C11167","nameEn":"","source":"https://www.openstreetmap.org/node/14017254487"}},{"type":"Feature","geometry":{"type":"Point","coordinates":[137.249799,36.1435812]},"properties":{"id":"osm-node-14030051592","name":"19648","nameEn":"","source":"https://www.openstreetmap.org/node/14030051592"}},{"type":"Feature","geometry":{"type":"Point","coordinates":[136.5393984,34.8458382]},"properties":{"id":"osm-node-14107790232","name":"HondaRACINGGallery","nameEn":"","source":"https://www.openstreetmap.org/node/14107790232"}},{"type":"Feature","geometry":{"type":"Point","coordinates":[137.0878855,34.9585007]},"properties":{"id":"osm-node-14135222965","name":"DOUBLEEIGHT","nameEn":"","source":"https://www.openstreetmap.org/node/14135222965"}},{"type":"Feature","geometry":{"type":"Point","coordinates":[135.758439,34.9852308]},"properties":{"id":"osm-node-14145368553","name":"京都駅駅スタンプ","nameEn":"Kyoto Eki Stamp","source":"https://www.openstreetmap.org/node/14145368553"}},{"type":"Feature","geometry":{"type":"Point","coordinates":[130.702754,32.7979072]},"properties":{"id":"osm-node-14157719501","name":"坂口恭平美術館","nameEn":"","source":"https://www.openstreetmap.org/node/14157719501"}},{"type":"Feature","geometry":{"type":"Point","coordinates":[133.7564201,33.5284173]},"properties":{"id":"osm-way-34876468","name":"手結港可動橋","nameEn":"","source":"https://www.openstreetmap.org/way/34876468"}},{"type":"Feature","geometry":{"type":"Point","coordinates":[141.11873250000002,39.3886291]},"properties":{"id":"osm-way-51824917","name":"花巻市民体育館","nameEn":"","source":"https://www.openstreetmap.org/way/51824917"}},{"type":"Feature","geometry":{"type":"Point","coordinates":[141.1204457,39.3906081]},"properties":{"id":"osm-way-51824958","name":"武徳殿","nameEn":"","source":"https://www.openstreetmap.org/way/51824958"}},{"type":"Feature","geometry":{"type":"Point","coordinates":[137.5002269,34.900943549999994]},"properties":{"id":"osm-way-53256750","name":"新城文化会館","nameEn":"","source":"https://www.openstreetmap.org/way/53256750"}},{"type":"Feature","geometry":{"type":"Point","coordinates":[140.73717025000002,40.83047185]},"properties":{"id":"osm-way-102403837","name":"青森ラブリッジ","nameEn":"Aomori Love Bridge","source":"https://www.openstreetmap.org/way/102403837"}},{"type":"Feature","geometry":{"type":"Point","coordinates":[137.74914425,35.449123900000004]},"properties":{"id":"osm-way-112753754","name":"三州街道","nameEn":"Sanshu Kaido","source":"https://www.openstreetmap.org/way/112753754"}},{"type":"Feature","geometry":{"type":"Point","coordinates":[137.73298925,35.448935750000004]},"properties":{"id":"osm-way-112753862","name":"三州街道","nameEn":"Sanshu Kaido","source":"https://www.openstreetmap.org/way/112753862"}},{"type":"Feature","geometry":{"type":"Point","coordinates":[137.7543903,35.45306515]},"properties":{"id":"osm-way-112754036","name":"三州街道","nameEn":"Sanshu Kaido","source":"https://www.openstreetmap.org/way/112754036"}},{"type":"Feature","geometry":{"type":"Point","coordinates":[137.73537399999998,35.447862650000005]},"properties":{"id":"osm-way-112754209","name":"三州街道","nameEn":"Sanshu Kaido","source":"https://www.openstreetmap.org/way/112754209"}},{"type":"Feature","geometry":{"type":"Point","coordinates":[137.74717220000002,35.447128]},"properties":{"id":"osm-way-112754808","name":"三州街道","nameEn":"Sanshu Kaido","source":"https://www.openstreetmap.org/way/112754808"}},{"type":"Feature","geometry":{"type":"Point","coordinates":[137.7430924,35.444683]},"properties":{"id":"osm-way-112754850","name":"大品坂（三州街道）","nameEn":"Oshinazaka (Sanshu Kaido)","source":"https://www.openstreetmap.org/way/112754850"}},{"type":"Feature","geometry":{"type":"Point","coordinates":[137.7513262,35.4521928]},"properties":{"id":"osm-way-112755139","name":"三州街道","nameEn":"Sanshu Kaido","source":"https://www.openstreetmap.org/way/112755139"}},{"type":"Feature","geometry":{"type":"Point","coordinates":[137.74541485,35.445942849999994]},"properties":{"id":"osm-way-112755358","name":"三州街道","nameEn":"Sanshu Kaido","source":"https://www.openstreetmap.org/way/112755358"}},{"type":"Feature","geometry":{"type":"Point","coordinates":[136.72290585000002,34.462500750000004]},"properties":{"id":"osm-way-115254673","name":"おかげ横丁","nameEn":"Okage Yokocho Ancient Street","source":"https://www.openstreetmap.org/way/115254673"}},{"type":"Feature","geometry":{"type":"Point","coordinates":[133.5572667,33.5418909]},"properties":{"id":"osm-way-120075392","name":"わんぱーくこうちアニマルランド","nameEn":"","source":"https://www.openstreetmap.org/way/120075392"}},{"type":"Feature","geometry":{"type":"Point","coordinates":[140.7359262,40.829533999999995]},"properties":{"id":"osm-way-138098524","name":"ねぶたの家ワ・ラッセ","nameEn":"Nebuta Museum Wa Rasse","source":"https://www.openstreetmap.org/way/138098524"}},{"type":"Feature","geometry":{"type":"Point","coordinates":[140.73645069999998,40.831643549999995]},"properties":{"id":"osm-way-138098525","name":"青函連絡船メモリアルシップ八甲田丸","nameEn":"Hakkoda-maru Memorial Ship","source":"https://www.openstreetmap.org/way/138098525"}},{"type":"Feature","geometry":{"type":"Point","coordinates":[133.3563029,33.57244575]},"properties":{"id":"osm-way-139477420","name":"名越屋沈下橋","nameEn":"","source":"https://www.openstreetmap.org/way/139477420"}},{"type":"Feature","geometry":{"type":"Point","coordinates":[138.1174951,36.0522734]},"properties":{"id":"osm-way-140466046","name":"旧甲州街道","nameEn":"Historic Kōshū Kaidō","source":"https://www.openstreetmap.org/way/140466046"}},{"type":"Feature","geometry":{"type":"Point","coordinates":[138.11926175000002,36.04457555]},"properties":{"id":"osm-way-140466296","name":"旧甲州街道","nameEn":"Historic Kōshū Kaidō","source":"https://www.openstreetmap.org/way/140466296"}},{"type":"Feature","geometry":{"type":"Point","coordinates":[138.11804990000002,36.04670659999999]},"properties":{"id":"osm-way-140466697","name":"旧甲州街道","nameEn":"Historic Kōshū Kaidō","source":"https://www.openstreetmap.org/way/140466697"}},{"type":"Feature","geometry":{"type":"Point","coordinates":[138.11753275,36.04860385]},"properties":{"id":"osm-way-140467623","name":"旧甲州街道","nameEn":"Historic Kōshū Kaidō","source":"https://www.openstreetmap.org/way/140467623"}},{"type":"Feature","geometry":{"type":"Point","coordinates":[138.11682555,36.0501768]},"properties":{"id":"osm-way-140467658","name":"旧甲州街道","nameEn":"Historic Kōshū Kaidō","source":"https://www.openstreetmap.org/way/140467658"}},{"type":"Feature","geometry":{"type":"Point","coordinates":[140.52909749999998,35.88623255]},"properties":{"id":"osm-way-143939316","name":"宝物館","nameEn":"Treasure Hall","source":"https://www.openstreetmap.org/way/143939316"}},{"type":"Feature","geometry":{"type":"Point","coordinates":[137.9087777,35.57928695]},"properties":{"id":"osm-way-143943868","name":"竜西線","nameEn":"Ryūzaisen","source":"https://www.openstreetmap.org/way/143943868"}},{"type":"Feature","geometry":{"type":"Point","coordinates":[137.90913569999998,35.58120375]},"properties":{"id":"osm-way-143943971","name":"竜西線","nameEn":"Ryūzaisen","source":"https://www.openstreetmap.org/way/143943971"}},{"type":"Feature","geometry":{"type":"Point","coordinates":[137.8999302,35.57678185]},"properties":{"id":"osm-way-144657843","name":"竜西線","nameEn":"Ryūzaisen","source":"https://www.openstreetmap.org/way/144657843"}},{"type":"Feature","geometry":{"type":"Point","coordinates":[137.8850731,35.55999615]},"properties":{"id":"osm-way-144657853","name":"竜西線","nameEn":"Ryūzaisen","source":"https://www.openstreetmap.org/way/144657853"}},{"type":"Feature","geometry":{"type":"Point","coordinates":[137.9069543,35.5783222]},"properties":{"id":"osm-way-144657870","name":"竜西線","nameEn":"Ryūzaisen","source":"https://www.openstreetmap.org/way/144657870"}},{"type":"Feature","geometry":{"type":"Point","coordinates":[137.8886439,35.567266599999996]},"properties":{"id":"osm-way-144657893","name":"竜西線","nameEn":"Ryūzaisen","source":"https://www.openstreetmap.org/way/144657893"}},{"type":"Feature","geometry":{"type":"Point","coordinates":[137.88446775,35.5557296]},"properties":{"id":"osm-way-144657902","name":"竜西線","nameEn":"Ryūzaisen","source":"https://www.openstreetmap.org/way/144657902"}},{"type":"Feature","geometry":{"type":"Point","coordinates":[137.88236734999998,35.552726899999996]},"properties":{"id":"osm-way-144657989","name":"竜西線","nameEn":"Ryūzaisen","source":"https://www.openstreetmap.org/way/144657989"}},{"type":"Feature","geometry":{"type":"Point","coordinates":[137.89368625,35.5733983]},"properties":{"id":"osm-way-144658032","name":"竜西線","nameEn":"Ryūzaisen","source":"https://www.openstreetmap.org/way/144658032"}},{"type":"Feature","geometry":{"type":"Point","coordinates":[137.89171,35.5709667]},"properties":{"id":"osm-way-144658328","name":"竜西線","nameEn":"Ryūzaisen","source":"https://www.openstreetmap.org/way/144658328"}},{"type":"Feature","geometry":{"type":"Point","coordinates":[137.88567175,35.56275665]},"properties":{"id":"osm-way-144658359","name":"竜西線","nameEn":"Ryūzaisen","source":"https://www.openstreetmap.org/way/144658359"}},{"type":"Feature","geometry":{"type":"Point","coordinates":[137.89603855000001,35.57497945]},"properties":{"id":"osm-way-144668884","name":"竜西線","nameEn":"Ryūzaisen","source":"https://www.openstreetmap.org/way/144668884"}},{"type":"Feature","geometry":{"type":"Point","coordinates":[137.8896209,35.572568000000004]},"properties":{"id":"osm-way-144839319","name":"座光寺氏家中の道","nameEn":"","source":"https://www.openstreetmap.org/way/144839319"}},{"type":"Feature","geometry":{"type":"Point","coordinates":[137.88847015,35.5757281]},"properties":{"id":"osm-way-144839322","name":"大草街道","nameEn":"Ōkusa Kaidō","source":"https://www.openstreetmap.org/way/144839322"}},{"type":"Feature","geometry":{"type":"Point","coordinates":[137.8884637,35.57738995]},"properties":{"id":"osm-way-144839397","name":"大草街道","nameEn":"Ōkusa Kaidō","source":"https://www.openstreetmap.org/way/144839397"}},{"type":"Feature","geometry":{"type":"Point","coordinates":[137.8864074,35.57477925]},"properties":{"id":"osm-way-144839456","name":"大草街道","nameEn":"Ōkusa Kaidō","source":"https://www.openstreetmap.org/way/144839456"}},{"type":"Feature","geometry":{"type":"Point","coordinates":[137.88233765,35.573865850000004]},"properties":{"id":"osm-way-144839473","name":"大草街道","nameEn":"Ōkusa Kaidō","source":"https://www.openstreetmap.org/way/144839473"}},{"type":"Feature","geometry":{"type":"Point","coordinates":[137.879604,35.571682800000005]},"properties":{"id":"osm-way-144839474","name":"大草街道","nameEn":"Ōkusa Kaidō","source":"https://www.openstreetmap.org/way/144839474"}},{"type":"Feature","geometry":{"type":"Point","coordinates":[137.88484255,35.5738042]},"properties":{"id":"osm-way-144839497","name":"大草街道","nameEn":"Ōkusa Kaidō","source":"https://www.openstreetmap.org/way/144839497"}},{"type":"Feature","geometry":{"type":"Point","coordinates":[137.87534315,35.5694455]},"properties":{"id":"osm-way-144839505","name":"大草街道","nameEn":"Ōkusa Kaidō","source":"https://www.openstreetmap.org/way/144839505"}},{"type":"Feature","geometry":{"type":"Point","coordinates":[137.87991905,35.57419725]},"properties":{"id":"osm-way-144839518","name":"大草街道","nameEn":"Ōkusa Kaidō","source":"https://www.openstreetmap.org/way/144839518"}},{"type":"Feature","geometry":{"type":"Point","coordinates":[137.87768235,35.57445405]},"properties":{"id":"osm-way-144839600","name":"大草街道","nameEn":"Ōkusa Kaidō","source":"https://www.openstreetmap.org/way/144839600"}},{"type":"Feature","geometry":{"type":"Point","coordinates":[137.87686215000002,35.5703279]},"properties":{"id":"osm-way-144839692","name":"大草街道","nameEn":"Ōkusa Kaidō","source":"https://www.openstreetmap.org/way/144839692"}},{"type":"Feature","geometry":{"type":"Point","coordinates":[137.87441755,35.571386399999994]},"properties":{"id":"osm-way-144839750","name":"飯島飯田線（三州街道）","nameEn":"Sanshū Kaidō","source":"https://www.openstreetmap.org/way/144839750"}},{"type":"Feature","geometry":{"type":"Point","coordinates":[137.87637305,35.575006]},"properties":{"id":"osm-way-144839766","name":"飯島飯田線（三州街道）","nameEn":"Sanshū Kaidō","source":"https://www.openstreetmap.org/way/144839766"}},{"type":"Feature","geometry":{"type":"Point","coordinates":[137.86918125,35.5448698]},"properties":{"id":"osm-way-144841403","name":"竜西線","nameEn":"Ryūzaisen","source":"https://www.openstreetmap.org/way/144841403"}},{"type":"Feature","geometry":{"type":"Point","coordinates":[137.87702955,35.549437749999996]},"properties":{"id":"osm-way-144841407","name":"竜西線","nameEn":"Ryūzaisen","source":"https://www.openstreetmap.org/way/144841407"}},{"type":"Feature","geometry":{"type":"Point","coordinates":[137.8660423,35.5425922]},"properties":{"id":"osm-way-144841408","name":"竜西線","nameEn":"Ryūzaisen","source":"https://www.openstreetmap.org/way/144841408"}},{"type":"Feature","geometry":{"type":"Point","coordinates":[137.8646689,35.541045999999994]},"properties":{"id":"osm-way-144841417","name":"竜西線","nameEn":"Ryūzaisen","source":"https://www.openstreetmap.org/way/144841417"}},{"type":"Feature","geometry":{"type":"Point","coordinates":[137.8639088,35.539666]},"properties":{"id":"osm-way-144841463","name":"竜西線","nameEn":"Ryūzaisen","source":"https://www.openstreetmap.org/way/144841463"}},{"type":"Feature","geometry":{"type":"Point","coordinates":[137.87127470000001,35.54613455]},"properties":{"id":"osm-way-144841478","name":"竜西線","nameEn":"Ryūzaisen","source":"https://www.openstreetmap.org/way/144841478"}},{"type":"Feature","geometry":{"type":"Point","coordinates":[137.85116965,35.549890250000004]},"properties":{"id":"osm-way-145043779","name":"飯島飯田線","nameEn":"Sanshū Kaidō","source":"https://www.openstreetmap.org/way/145043779"}},{"type":"Feature","geometry":{"type":"Point","coordinates":[137.86287520000002,35.558697300000006]},"properties":{"id":"osm-way-145044828","name":"飯島飯田線（三州街道）","nameEn":"Sanshū Kaidō","source":"https://www.openstreetmap.org/way/145044828"}},{"type":"Feature","geometry":{"type":"Point","coordinates":[136.90087795,35.16387575]},"properties":{"id":"osm-way-147856307","name":"名古屋市美術館","nameEn":"Nagoya City Art Museum","source":"https://www.openstreetmap.org/way/147856307"}},{"type":"Feature","geometry":{"type":"Point","coordinates":[137.63783665,36.2488436]},"properties":{"id":"osm-way-150718102","name":"河童橋","nameEn":"Kappa Bridge","source":"https://www.openstreetmap.org/way/150718102"}},{"type":"Feature","geometry":{"type":"Point","coordinates":[137.86006079999999,35.5349036]},"properties":{"id":"osm-way-151551629","name":"竜西線","nameEn":"Ryūzaisen","source":"https://www.openstreetmap.org/way/151551629"}},{"type":"Feature","geometry":{"type":"Point","coordinates":[137.86263215,35.53728855]},"properties":{"id":"osm-way-151551705","name":"竜西線","nameEn":"Ryūzaisen","source":"https://www.openstreetmap.org/way/151551705"}},{"type":"Feature","geometry":{"type":"Point","coordinates":[137.82543644999998,35.5121634]},"properties":{"id":"osm-way-151797412","name":"遠州街道","nameEn":"Enshu Kaido","source":"https://www.openstreetmap.org/way/151797412"}},{"type":"Feature","geometry":{"type":"Point","coordinates":[137.816767,35.51257615]},"properties":{"id":"osm-way-151797491","name":"三州街道","nameEn":"Sanshu Kaido","source":"https://www.openstreetmap.org/way/151797491"}},{"type":"Feature","geometry":{"type":"Point","coordinates":[137.8199487,35.514623099999994]},"properties":{"id":"osm-way-151797504","name":"三州街道","nameEn":"Sanshu Kaido","source":"https://www.openstreetmap.org/way/151797504"}},{"type":"Feature","geometry":{"type":"Point","coordinates":[137.81873525,35.51273655]},"properties":{"id":"osm-way-151797563","name":"三州街道","nameEn":"Sanshu Kaido","source":"https://www.openstreetmap.org/way/151797563"}},{"type":"Feature","geometry":{"type":"Point","coordinates":[137.82489275,35.51330495]},"properties":{"id":"osm-way-151797570","name":"遠州街道","nameEn":"Enshu Kaido","source":"https://www.openstreetmap.org/way/151797570"}},{"type":"Feature","geometry":{"type":"Point","coordinates":[137.82589835,35.510577100000006]},"properties":{"id":"osm-way-151798987","name":"遠州街道","nameEn":"Enshu Kaido","source":"https://www.openstreetmap.org/way/151798987"}},{"type":"Feature","geometry":{"type":"Point","coordinates":[137.83177634999998,35.50836005]},"properties":{"id":"osm-way-151799508","name":"遠州街道","nameEn":"Enshu Kaido","source":"https://www.openstreetmap.org/way/151799508"}},{"type":"Feature","geometry":{"type":"Point","coordinates":[137.84781585000002,35.5478385]},"properties":{"id":"osm-way-151938242","name":"飯島飯田線","nameEn":"Sanshū Kaidō","source":"https://www.openstreetmap.org/way/151938242"}},{"type":"Feature","geometry":{"type":"Point","coordinates":[137.81450915,35.514059]},"properties":{"id":"osm-way-152754884","name":"三州街道","nameEn":"Sanshu Kaido","source":"https://www.openstreetmap.org/way/152754884"}},{"type":"Feature","geometry":{"type":"Point","coordinates":[138.3759555,36.75375345]},"properties":{"id":"osm-way-160909676","name":"一本木公園展示館","nameEn":"Ippongi Park Museum","source":"https://www.openstreetmap.org/way/160909676"}},{"type":"Feature","geometry":{"type":"Point","coordinates":[138.3727519,36.74463634999999]},"properties":{"id":"osm-way-161306394","name":"中野陣屋県庁記念館","nameEn":"","source":"https://www.openstreetmap.org/way/161306394"}},{"type":"Feature","geometry":{"type":"Point","coordinates":[136.64065025,36.4401125]},"properties":{"id":"osm-way-171351724","name":"ふれあい館","nameEn":"","source":"https://www.openstreetmap.org/way/171351724"}},{"type":"Feature","geometry":{"type":"Point","coordinates":[136.6408442,36.439326]},"properties":{"id":"osm-way-171351726","name":"獅子ワールド館","nameEn":"","source":"https://www.openstreetmap.org/way/171351726"}},{"type":"Feature","geometry":{"type":"Point","coordinates":[136.6399536,36.44033295]},"properties":{"id":"osm-way-171351727","name":"もく遊りん","nameEn":"","source":"https://www.openstreetmap.org/way/171351727"}},{"type":"Feature","geometry":{"type":"Point","coordinates":[136.8443509,34.360617950000005]},"properties":{"id":"osm-way-183170616","name":"志摩スペイン村","nameEn":"","source":"https://www.openstreetmap.org/way/183170616"}},{"type":"Feature","geometry":{"type":"Point","coordinates":[136.846901,34.4837298]},"properties":{"id":"osm-way-183562514","name":"真珠博物館","nameEn":"Pearl Museum","source":"https://www.openstreetmap.org/way/183562514"}},{"type":"Feature","geometry":{"type":"Point","coordinates":[136.84659695,34.482828999999995]},"properties":{"id":"osm-way-183562517","name":"御木本幸吉記念館","nameEn":"Kokichi Mikimoto Memorial Hall","source":"https://www.openstreetmap.org/way/183562517"}},{"type":"Feature","geometry":{"type":"Point","coordinates":[136.84770774999998,34.4835069]},"properties":{"id":"osm-way-183562518","name":"海女スタンド","nameEn":"Ama Stand","source":"https://www.openstreetmap.org/way/183562518"}},{"type":"Feature","geometry":{"type":"Point","coordinates":[136.84451205,34.48521435]},"properties":{"id":"osm-way-183569486","name":"伊良子清白の家","nameEn":"","source":"https://www.openstreetmap.org/way/183569486"}},{"type":"Feature","geometry":{"type":"Point","coordinates":[136.8454125,34.4819337]},"properties":{"id":"osm-way-183967154","name":"鳥羽水族館","nameEn":"Toba Aquarium","source":"https://www.openstreetmap.org/way/183967154"}},{"type":"Feature","geometry":{"type":"Point","coordinates":[136.53887005,34.845988250000005]},"properties":{"id":"osm-way-184107083","name":"サーキットホイール","nameEn":"","source":"https://www.openstreetmap.org/way/184107083"}},{"type":"Feature","geometry":{"type":"Point","coordinates":[136.151676,36.2201149]},"properties":{"id":"osm-way-196969602","name":"みくに龍翔館","nameEn":"","source":"https://www.openstreetmap.org/way/196969602"}},{"type":"Feature","geometry":{"type":"Point","coordinates":[137.212406,36.6954861]},"properties":{"id":"osm-way-198148142","name":"富山県民会館美術館","nameEn":"","source":"https://www.openstreetmap.org/way/198148142"}},{"type":"Feature","geometry":{"type":"Point","coordinates":[137.21149545,36.692752]},"properties":{"id":"osm-way-198247843","name":"富山市郷土博物館","nameEn":"Toyama Municipal Folk Museum","source":"https://www.openstreetmap.org/way/198247843"}},{"type":"Feature","geometry":{"type":"Point","coordinates":[137.21192424999998,36.69396005]},"properties":{"id":"osm-way-198247844","name":"富山市佐藤記念美術館","nameEn":"Sato Memorial Art Museum Toyama","source":"https://www.openstreetmap.org/way/198247844"}},{"type":"Feature","geometry":{"type":"Point","coordinates":[137.21277329999998,36.68015445]},"properties":{"id":"osm-way-199752713","name":"富山県立近代美術館","nameEn":"Toyama Museum of Modern Art","source":"https://www.openstreetmap.org/way/199752713"}},{"type":"Feature","geometry":{"type":"Point","coordinates":[137.21509675,36.6883901]},"properties":{"id":"osm-way-199752760","name":"TOYAMAキラリ","nameEn":"","source":"https://www.openstreetmap.org/way/199752760"}},{"type":"Feature","geometry":{"type":"Point","coordinates":[137.2118484,36.6808384]},"properties":{"id":"osm-way-199752772","name":"富山市科学博物館","nameEn":"Toyama Science Museum","source":"https://www.openstreetmap.org/way/199752772"}},{"type":"Feature","geometry":{"type":"Point","coordinates":[136.89916870000002,35.16777245]},"properties":{"id":"osm-way-200245418","name":"でんきの科学館","nameEn":"Electricity Museum Nagoya","source":"https://www.openstreetmap.org/way/200245418"}},{"type":"Feature","geometry":{"type":"Point","coordinates":[136.8988779,35.1703595]},"properties":{"id":"osm-way-200532757","name":"アートラボあいち","nameEn":"","source":"https://www.openstreetmap.org/way/200532757"}},{"type":"Feature","geometry":{"type":"Point","coordinates":[139.93813725,35.379411250000004]},"properties":{"id":"osm-way-207471272","name":"木更津市郷土博物館金のすず","nameEn":"Kisarazu Local Museum \"Kin-no-Suzu\"","source":"https://www.openstreetmap.org/way/207471272"}},{"type":"Feature","geometry":{"type":"Point","coordinates":[131.5044854,33.27898125]},"properties":{"id":"osm-way-216598781","name":"ソルパセオ銀座","nameEn":"Sol Paseo Ginza Shopping Street","source":"https://www.openstreetmap.org/way/216598781"}},{"type":"Feature","geometry":{"type":"Point","coordinates":[127.92960475,26.69103405]},"properties":{"id":"osm-way-218648052","name":"今帰仁城","nameEn":"Nakijin Castle","source":"https://www.openstreetmap.org/way/218648052"}},{"type":"Feature","geometry":{"type":"Point","coordinates":[134.51878365,34.01332195]},"properties":{"id":"osm-way-226023934","name":"とくしまファミリーランド","nameEn":"Tokushima Family Land","source":"https://www.openstreetmap.org/way/226023934"}},{"type":"Feature","geometry":{"type":"Point","coordinates":[134.52131500000002,34.0148305]},"properties":{"id":"osm-way-226031840","name":"とくしま動物園","nameEn":"Tokushimia Zoo","source":"https://www.openstreetmap.org/way/226031840"}},{"type":"Feature","geometry":{"type":"Point","coordinates":[136.9076278,36.25992405]},"properties":{"id":"osm-way-236248621","name":"和田家住宅","nameEn":"Wada house","source":"https://www.openstreetmap.org/way/236248621"}},{"type":"Feature","geometry":{"type":"Point","coordinates":[136.90603664999998,36.2578589]},"properties":{"id":"osm-way-236248680","name":"美然ゆめろむ館","nameEn":"Binen-yumeromu Museum","source":"https://www.openstreetmap.org/way/236248680"}},{"type":"Feature","geometry":{"type":"Point","coordinates":[136.90707965000001,36.25780295]},"properties":{"id":"osm-way-236248699","name":"神田家KandaHouse","nameEn":"Kanda house","source":"https://www.openstreetmap.org/way/236248699"}},{"type":"Feature","geometry":{"type":"Point","coordinates":[136.9076652,36.25734275]},"properties":{"id":"osm-way-236248713","name":"長瀬家","nameEn":"Nagase House","source":"https://www.openstreetmap.org/way/236248713"}},{"type":"Feature","geometry":{"type":"Point","coordinates":[139.78531744999998,35.738425250000006]},"properties":{"id":"osm-way-236559642","name":"旧三河島汚水処分場喞筒場施設","nameEn":"Former Mikawashima Sewage Treatment Plant","source":"https://www.openstreetmap.org/way/236559642"}},{"type":"Feature","geometry":{"type":"Point","coordinates":[136.9160014,35.26164965]},"properties":{"id":"osm-way-237487176","name":"航空館boon","nameEn":"","source":"https://www.openstreetmap.org/way/237487176"}},{"type":"Feature","geometry":{"type":"Point","coordinates":[137.2576391,36.13963735]},"properties":{"id":"osm-way-240742820","name":"高山陣屋","nameEn":"Takayama Jin’ya","source":"https://www.openstreetmap.org/way/240742820"}},{"type":"Feature","geometry":{"type":"Point","coordinates":[138.26978355,36.381227949999996]},"properties":{"id":"osm-way-242778097","name":"上田市立信濃国分寺資料館","nameEn":"","source":"https://www.openstreetmap.org/way/242778097"}},{"type":"Feature","geometry":{"type":"Point","coordinates":[140.61790725,38.002915349999995]},"properties":{"id":"osm-way-242787451","name":"白石城歴史探訪ミュージアム","nameEn":"","source":"https://www.openstreetmap.org/way/242787451"}},{"type":"Feature","geometry":{"type":"Point","coordinates":[136.7027145,35.299558399999995]},"properties":{"id":"osm-way-242787945","name":"羽島円空資料館","nameEn":"","source":"https://www.openstreetmap.org/way/242787945"}},{"type":"Feature","geometry":{"type":"Point","coordinates":[137.0234964,35.37395415]},"properties":{"id":"osm-way-243023740","name":"野外民族博物館リトルワールド","nameEn":"","source":"https://www.openstreetmap.org/way/243023740"}},{"type":"Feature","geometry":{"type":"Point","coordinates":[141.16850455,39.399437199999994]},"properties":{"id":"osm-way-245393263","name":"花巻市博物館","nameEn":"","source":"https://www.openstreetmap.org/way/245393263"}},{"type":"Feature","geometry":{"type":"Point","coordinates":[140.33347705,38.25511535]},"properties":{"id":"osm-way-245403676","name":"最上義光歴史館","nameEn":"Mogami Yoshiaki historical museum","source":"https://www.openstreetmap.org/way/245403676"}},{"type":"Feature","geometry":{"type":"Point","coordinates":[140.32963675000002,38.254381699999996]},"properties":{"id":"osm-way-245403850","name":"山形県立博物館","nameEn":"Yamagata Prefectural Museum","source":"https://www.openstreetmap.org/way/245403850"}},{"type":"Feature","geometry":{"type":"Point","coordinates":[138.12133705,36.000288049999995]},"properties":{"id":"osm-way-246449709","name":"諏訪市博物館","nameEn":"Suwa City Museum","source":"https://www.openstreetmap.org/way/246449709"}},{"type":"Feature","geometry":{"type":"Point","coordinates":[137.87328665,35.5515743]},"properties":{"id":"osm-way-246453681","name":"高森町歴史民俗資料館「時の駅」","nameEn":"Takamori History and Folklore Museum \"Tokinoeki\"","source":"https://www.openstreetmap.org/way/246453681"}},{"type":"Feature","geometry":{"type":"Point","coordinates":[137.83059905,35.5120225]},"properties":{"id":"osm-way-246455301","name":"飯田市美術博物館","nameEn":"Iida City Museum","source":"https://www.openstreetmap.org/way/246455301"}},{"type":"Feature","geometry":{"type":"Point","coordinates":[137.09715455,34.945407900000006]},"properties":{"id":"osm-way-247982772","name":"安城市埋蔵文化財センター","nameEn":"","source":"https://www.openstreetmap.org/way/247982772"}},{"type":"Feature","geometry":{"type":"Point","coordinates":[135.37283365,33.6658999]},"properties":{"id":"osm-way-248451390","name":"アドベンチャーワールド","nameEn":"Adventure World","source":"https://www.openstreetmap.org/way/248451390"}},{"type":"Feature","geometry":{"type":"Point","coordinates":[133.5719179,33.496371100000005]},"properties":{"id":"osm-way-250513019","name":"高知県立坂本龍馬記念館","nameEn":"Sakamoto Ryoma Memorial museum","source":"https://www.openstreetmap.org/way/250513019"}},{"type":"Feature","geometry":{"type":"Point","coordinates":[140.56556245000002,39.59287745]},"properties":{"id":"osm-way-253970106","name":"新潮社記念文学館","nameEn":"","source":"https://www.openstreetmap.org/way/253970106"}},{"type":"Feature","geometry":{"type":"Point","coordinates":[140.563019,39.599204]},"properties":{"id":"osm-way-253970115","name":"大村美術館","nameEn":"","source":"https://www.openstreetmap.org/way/253970115"}},{"type":"Feature","geometry":{"type":"Point","coordinates":[140.33239974999998,38.2558875]},"properties":{"id":"osm-way-262671458","name":"山形美術館","nameEn":"Yamagata Museum of Art","source":"https://www.openstreetmap.org/way/262671458"}},{"type":"Feature","geometry":{"type":"Point","coordinates":[136.70437875,35.0801352]},"properties":{"id":"osm-way-262794946","name":"なばなの里","nameEn":"","source":"https://www.openstreetmap.org/way/262794946"}},{"type":"Feature","geometry":{"type":"Point","coordinates":[138.3113934,36.655111649999995]},"properties":{"id":"osm-way-265007928","name":"笠鉾会館ドリームホール","nameEn":"","source":"https://www.openstreetmap.org/way/265007928"}},{"type":"Feature","geometry":{"type":"Point","coordinates":[138.30843965000003,36.6544682]},"properties":{"id":"osm-way-265143545","name":"須坂クラッシック美術館美術館","nameEn":"","source":"https://www.openstreetmap.org/way/265143545"}},{"type":"Feature","geometry":{"type":"Point","coordinates":[138.30969670000002,36.65466395]},"properties":{"id":"osm-way-265892116","name":"ふれあい館まゆぐら","nameEn":"","source":"https://www.openstreetmap.org/way/265892116"}},{"type":"Feature","geometry":{"type":"Point","coordinates":[135.77562555,33.8386049]},"properties":{"id":"osm-way-266995214","name":"世界遺産熊野本宮館","nameEn":"Kumano Hongu Heritage Center","source":"https://www.openstreetmap.org/way/266995214"}},{"type":"Feature","geometry":{"type":"Point","coordinates":[130.6996423,32.80944155]},"properties":{"id":"osm-way-277264845","name":"旧細川刑部邸","nameEn":"Hosokawa Gyōbutei","source":"https://www.openstreetmap.org/way/277264845"}},{"type":"Feature","geometry":{"type":"Point","coordinates":[140.50124325000002,35.889705250000006]},"properties":{"id":"osm-way-284934090","name":"水郷佐原山車会館","nameEn":"Suigo Sawara Float Hall","source":"https://www.openstreetmap.org/way/284934090"}},{"type":"Feature","geometry":{"type":"Point","coordinates":[139.8294453,38.91454845]},"properties":{"id":"osm-way-293812438","name":"海洋センター","nameEn":"","source":"https://www.openstreetmap.org/way/293812438"}},{"type":"Feature","geometry":{"type":"Point","coordinates":[139.9646238,38.70431895]},"properties":{"id":"osm-way-297007477","name":"いでは文化記念館","nameEn":"Ideha Cultural Museum","source":"https://www.openstreetmap.org/way/297007477"}},{"type":"Feature","geometry":{"type":"Point","coordinates":[137.9689341,36.23865875]},"properties":{"id":"osm-way-300077872","name":"松本城","nameEn":"Matsumoto Castle","source":"https://www.openstreetmap.org/way/300077872"}},{"type":"Feature","geometry":{"type":"Point","coordinates":[136.56323859999998,36.52438175]},"properties":{"id":"osm-way-306638439","name":"白山市立博物館","nameEn":"","source":"https://www.openstreetmap.org/way/306638439"}},{"type":"Feature","geometry":{"type":"Point","coordinates":[138.09848570000003,36.0389441]},"properties":{"id":"osm-way-310458399","name":"原田泰治美術館","nameEn":"","source":"https://www.openstreetmap.org/way/310458399"}},{"type":"Feature","geometry":{"type":"Point","coordinates":[134.5539865,34.080100599999994]},"properties":{"id":"osm-way-311853815","name":"言の葉ミュージアム","nameEn":"Tokushima Prefectural Museum of Literature and Calligraphy","source":"https://www.openstreetmap.org/way/311853815"}},{"type":"Feature","geometry":{"type":"Point","coordinates":[134.45085484999998,34.14556505]},"properties":{"id":"osm-way-314669451","name":"彩りの館","nameEn":"","source":"https://www.openstreetmap.org/way/314669451"}},{"type":"Feature","geometry":{"type":"Point","coordinates":[134.49907845,34.16469425]},"properties":{"id":"osm-way-320024675","name":"鳴門市ドイツ館","nameEn":"The Naruto German House","source":"https://www.openstreetmap.org/way/320024675"}},{"type":"Feature","geometry":{"type":"Point","coordinates":[134.49879099999998,34.16327305]},"properties":{"id":"osm-way-320024677","name":"賀川豊彦記念館","nameEn":"","source":"https://www.openstreetmap.org/way/320024677"}},{"type":"Feature","geometry":{"type":"Point","coordinates":[134.35756185,33.61333695]},"properties":{"id":"osm-way-326189722","name":"海陽町立博物館","nameEn":"","source":"https://www.openstreetmap.org/way/326189722"}},{"type":"Feature","geometry":{"type":"Point","coordinates":[134.35234635,33.5948588]},"properties":{"id":"osm-way-329249267","name":"阿佐海岸鉄道阿佐東線","nameEn":"Asato Line","source":"https://www.openstreetmap.org/way/329249267"}},{"type":"Feature","geometry":{"type":"Point","coordinates":[139.82497435,38.72752105]},"properties":{"id":"osm-way-338760293","name":"大宝館","nameEn":"","source":"https://www.openstreetmap.org/way/338760293"}},{"type":"Feature","geometry":{"type":"Point","coordinates":[139.8250755,38.7278109]},"properties":{"id":"osm-way-338760294","name":"鶴岡市立藤沢周平記念館","nameEn":"","source":"https://www.openstreetmap.org/way/338760294"}},{"type":"Feature","geometry":{"type":"Point","coordinates":[139.82449935,38.72845805]},"properties":{"id":"osm-way-338760297","name":"寶物殿","nameEn":"","source":"https://www.openstreetmap.org/way/338760297"}},{"type":"Feature","geometry":{"type":"Point","coordinates":[136.22288924999998,36.06836025]},"properties":{"id":"osm-way-344633922","name":"福井市立郷土歴史博物館","nameEn":"Fukui City History Museum","source":"https://www.openstreetmap.org/way/344633922"}},{"type":"Feature","geometry":{"type":"Point","coordinates":[139.80950665,36.45939535]},"properties":{"id":"osm-way-355292044","name":"ふしぎの船","nameEn":"","source":"https://www.openstreetmap.org/way/355292044"}},{"type":"Feature","geometry":{"type":"Point","coordinates":[141.5628132,40.53965475]},"properties":{"id":"osm-way-361739159","name":"八戸市水産科学館マリエント","nameEn":"","source":"https://www.openstreetmap.org/way/361739159"}},{"type":"Feature","geometry":{"type":"Point","coordinates":[139.4811742,38.22563215]},"properties":{"id":"osm-way-363059710","name":"おしゃぎり会館","nameEn":"","source":"https://www.openstreetmap.org/way/363059710"}},{"type":"Feature","geometry":{"type":"Point","coordinates":[139.48112355,38.226485600000004]},"properties":{"id":"osm-way-363059715","name":"村上歴史文化館","nameEn":"","source":"https://www.openstreetmap.org/way/363059715"}},{"type":"Feature","geometry":{"type":"Point","coordinates":[139.48106280000002,38.22611605]},"properties":{"id":"osm-way-363059716","name":"若林家住宅","nameEn":"","source":"https://www.openstreetmap.org/way/363059716"}},{"type":"Feature","geometry":{"type":"Point","coordinates":[134.03443865,33.4407052]},"properties":{"id":"osm-way-373027286","name":"モネの庭","nameEn":"","source":"https://www.openstreetmap.org/way/373027286"}},{"type":"Feature","geometry":{"type":"Point","coordinates":[136.5669792,36.5258131]},"properties":{"id":"osm-way-374678545","name":"千代女の里俳句館","nameEn":"","source":"https://www.openstreetmap.org/way/374678545"}},{"type":"Feature","geometry":{"type":"Point","coordinates":[136.56731775,36.526232300000004]},"properties":{"id":"osm-way-374678736","name":"白山市立松任ふるさと館","nameEn":"","source":"https://www.openstreetmap.org/way/374678736"}},{"type":"Feature","geometry":{"type":"Point","coordinates":[136.56789495,36.52676995]},"properties":{"id":"osm-way-374678902","name":"白山市立松任中川一政記念美術館","nameEn":"","source":"https://www.openstreetmap.org/way/374678902"}},{"type":"Feature","geometry":{"type":"Point","coordinates":[136.56754865,36.52632105]},"properties":{"id":"osm-way-374678953","name":"白山市立松任中川一政記念美術館別館","nameEn":"","source":"https://www.openstreetmap.org/way/374678953"}},{"type":"Feature","geometry":{"type":"Point","coordinates":[130.70347585000002,32.8065984]},"properties":{"id":"osm-way-375875151","name":"長塀","nameEn":"","source":"https://www.openstreetmap.org/way/375875151"}},{"type":"Feature","geometry":{"type":"Point","coordinates":[139.9690089,36.899712949999994]},"properties":{"id":"osm-way-379038541","name":"那須野が原博物館","nameEn":"","source":"https://www.openstreetmap.org/way/379038541"}},{"type":"Feature","geometry":{"type":"Point","coordinates":[140.34871275,41.2579632]},"properties":{"id":"osm-way-387385152","name":"奥谷旅館龍飛岬観光案内所","nameEn":"Okuya Ryokan / Cape Tappi Tourist Information","source":"https://www.openstreetmap.org/way/387385152"}},{"type":"Feature","geometry":{"type":"Point","coordinates":[138.25367175,36.4031234]},"properties":{"id":"osm-way-387787207","name":"池波正太郎真田太平記館","nameEn":"","source":"https://www.openstreetmap.org/way/387787207"}},{"type":"Feature","geometry":{"type":"Point","coordinates":[133.42327675,33.547840449999995]},"properties":{"id":"osm-way-394661396","name":"いの町紙の博物館","nameEn":"","source":"https://www.openstreetmap.org/way/394661396"}},{"type":"Feature","geometry":{"type":"Point","coordinates":[133.4210602,33.5501306]},"properties":{"id":"osm-way-394661399","name":"ギャラリー・コパ","nameEn":"","source":"https://www.openstreetmap.org/way/394661399"}},{"type":"Feature","geometry":{"type":"Point","coordinates":[133.5776592,33.546421300000006]},"properties":{"id":"osm-way-397666685","name":"宝物殿","nameEn":"Treasure Hall","source":"https://www.openstreetmap.org/way/397666685"}},{"type":"Feature","geometry":{"type":"Point","coordinates":[133.58123095,33.54914225]},"properties":{"id":"osm-way-397666708","name":"牧野富太郎記念館展示館","nameEn":"Makino Tomitaro Memorial Museum Exhibition Hall","source":"https://www.openstreetmap.org/way/397666708"}},{"type":"Feature","geometry":{"type":"Point","coordinates":[133.57882575,33.549084199999996]},"properties":{"id":"osm-way-397666709","name":"牧野富太郎記念館本館","nameEn":"Makino Tomitaro Memorial Museum Main Building","source":"https://www.openstreetmap.org/way/397666709"}},{"type":"Feature","geometry":{"type":"Point","coordinates":[134.23763725,35.513156699999996]},"properties":{"id":"osm-way-398324350","name":"鳥取市埋蔵文化財センター","nameEn":"","source":"https://www.openstreetmap.org/way/398324350"}},{"type":"Feature","geometry":{"type":"Point","coordinates":[134.25953650000002,35.479914750000006]},"properties":{"id":"osm-way-398331232","name":"鳥取県埋蔵文化財センター","nameEn":"","source":"https://www.openstreetmap.org/way/398331232"}},{"type":"Feature","geometry":{"type":"Point","coordinates":[134.27491049999998,35.47259925]},"properties":{"id":"osm-way-398810885","name":"因幡万葉歴史館","nameEn":"","source":"https://www.openstreetmap.org/way/398810885"}},{"type":"Feature","geometry":{"type":"Point","coordinates":[134.44594365,35.62855155]},"properties":{"id":"osm-way-399746231","name":"新温泉町山陰海岸ジオパーク館","nameEn":"San’in Kaigan Geopark Center","source":"https://www.openstreetmap.org/way/399746231"}},{"type":"Feature","geometry":{"type":"Point","coordinates":[133.9848804,34.447783799999996]},"properties":{"id":"osm-way-401738807","name":"地中美術館","nameEn":"Chichu Art Museum","source":"https://www.openstreetmap.org/way/401738807"}},{"type":"Feature","geometry":{"type":"Point","coordinates":[133.9886985,34.4490894]},"properties":{"id":"osm-way-401738808","name":"李禹煥美術館","nameEn":"Lee Ufan Museum","source":"https://www.openstreetmap.org/way/401738808"}},{"type":"Feature","geometry":{"type":"Point","coordinates":[130.7115323,32.806123]},"properties":{"id":"osm-way-405408517","name":"上通","nameEn":"Kamitori","source":"https://www.openstreetmap.org/way/405408517"}},{"type":"Feature","geometry":{"type":"Point","coordinates":[139.79806,36.428382549999995]},"properties":{"id":"osm-way-407709519","name":"壬生町立歴史民俗資料館","nameEn":"","source":"https://www.openstreetmap.org/way/407709519"}},{"type":"Feature","geometry":{"type":"Point","coordinates":[137.01731,34.971608849999996]},"properties":{"id":"osm-way-408979737","name":"依佐美送信所記念館","nameEn":"Yosami Radio Transmitting Station Memorial Museum","source":"https://www.openstreetmap.org/way/408979737"}},{"type":"Feature","geometry":{"type":"Point","coordinates":[134.22424560000002,35.5324127]},"properties":{"id":"osm-way-409569212","name":"鳥取砂丘こどもの国","nameEn":"","source":"https://www.openstreetmap.org/way/409569212"}},{"type":"Feature","geometry":{"type":"Point","coordinates":[135.5013237,34.6679999]},"properties":{"id":"osm-way-410957182","name":"戎橋筋商店街","nameEn":"Ebisubashi-suji Shopping Street","source":"https://www.openstreetmap.org/way/410957182"}},{"type":"Feature","geometry":{"type":"Point","coordinates":[130.71085425,32.8018165]},"properties":{"id":"osm-way-411420057","name":"小泉八雲旧居","nameEn":"","source":"https://www.openstreetmap.org/way/411420057"}},{"type":"Feature","geometry":{"type":"Point","coordinates":[131.35860395,33.262388650000005]},"properties":{"id":"osm-way-412337686","name":"由布院美術館","nameEn":"","source":"https://www.openstreetmap.org/way/412337686"}},{"type":"Feature","geometry":{"type":"Point","coordinates":[131.47414435000002,33.315329649999995]},"properties":{"id":"osm-way-412898359","name":"白池地獄","nameEn":"White Pond Hell","source":"https://www.openstreetmap.org/way/412898359"}},{"type":"Feature","geometry":{"type":"Point","coordinates":[131.06470025,32.93155825]},"properties":{"id":"osm-way-415207311","name":"阿蘇カドリー・ドミニオン","nameEn":"","source":"https://www.openstreetmap.org/way/415207311"}},{"type":"Feature","geometry":{"type":"Point","coordinates":[131.47336230000002,33.31614015]},"properties":{"id":"osm-way-417446106","name":"鬼山地獄","nameEn":"Oniyama Jigoku","source":"https://www.openstreetmap.org/way/417446106"}},{"type":"Feature","geometry":{"type":"Point","coordinates":[131.47244715,33.31644705]},"properties":{"id":"osm-way-417446108","name":"かまど地獄","nameEn":"Kamado Jigoku","source":"https://www.openstreetmap.org/way/417446108"}},{"type":"Feature","geometry":{"type":"Point","coordinates":[131.4692258,33.315108699999996]},"properties":{"id":"osm-way-417893186","name":"鬼石坊主地獄","nameEn":"Onishibōzu Jigoku","source":"https://www.openstreetmap.org/way/417893186"}},{"type":"Feature","geometry":{"type":"Point","coordinates":[131.47064515,33.315715850000004]},"properties":{"id":"osm-way-417968639","name":"山地獄","nameEn":"Yama Hell","source":"https://www.openstreetmap.org/way/417968639"}},{"type":"Feature","geometry":{"type":"Point","coordinates":[136.23328924999998,36.2148258]},"properties":{"id":"osm-way-421215978","name":"新富区本陣会館","nameEn":"","source":"https://www.openstreetmap.org/way/421215978"}},{"type":"Feature","geometry":{"type":"Point","coordinates":[136.23938635,36.2167728]},"properties":{"id":"osm-way-421215988","name":"桜並木","nameEn":"","source":"https://www.openstreetmap.org/way/421215988"}},{"type":"Feature","geometry":{"type":"Point","coordinates":[136.05090145000003,34.880976399999994]},"properties":{"id":"osm-way-422821804","name":"ogama","nameEn":"","source":"https://www.openstreetmap.org/way/422821804"}},{"type":"Feature","geometry":{"type":"Point","coordinates":[136.05109225,34.8807555]},"properties":{"id":"osm-way-422821808","name":"Ogama","nameEn":"","source":"https://www.openstreetmap.org/way/422821808"}},{"type":"Feature","geometry":{"type":"Point","coordinates":[136.2297665,36.211270299999995]},"properties":{"id":"osm-way-423334440","name":"新区本陣","nameEn":"","source":"https://www.openstreetmap.org/way/423334440"}},{"type":"Feature","geometry":{"type":"Point","coordinates":[133.76138235000002,35.49816775]},"properties":{"id":"osm-way-428283830","name":"青山剛昌ふるさと館","nameEn":"Gosho-Aoyama Manga Factory","source":"https://www.openstreetmap.org/way/428283830"}},{"type":"Feature","geometry":{"type":"Point","coordinates":[134.22731149999998,35.52096505]},"properties":{"id":"osm-way-428924769","name":"渡辺美術館","nameEn":"Watanabe Museum of Art","source":"https://www.openstreetmap.org/way/428924769"}},{"type":"Feature","geometry":{"type":"Point","coordinates":[134.84009465,34.75526235]},"properties":{"id":"osm-way-437741953","name":"松風ギャラリー","nameEn":"","source":"https://www.openstreetmap.org/way/437741953"}},{"type":"Feature","geometry":{"type":"Point","coordinates":[135.50033215000002,34.6690406]},"properties":{"id":"osm-way-438189049","name":"道頓堀橋","nameEn":"Dotonbori Bridge","source":"https://www.openstreetmap.org/way/438189049"}},{"type":"Feature","geometry":{"type":"Point","coordinates":[127.92731029999999,26.69177525]},"properties":{"id":"osm-way-439267530","name":"今帰仁村歴史文化センター","nameEn":"Nakijin Village History and Culture Center","source":"https://www.openstreetmap.org/way/439267530"}},{"type":"Feature","geometry":{"type":"Point","coordinates":[139.72463375,38.76167275]},"properties":{"id":"osm-way-441363881","name":"鶴岡市立加茂水族館","nameEn":"Kamo Aquarium","source":"https://www.openstreetmap.org/way/441363881"}},{"type":"Feature","geometry":{"type":"Point","coordinates":[133.82512789999998,35.431927599999995]},"properties":{"id":"osm-way-449016577","name":"琴櫻記念館","nameEn":"","source":"https://www.openstreetmap.org/way/449016577"}},{"type":"Feature","geometry":{"type":"Point","coordinates":[134.17886345,35.53458565]},"properties":{"id":"osm-way-452119189","name":"とっとり賀露かにっこ館","nameEn":"","source":"https://www.openstreetmap.org/way/452119189"}},{"type":"Feature","geometry":{"type":"Point","coordinates":[137.8630073,37.0397994]},"properties":{"id":"osm-way-464097185","name":"相馬御風記念館","nameEn":"","source":"https://www.openstreetmap.org/way/464097185"}},{"type":"Feature","geometry":{"type":"Point","coordinates":[136.7225084,34.46277845]},"properties":{"id":"osm-way-464863025","name":"おかげ座神話の館","nameEn":"","source":"https://www.openstreetmap.org/way/464863025"}},{"type":"Feature","geometry":{"type":"Point","coordinates":[136.72298195,34.46223235]},"properties":{"id":"osm-way-464863067","name":"山口誓子俳句館","nameEn":"","source":"https://www.openstreetmap.org/way/464863067"}},{"type":"Feature","geometry":{"type":"Point","coordinates":[136.54109675,34.8469872]},"properties":{"id":"osm-way-465643272","name":"鈴鹿サーキット遊園地モートピア","nameEn":"Suzuka Circuit Motopia Amusement Park","source":"https://www.openstreetmap.org/way/465643272"}},{"type":"Feature","geometry":{"type":"Point","coordinates":[131.06709455,32.99567265]},"properties":{"id":"osm-way-477419441","name":"大観峰展望所","nameEn":"","source":"https://www.openstreetmap.org/way/477419441"}},{"type":"Feature","geometry":{"type":"Point","coordinates":[138.3142659,36.65374105]},"properties":{"id":"osm-way-477518036","name":"ふれあい館しらふじ","nameEn":"","source":"https://www.openstreetmap.org/way/477518036"}},{"type":"Feature","geometry":{"type":"Point","coordinates":[131.6041029,33.23760975]},"properties":{"id":"osm-way-478384408","name":"8gallery","nameEn":"","source":"https://www.openstreetmap.org/way/478384408"}},{"type":"Feature","geometry":{"type":"Point","coordinates":[138.1933167,36.62811945]},"properties":{"id":"osm-way-482457022","name":"水野美術館","nameEn":"","source":"https://www.openstreetmap.org/way/482457022"}},{"type":"Feature","geometry":{"type":"Point","coordinates":[141.09377890000002,39.141420350000004]},"properties":{"id":"osm-way-483362866","name":"角塚古墳","nameEn":"","source":"https://www.openstreetmap.org/way/483362866"}},{"type":"Feature","geometry":{"type":"Point","coordinates":[139.7112733,35.9532277]},"properties":{"id":"osm-way-489026468","name":"ロマンスカー「きぬ」展示場","nameEn":"","source":"https://www.openstreetmap.org/way/489026468"}},{"type":"Feature","geometry":{"type":"Point","coordinates":[137.260166,36.1474549]},"properties":{"id":"osm-way-490918177","name":"獅子会館","nameEn":"","source":"https://www.openstreetmap.org/way/490918177"}},{"type":"Feature","geometry":{"type":"Point","coordinates":[137.26014980000002,36.1478365]},"properties":{"id":"osm-way-490918178","name":"桜山日光館","nameEn":"","source":"https://www.openstreetmap.org/way/490918178"}},{"type":"Feature","geometry":{"type":"Point","coordinates":[137.2601627,36.1484156]},"properties":{"id":"osm-way-490918179","name":"高山屋台会館","nameEn":"Takayama Festival Floats Exhibition Hall","source":"https://www.openstreetmap.org/way/490918179"}},{"type":"Feature","geometry":{"type":"Point","coordinates":[135.9846505,33.7318841]},"properties":{"id":"osm-way-494788830","name":"佐藤春夫記念館","nameEn":"","source":"https://www.openstreetmap.org/way/494788830"}},{"type":"Feature","geometry":{"type":"Point","coordinates":[135.98426940000002,33.73183845]},"properties":{"id":"osm-way-494788842","name":"熊野神宝館","nameEn":"","source":"https://www.openstreetmap.org/way/494788842"}},{"type":"Feature","geometry":{"type":"Point","coordinates":[136.7306682,35.03086089999999]},"properties":{"id":"osm-way-494912192","name":"アンパンマンこどもミュージアム","nameEn":"","source":"https://www.openstreetmap.org/way/494912192"}},{"type":"Feature","geometry":{"type":"Point","coordinates":[136.72831860000002,35.02905085]},"properties":{"id":"osm-way-495128572","name":"ジャンボ海水プール","nameEn":"","source":"https://www.openstreetmap.org/way/495128572"}},{"type":"Feature","geometry":{"type":"Point","coordinates":[137.1594939,35.2990703]},"properties":{"id":"osm-way-495904855","name":"モザイクタイルミュージアム","nameEn":"","source":"https://www.openstreetmap.org/way/495904855"}},{"type":"Feature","geometry":{"type":"Point","coordinates":[137.09804735,34.945844050000005]},"properties":{"id":"osm-way-496681934","name":"安城市歴史博物館","nameEn":"","source":"https://www.openstreetmap.org/way/496681934"}},{"type":"Feature","geometry":{"type":"Point","coordinates":[136.91973339999998,35.28874495]},"properties":{"id":"osm-way-498985945","name":"メナード美術館","nameEn":"","source":"https://www.openstreetmap.org/way/498985945"}},{"type":"Feature","geometry":{"type":"Point","coordinates":[137.0129469,34.9881197]},"properties":{"id":"osm-way-500212839","name":"夢と学びの科学体験館","nameEn":"","source":"https://www.openstreetmap.org/way/500212839"}},{"type":"Feature","geometry":{"type":"Point","coordinates":[133.5341119,33.56011315]},"properties":{"id":"osm-way-500621920","name":"高知城歴史博物館","nameEn":"Kōchi Castle Museum of History","source":"https://www.openstreetmap.org/way/500621920"}},{"type":"Feature","geometry":{"type":"Point","coordinates":[136.1683175,35.90173255]},"properties":{"id":"osm-way-501449507","name":"越前市武生公会堂記念館","nameEn":"","source":"https://www.openstreetmap.org/way/501449507"}},{"type":"Feature","geometry":{"type":"Point","coordinates":[137.82567745,35.5149475]},"properties":{"id":"osm-way-506335372","name":"飯田市川本喜八郎人形美術館","nameEn":"","source":"https://www.openstreetmap.org/way/506335372"}},{"type":"Feature","geometry":{"type":"Point","coordinates":[137.82400305,35.5139528]},"properties":{"id":"osm-way-506335385","name":"飯田市立動物園","nameEn":"","source":"https://www.openstreetmap.org/way/506335385"}},{"type":"Feature","geometry":{"type":"Point","coordinates":[137.82949585,35.51346675]},"properties":{"id":"osm-way-506718912","name":"飯田城桜丸御門（赤門）","nameEn":"Iida Castle Sakuramaru Gomon (Akamon)","source":"https://www.openstreetmap.org/way/506718912"}},{"type":"Feature","geometry":{"type":"Point","coordinates":[137.83202585,35.51168319999999]},"properties":{"id":"osm-way-506718916","name":"柳田國男館（旧喜談書屋）","nameEn":"Kunio Yanagita House","source":"https://www.openstreetmap.org/way/506718916"}},{"type":"Feature","geometry":{"type":"Point","coordinates":[137.83199675,35.51187875]},"properties":{"id":"osm-way-506718917","name":"日夏耿之介記念館","nameEn":"Konosuke Hinatsu House","source":"https://www.openstreetmap.org/way/506718917"}},{"type":"Feature","geometry":{"type":"Point","coordinates":[137.82081870000002,35.5167638]},"properties":{"id":"osm-way-507348901","name":"大平街道","nameEn":"Odaira Kaido","source":"https://www.openstreetmap.org/way/507348901"}},{"type":"Feature","geometry":{"type":"Point","coordinates":[139.821352,38.72819495]},"properties":{"id":"osm-way-516619820","name":"致道博物館","nameEn":"Chido Museum","source":"https://www.openstreetmap.org/way/516619820"}},{"type":"Feature","geometry":{"type":"Point","coordinates":[137.8596253,37.04685285]},"properties":{"id":"osm-way-520780137","name":"日本海展望台","nameEn":"Japan Sea Observation Deck","source":"https://www.openstreetmap.org/way/520780137"}},{"type":"Feature","geometry":{"type":"Point","coordinates":[138.13792475,36.4780602]},"properties":{"id":"osm-way-520798432","name":"日本歴史館","nameEn":"Japan History Museum","source":"https://www.openstreetmap.org/way/520798432"}},{"type":"Feature","geometry":{"type":"Point","coordinates":[137.01684075,34.999318349999996]},"properties":{"id":"osm-way-521638240","name":"アイシンコムセンター","nameEn":"","source":"https://www.openstreetmap.org/way/521638240"}},{"type":"Feature","geometry":{"type":"Point","coordinates":[136.53572995000002,36.50760355]},"properties":{"id":"osm-way-521825126","name":"トレインパーク白山","nameEn":"Train Park Hakusan","source":"https://www.openstreetmap.org/way/521825126"}},{"type":"Feature","geometry":{"type":"Point","coordinates":[137.2101728,36.71084955]},"properties":{"id":"osm-way-522869869","name":"富山県美術館","nameEn":"","source":"https://www.openstreetmap.org/way/522869869"}},{"type":"Feature","geometry":{"type":"Point","coordinates":[136.9603825,35.749945600000004]},"properties":{"id":"osm-way-531584078","name":"いがわ小道の小川","nameEn":"Igawa Komichi Lane Stream","source":"https://www.openstreetmap.org/way/531584078"}},{"type":"Feature","geometry":{"type":"Point","coordinates":[131.42677989999999,33.264502300000004]},"properties":{"id":"osm-way-539542304","name":"城島高原パーク","nameEn":"","source":"https://www.openstreetmap.org/way/539542304"}},{"type":"Feature","geometry":{"type":"Point","coordinates":[140.30808715,38.17686395]},"properties":{"id":"osm-way-539542792","name":"リナワールド","nameEn":"","source":"https://www.openstreetmap.org/way/539542792"}},{"type":"Feature","geometry":{"type":"Point","coordinates":[137.5544558,36.95835435]},"properties":{"id":"osm-way-542816266","name":"AsahiChoritsuFurusatoMuseum朝日町立ふるさと美術館","nameEn":"","source":"https://www.openstreetmap.org/way/542816266"}},{"type":"Feature","geometry":{"type":"Point","coordinates":[131.15676435,33.281798050000006]},"properties":{"id":"osm-way-543210727","name":"豊後森機関庫公園（機関庫ミュージアム）","nameEn":"Bungomori Locomotive Museum","source":"https://www.openstreetmap.org/way/543210727"}},{"type":"Feature","geometry":{"type":"Point","coordinates":[135.34368345000001,33.6816596]},"properties":{"id":"osm-way-549006647","name":"白良浜","nameEn":"Shirarahama beach","source":"https://www.openstreetmap.org/way/549006647"}},{"type":"Feature","geometry":{"type":"Point","coordinates":[132.9152513,32.98948185]},"properties":{"id":"osm-way-549286487","name":"四万十川学遊館","nameEn":"Shimanto River Gakuyuu Hall","source":"https://www.openstreetmap.org/way/549286487"}},{"type":"Feature","geometry":{"type":"Point","coordinates":[140.27625285,38.1575004]},"properties":{"id":"osm-way-553585206","name":"上山城","nameEn":"","source":"https://www.openstreetmap.org/way/553585206"}},{"type":"Feature","geometry":{"type":"Point","coordinates":[141.20917444999998,40.6140057]},"properties":{"id":"osm-way-556758191","name":"十和田市現代美術館","nameEn":"Towada Art Center","source":"https://www.openstreetmap.org/way/556758191"}},{"type":"Feature","geometry":{"type":"Point","coordinates":[138.1344201,34.8144016]},"properties":{"id":"osm-way-558385334","name":"ふじのくに茶の都ミュージアム","nameEn":"Tea City Museum","source":"https://www.openstreetmap.org/way/558385334"}},{"type":"Feature","geometry":{"type":"Point","coordinates":[138.1246124,36.5383396]},"properties":{"id":"osm-way-560090074","name":"千曲市アートまちかど","nameEn":"","source":"https://www.openstreetmap.org/way/560090074"}},{"type":"Feature","geometry":{"type":"Point","coordinates":[136.72218755,35.459237]},"properties":{"id":"osm-way-560247267","name":"黒野城二の丸資料館（黒野接骨院跡地）","nameEn":"","source":"https://www.openstreetmap.org/way/560247267"}},{"type":"Feature","geometry":{"type":"Point","coordinates":[141.15597565000002,40.71702665]},"properties":{"id":"osm-way-560529786","name":"鷹山宇一記念美術館","nameEn":"","source":"https://www.openstreetmap.org/way/560529786"}},{"type":"Feature","geometry":{"type":"Point","coordinates":[130.7087658,32.80097585]},"properties":{"id":"osm-way-562015312","name":"下通","nameEn":"Shimotori","source":"https://www.openstreetmap.org/way/562015312"}},{"type":"Feature","geometry":{"type":"Point","coordinates":[134.79782519999998,34.3109573]},"properties":{"id":"osm-way-562120887","name":"淡路ファームパーク","nameEn":"","source":"https://www.openstreetmap.org/way/562120887"}},{"type":"Feature","geometry":{"type":"Point","coordinates":[136.7864922,34.4569258]},"properties":{"id":"osm-way-567997550","name":"金剛證寺宝物館","nameEn":"","source":"https://www.openstreetmap.org/way/567997550"}},{"type":"Feature","geometry":{"type":"Point","coordinates":[136.6775159,35.4832713]},"properties":{"id":"osm-way-579982458","name":"本巣民俗資料館","nameEn":"","source":"https://www.openstreetmap.org/way/579982458"}},{"type":"Feature","geometry":{"type":"Point","coordinates":[136.67691595000002,35.4731304]},"properties":{"id":"osm-way-581237638","name":"富有柿の里","nameEn":"","source":"https://www.openstreetmap.org/way/581237638"}},{"type":"Feature","geometry":{"type":"Point","coordinates":[136.67858315,35.472280299999994]},"properties":{"id":"osm-way-581243509","name":"古墳と柿の館","nameEn":"","source":"https://www.openstreetmap.org/way/581243509"}},{"type":"Feature","geometry":{"type":"Point","coordinates":[133.5503597,33.5430394]},"properties":{"id":"osm-way-582776511","name":"高知市立自由民権記念館","nameEn":"","source":"https://www.openstreetmap.org/way/582776511"}},{"type":"Feature","geometry":{"type":"Point","coordinates":[137.25861575,34.8081322]},"properties":{"id":"osm-way-585010008","name":"三谷温泉園地","nameEn":"","source":"https://www.openstreetmap.org/way/585010008"}},{"type":"Feature","geometry":{"type":"Point","coordinates":[130.02614979999998,32.3119484]},"properties":{"id":"osm-way-585014639","name":"崎津資料館みなと屋","nameEn":"","source":"https://www.openstreetmap.org/way/585014639"}},{"type":"Feature","geometry":{"type":"Point","coordinates":[137.23570375,36.13167125]},"properties":{"id":"osm-way-585276392","name":"飛騨の里","nameEn":"Hida Folk Village","source":"https://www.openstreetmap.org/way/585276392"}},{"type":"Feature","geometry":{"type":"Point","coordinates":[136.9614746,35.753061849999995]},"properties":{"id":"osm-way-585995159","name":"郡上八幡城","nameEn":"Gujō Hachiman Castle","source":"https://www.openstreetmap.org/way/585995159"}},{"type":"Feature","geometry":{"type":"Point","coordinates":[136.65461255000002,35.454252600000004]},"properties":{"id":"osm-way-586354503","name":"糸貫民俗資料館","nameEn":"","source":"https://www.openstreetmap.org/way/586354503"}},{"type":"Feature","geometry":{"type":"Point","coordinates":[136.1250197,36.237855249999996]},"properties":{"id":"osm-way-587595739","name":"ライオン岩","nameEn":"","source":"https://www.openstreetmap.org/way/587595739"}},{"type":"Feature","geometry":{"type":"Point","coordinates":[133.53705205,33.56093465]},"properties":{"id":"osm-way-589137557","name":"高知みらい科学館","nameEn":"","source":"https://www.openstreetmap.org/way/589137557"}},{"type":"Feature","geometry":{"type":"Point","coordinates":[138.19666669999998,36.56327375]},"properties":{"id":"osm-way-592789589","name":"真田邸","nameEn":"Sanada residence","source":"https://www.openstreetmap.org/way/592789589"}},{"type":"Feature","geometry":{"type":"Point","coordinates":[138.2464995,36.403721399999995]},"properties":{"id":"osm-way-594277360","name":"上田市立博物館","nameEn":"Ueda Municipal Museum","source":"https://www.openstreetmap.org/way/594277360"}},{"type":"Feature","geometry":{"type":"Point","coordinates":[137.8713072,35.5673834]},"properties":{"id":"osm-way-596996435","name":"旧三州街道","nameEn":"Old Sanshū Kaidō","source":"https://www.openstreetmap.org/way/596996435"}},{"type":"Feature","geometry":{"type":"Point","coordinates":[133.88123155,35.502711]},"properties":{"id":"osm-way-599512125","name":"ハワイ風土記館","nameEn":"Hawaii Folklore Museum","source":"https://www.openstreetmap.org/way/599512125"}},{"type":"Feature","geometry":{"type":"Point","coordinates":[137.742522,35.44402695]},"properties":{"id":"osm-way-605756345","name":"後藤家資料室","nameEn":"Goto Family Collection","source":"https://www.openstreetmap.org/way/605756345"}},{"type":"Feature","geometry":{"type":"Point","coordinates":[137.74237355,35.443685349999996]},"properties":{"id":"osm-way-605828706","name":"旧銭湯玉の湯","nameEn":"Tama-no-yu","source":"https://www.openstreetmap.org/way/605828706"}},{"type":"Feature","geometry":{"type":"Point","coordinates":[137.74870435,35.44176255]},"properties":{"id":"osm-way-605828771","name":"満蒙開拓平和記念館","nameEn":"","source":"https://www.openstreetmap.org/way/605828771"}},{"type":"Feature","geometry":{"type":"Point","coordinates":[140.0091761,35.1819094]},"properties":{"id":"osm-way-619831152","name":"ロマンの森共和国","nameEn":"","source":"https://www.openstreetmap.org/way/619831152"}},{"type":"Feature","geometry":{"type":"Point","coordinates":[136.8559897,35.8866931]},"properties":{"id":"osm-way-621983974","name":"白鳥郷土芸能伝承センター","nameEn":"","source":"https://www.openstreetmap.org/way/621983974"}},{"type":"Feature","geometry":{"type":"Point","coordinates":[140.00477285,37.0829776]},"properties":{"id":"osm-way-623123737","name":"藤城清治美術館","nameEn":"","source":"https://www.openstreetmap.org/way/623123737"}},{"type":"Feature","geometry":{"type":"Point","coordinates":[130.4999844,31.51098405]},"properties":{"id":"osm-way-624090808","name":"ふるさと考古歴史館","nameEn":"","source":"https://www.openstreetmap.org/way/624090808"}},{"type":"Feature","geometry":{"type":"Point","coordinates":[139.83944,38.91466345]},"properties":{"id":"osm-way-628274617","name":"本間家本邸","nameEn":"","source":"https://www.openstreetmap.org/way/628274617"}},{"type":"Feature","geometry":{"type":"Point","coordinates":[139.83676785,38.91119405]},"properties":{"id":"osm-way-628784830","name":"山居倉庫","nameEn":"","source":"https://www.openstreetmap.org/way/628784830"}},{"type":"Feature","geometry":{"type":"Point","coordinates":[137.69147255000001,35.700597650000006]},"properties":{"id":"osm-way-632357326","name":"大桑村歴史民族資料館","nameEn":"","source":"https://www.openstreetmap.org/way/632357326"}},{"type":"Feature","geometry":{"type":"Point","coordinates":[136.05860275,34.8862448]},"properties":{"id":"osm-way-635871921","name":"甲賀市立信楽産業展示館","nameEn":"","source":"https://www.openstreetmap.org/way/635871921"}},{"type":"Feature","geometry":{"type":"Point","coordinates":[133.55661155,33.54228665]},"properties":{"id":"osm-way-646234293","name":"わんぱーくこうちプレイランド","nameEn":"","source":"https://www.openstreetmap.org/way/646234293"}},{"type":"Feature","geometry":{"type":"Point","coordinates":[136.214099,36.062867100000005]},"properties":{"id":"osm-way-647923809","name":"福井市グリフィス記念館","nameEn":"","source":"https://www.openstreetmap.org/way/647923809"}},{"type":"Feature","geometry":{"type":"Point","coordinates":[133.7589721,35.493468449999995]},"properties":{"id":"osm-way-648882701","name":"名探偵コナン・巨大迷路","nameEn":"","source":"https://www.openstreetmap.org/way/648882701"}},{"type":"Feature","geometry":{"type":"Point","coordinates":[133.75912395,35.49282650000001]},"properties":{"id":"osm-way-648882702","name":"コナンの家米花商店街","nameEn":"Conan's House Yonehana Shopping Street","source":"https://www.openstreetmap.org/way/648882702"}},{"type":"Feature","geometry":{"type":"Point","coordinates":[134.81283885,35.62572725]},"properties":{"id":"osm-way-654416791","name":"ギャラリー片岡","nameEn":"","source":"https://www.openstreetmap.org/way/654416791"}},{"type":"Feature","geometry":{"type":"Point","coordinates":[139.47147645,38.22777635]},"properties":{"id":"osm-way-656792807","name":"イヨボヤ会館","nameEn":"","source":"https://www.openstreetmap.org/way/656792807"}},{"type":"Feature","geometry":{"type":"Point","coordinates":[139.47718450000002,38.2197302]},"properties":{"id":"osm-way-656887030","name":"和水蔵","nameEn":"","source":"https://www.openstreetmap.org/way/656887030"}},{"type":"Feature","geometry":{"type":"Point","coordinates":[140.12122165,37.02040815]},"properties":{"id":"osm-way-657478533","name":"那須町民俗資料館","nameEn":"","source":"https://www.openstreetmap.org/way/657478533"}},{"type":"Feature","geometry":{"type":"Point","coordinates":[134.23616909999998,35.508178900000004]},"properties":{"id":"osm-way-658567864","name":"鳥取県立博物館","nameEn":"Tottori Prefectural Museum","source":"https://www.openstreetmap.org/way/658567864"}},{"type":"Feature","geometry":{"type":"Point","coordinates":[130.71094134999998,32.804490099999995]},"properties":{"id":"osm-way-660423964","name":"上通","nameEn":"Kamitori","source":"https://www.openstreetmap.org/way/660423964"}},{"type":"Feature","geometry":{"type":"Point","coordinates":[130.74816895,32.77527705]},"properties":{"id":"osm-way-660871771","name":"熊本市動植物園","nameEn":"","source":"https://www.openstreetmap.org/way/660871771"}},{"type":"Feature","geometry":{"type":"Point","coordinates":[136.90725915,36.260127350000005]},"properties":{"id":"osm-way-662319024","name":"スイレン池","nameEn":"Water lily pond","source":"https://www.openstreetmap.org/way/662319024"}},{"type":"Feature","geometry":{"type":"Point","coordinates":[138.44416115,36.7278828]},"properties":{"id":"osm-way-662908096","name":"志賀高原ロマン美術館","nameEn":"Shigakogen Roman Art Museum","source":"https://www.openstreetmap.org/way/662908096"}},{"type":"Feature","geometry":{"type":"Point","coordinates":[137.2348116,36.1317312]},"properties":{"id":"osm-way-671164439","name":"Yoshizane'shouse","nameEn":"Yoshizane's house","source":"https://www.openstreetmap.org/way/671164439"}},{"type":"Feature","geometry":{"type":"Point","coordinates":[137.23588235,36.13117245]},"properties":{"id":"osm-way-671164442","name":"Taguchi'shouse","nameEn":"Taguchi's house","source":"https://www.openstreetmap.org/way/671164442"}},{"type":"Feature","geometry":{"type":"Point","coordinates":[137.23623905,36.131904649999996]},"properties":{"id":"osm-way-671164855","name":"Tanaka'sHouse","nameEn":"Tanaka's House","source":"https://www.openstreetmap.org/way/671164855"}},{"type":"Feature","geometry":{"type":"Point","coordinates":[137.2366882,36.131545900000006]},"properties":{"id":"osm-way-671164859","name":"Wakayama'shouse","nameEn":"Wakayama's house","source":"https://www.openstreetmap.org/way/671164859"}},{"type":"Feature","geometry":{"type":"Point","coordinates":[137.23537385,36.1320531]},"properties":{"id":"osm-way-671301515","name":"BattariGoya","nameEn":"Battari Goya","source":"https://www.openstreetmap.org/way/671301515"}},{"type":"Feature","geometry":{"type":"Point","coordinates":[133.6466649,34.188491150000004]},"properties":{"id":"osm-way-671989025","name":"父母ヶ浜(ちちぶがはま)海水浴場","nameEn":"","source":"https://www.openstreetmap.org/way/671989025"}},{"type":"Feature","geometry":{"type":"Point","coordinates":[138.1591833,36.49231915]},"properties":{"id":"osm-way-675750104","name":"セツブンソウ群生地","nameEn":"","source":"https://www.openstreetmap.org/way/675750104"}},{"type":"Feature","geometry":{"type":"Point","coordinates":[134.80871065,35.625505950000004]},"properties":{"id":"osm-way-676513430","name":"城崎麦わら細工伝承館","nameEn":"","source":"https://www.openstreetmap.org/way/676513430"}},{"type":"Feature","geometry":{"type":"Point","coordinates":[137.8651155,35.561565400000006]},"properties":{"id":"osm-way-677333244","name":"飯島飯田線（三州街道）","nameEn":"Sanshū Kaidō","source":"https://www.openstreetmap.org/way/677333244"}},{"type":"Feature","geometry":{"type":"Point","coordinates":[137.8673216,35.5644119]},"properties":{"id":"osm-way-677333245","name":"飯島飯田線（三州街道）","nameEn":"Sanshū Kaidō","source":"https://www.openstreetmap.org/way/677333245"}},{"type":"Feature","geometry":{"type":"Point","coordinates":[137.88657285,35.5644731]},"properties":{"id":"osm-way-677336767","name":"竜西線","nameEn":"Ryūzaisen","source":"https://www.openstreetmap.org/way/677336767"}},{"type":"Feature","geometry":{"type":"Point","coordinates":[136.72287920000002,34.45894395]},"properties":{"id":"osm-way-687696020","name":"宇治橋鳥居","nameEn":"","source":"https://www.openstreetmap.org/way/687696020"}},{"type":"Feature","geometry":{"type":"Point","coordinates":[136.77876055000002,34.4990777]},"properties":{"id":"osm-way-688105164","name":"ともいきの国伊勢忍者キングダム","nameEn":"Ninja Kingdom Ise","source":"https://www.openstreetmap.org/way/688105164"}},{"type":"Feature","geometry":{"type":"Point","coordinates":[136.7188803,34.468130450000004]},"properties":{"id":"osm-way-688373746","name":"伊藤小坡美術館","nameEn":"","source":"https://www.openstreetmap.org/way/688373746"}},{"type":"Feature","geometry":{"type":"Point","coordinates":[133.57335035,33.5612341]},"properties":{"id":"osm-way-695573884","name":"高知県立美術館","nameEn":"","source":"https://www.openstreetmap.org/way/695573884"}},{"type":"Feature","geometry":{"type":"Point","coordinates":[140.7372444,40.830922900000004]},"properties":{"id":"osm-way-695946241","name":"青森ベイブリッジ","nameEn":"Aomori Bay Bridge","source":"https://www.openstreetmap.org/way/695946241"}},{"type":"Feature","geometry":{"type":"Point","coordinates":[137.6249121,36.2441511]},"properties":{"id":"osm-way-697546566","name":"田代橋","nameEn":"Tashiro Bridge","source":"https://www.openstreetmap.org/way/697546566"}},{"type":"Feature","geometry":{"type":"Point","coordinates":[137.96824345,36.24304395]},"properties":{"id":"osm-way-703211783","name":"旧開智学校","nameEn":"Kaichi School Museum","source":"https://www.openstreetmap.org/way/703211783"}},{"type":"Feature","geometry":{"type":"Point","coordinates":[135.77414645,33.83996455]},"properties":{"id":"osm-way-713665759","name":"宝物殿","nameEn":"Treasure Hall","source":"https://www.openstreetmap.org/way/713665759"}},{"type":"Feature","geometry":{"type":"Point","coordinates":[136.91489615,34.4277054]},"properties":{"id":"osm-way-713902690","name":"鳥羽展望台","nameEn":"","source":"https://www.openstreetmap.org/way/713902690"}},{"type":"Feature","geometry":{"type":"Point","coordinates":[141.2196464,40.61663085000001]},"properties":{"id":"osm-way-732024966","name":"NitobeMemorialMuseum","nameEn":"","source":"https://www.openstreetmap.org/way/732024966"}},{"type":"Feature","geometry":{"type":"Point","coordinates":[136.79902395,35.1834513]},"properties":{"id":"osm-way-733135905","name":"あま市七宝焼アートヴィレッジ","nameEn":"","source":"https://www.openstreetmap.org/way/733135905"}},{"type":"Feature","geometry":{"type":"Point","coordinates":[139.93846085,35.24684845]},"properties":{"id":"osm-way-742024575","name":"ふれあい牧場","nameEn":"","source":"https://www.openstreetmap.org/way/742024575"}},{"type":"Feature","geometry":{"type":"Point","coordinates":[137.8905295,35.5790406]},"properties":{"id":"osm-way-742207669","name":"大草街道","nameEn":"Ōkusa Kaidō","source":"https://www.openstreetmap.org/way/742207669"}},{"type":"Feature","geometry":{"type":"Point","coordinates":[130.89617525,33.75506985]},"properties":{"id":"osm-way-742371371","name":"牡鹿鍾乳洞","nameEn":"","source":"https://www.openstreetmap.org/way/742371371"}},{"type":"Feature","geometry":{"type":"Point","coordinates":[131.35991380000002,33.2605858]},"properties":{"id":"osm-way-749206390","name":"湯布院健康温泉館","nameEn":"Yufuin Health Hot Springs Museum","source":"https://www.openstreetmap.org/way/749206390"}},{"type":"Feature","geometry":{"type":"Point","coordinates":[132.93271370000002,32.78139265]},"properties":{"id":"osm-way-749870314","name":"ジョン万次郎資料館","nameEn":"","source":"https://www.openstreetmap.org/way/749870314"}},{"type":"Feature","geometry":{"type":"Point","coordinates":[135.96018529999998,35.01784825]},"properties":{"id":"osm-way-753621499","name":"草津宿本陣","nameEn":"","source":"https://www.openstreetmap.org/way/753621499"}},{"type":"Feature","geometry":{"type":"Point","coordinates":[139.6999902,35.950856]},"properties":{"id":"osm-way-775606446","name":"岩槻人形博物館","nameEn":"Iwatskui Ningyo Museum","source":"https://www.openstreetmap.org/way/775606446"}},{"type":"Feature","geometry":{"type":"Point","coordinates":[138.12800065,35.99552895]},"properties":{"id":"osm-way-781160764","name":"神長官守矢史料館","nameEn":"Jinchōkan Moriya Historical Museum","source":"https://www.openstreetmap.org/way/781160764"}},{"type":"Feature","geometry":{"type":"Point","coordinates":[135.95910235000002,35.0156958]},"properties":{"id":"osm-way-783248397","name":"草津宿街道交流館","nameEn":"","source":"https://www.openstreetmap.org/way/783248397"}},{"type":"Feature","geometry":{"type":"Point","coordinates":[134.8360889,35.6326119]},"properties":{"id":"osm-way-794344455","name":"観正寺庭園","nameEn":"","source":"https://www.openstreetmap.org/way/794344455"}},{"type":"Feature","geometry":{"type":"Point","coordinates":[140.56258574999998,39.59404015]},"properties":{"id":"osm-way-797047638","name":"史料館たてつ","nameEn":"","source":"https://www.openstreetmap.org/way/797047638"}},{"type":"Feature","geometry":{"type":"Point","coordinates":[140.5603797,39.5989887]},"properties":{"id":"osm-way-797116800","name":"佐竹歴史文化博物館","nameEn":"","source":"https://www.openstreetmap.org/way/797116800"}},{"type":"Feature","geometry":{"type":"Point","coordinates":[139.40967015,36.0766047]},"properties":{"id":"osm-way-813580596","name":"根岸家長屋門","nameEn":"","source":"https://www.openstreetmap.org/way/813580596"}},{"type":"Feature","geometry":{"type":"Point","coordinates":[138.23334395,36.31276615]},"properties":{"id":"osm-way-823157492","name":"丸子郷土博物館","nameEn":"","source":"https://www.openstreetmap.org/way/823157492"}},{"type":"Feature","geometry":{"type":"Point","coordinates":[136.05766095,34.88430015]},"properties":{"id":"osm-way-832914030","name":"滋賀県立陶芸の森陶芸館","nameEn":"Shigaraki Ceramic Cultural Park","source":"https://www.openstreetmap.org/way/832914030"}},{"type":"Feature","geometry":{"type":"Point","coordinates":[137.88217135,35.586464199999995]},"properties":{"id":"osm-way-843337622","name":"飯島飯田線（三州街道）","nameEn":"Sanshū Kaidō","source":"https://www.openstreetmap.org/way/843337622"}},{"type":"Feature","geometry":{"type":"Point","coordinates":[137.88475015,35.592905]},"properties":{"id":"osm-way-843337623","name":"飯島飯田線（三州街道）","nameEn":"Sanshū Kaidō","source":"https://www.openstreetmap.org/way/843337623"}},{"type":"Feature","geometry":{"type":"Point","coordinates":[136.48348075,36.48555065]},"properties":{"id":"osm-way-845002223","name":"石川ルーツ交流館","nameEn":"","source":"https://www.openstreetmap.org/way/845002223"}},{"type":"Feature","geometry":{"type":"Point","coordinates":[140.3969325,38.16664785]},"properties":{"id":"osm-way-854848615","name":"山形酒のミュージアム＆湯けむり屋台つまみ","nameEn":"","source":"https://www.openstreetmap.org/way/854848615"}},{"type":"Feature","geometry":{"type":"Point","coordinates":[130.45607675000002,32.622134200000005]},"properties":{"id":"osm-way-856641091","name":"龍驤館","nameEn":"","source":"https://www.openstreetmap.org/way/856641091"}},{"type":"Feature","geometry":{"type":"Point","coordinates":[130.4565392,32.62215755]},"properties":{"id":"osm-way-856641100","name":"浦島屋","nameEn":"","source":"https://www.openstreetmap.org/way/856641100"}},{"type":"Feature","geometry":{"type":"Point","coordinates":[140.3414597,38.219216700000004]},"properties":{"id":"osm-way-866549356","name":"山の村美術館","nameEn":"","source":"https://www.openstreetmap.org/way/866549356"}},{"type":"Feature","geometry":{"type":"Point","coordinates":[130.894397,33.7563098]},"properties":{"id":"osm-way-877408187","name":"平尾台自然観察センター","nameEn":"","source":"https://www.openstreetmap.org/way/877408187"}},{"type":"Feature","geometry":{"type":"Point","coordinates":[139.9832926,35.325600300000005]},"properties":{"id":"osm-way-878835855","name":"クルックフィールズ","nameEn":"KURKKU FIELDS","source":"https://www.openstreetmap.org/way/878835855"}},{"type":"Feature","geometry":{"type":"Point","coordinates":[136.6356125,36.4358686]},"properties":{"id":"osm-way-880562435","name":"宝物館","nameEn":"Shirayama Hime Jinja Shrine Museum","source":"https://www.openstreetmap.org/way/880562435"}},{"type":"Feature","geometry":{"type":"Point","coordinates":[137.87155159999998,35.546760500000005]},"properties":{"id":"osm-way-920581128","name":"旧下市田学校校舎","nameEn":"Old Shimo-Ichida School House","source":"https://www.openstreetmap.org/way/920581128"}},{"type":"Feature","geometry":{"type":"Point","coordinates":[134.45372344999998,35.624977900000005]},"properties":{"id":"osm-way-925871607","name":"浜坂先人記念館「以命亭」","nameEn":"Hamasaka Ancestry Memorial Hall \"Imeitei\"","source":"https://www.openstreetmap.org/way/925871607"}},{"type":"Feature","geometry":{"type":"Point","coordinates":[130.28913004999998,32.4864397]},"properties":{"id":"osm-way-940882219","name":"天草市立有明歴史民俗資料館","nameEn":"","source":"https://www.openstreetmap.org/way/940882219"}},{"type":"Feature","geometry":{"type":"Point","coordinates":[136.8997124,35.1649213]},"properties":{"id":"osm-way-942000435","name":"名古屋市科学館","nameEn":"Nagoya Science Museum","source":"https://www.openstreetmap.org/way/942000435"}},{"type":"Feature","geometry":{"type":"Point","coordinates":[137.8681646,35.54377835]},"properties":{"id":"osm-way-942757254","name":"竜西一貫水路第１０号分水工","nameEn":"","source":"https://www.openstreetmap.org/way/942757254"}},{"type":"Feature","geometry":{"type":"Point","coordinates":[139.839182,38.91410855]},"properties":{"id":"osm-way-944036354","name":"本間家旧本邸別館","nameEn":"","source":"https://www.openstreetmap.org/way/944036354"}},{"type":"Feature","geometry":{"type":"Point","coordinates":[137.7420196,35.444286649999995]},"properties":{"id":"osm-way-956439138","name":"三州街道","nameEn":"Sanshu Kaido","source":"https://www.openstreetmap.org/way/956439138"}},{"type":"Feature","geometry":{"type":"Point","coordinates":[138.370388,36.7455112]},"properties":{"id":"osm-way-959033778","name":"袋屋美術館","nameEn":"","source":"https://www.openstreetmap.org/way/959033778"}},{"type":"Feature","geometry":{"type":"Point","coordinates":[137.86294629999998,35.5316981]},"properties":{"id":"osm-way-965546830","name":"恒川官衙遺跡","nameEn":"Gonga Kanga Ruins","source":"https://www.openstreetmap.org/way/965546830"}},{"type":"Feature","geometry":{"type":"Point","coordinates":[132.8620301,32.79134445]},"properties":{"id":"osm-way-966116946","name":"高知県立足摺海洋館「SATOUMI」","nameEn":"","source":"https://www.openstreetmap.org/way/966116946"}},{"type":"Feature","geometry":{"type":"Point","coordinates":[137.60694845,35.60087655]},"properties":{"id":"osm-way-972134254","name":"桃介橋","nameEn":"Momosuke Bridge","source":"https://www.openstreetmap.org/way/972134254"}},{"type":"Feature","geometry":{"type":"Point","coordinates":[137.86242945,35.5380366]},"properties":{"id":"osm-way-973418058","name":"畦地１号古墳","nameEn":"Azechi Kofun No. 1","source":"https://www.openstreetmap.org/way/973418058"}},{"type":"Feature","geometry":{"type":"Point","coordinates":[137.8632131,35.5351181]},"properties":{"id":"osm-way-975578654","name":"高岡1号古墳","nameEn":"Takaoka Kofun No. 1","source":"https://www.openstreetmap.org/way/975578654"}},{"type":"Feature","geometry":{"type":"Point","coordinates":[137.86222859999998,35.5367649]},"properties":{"id":"osm-way-975581866","name":"平地２号古墳","nameEn":"","source":"https://www.openstreetmap.org/way/975581866"}},{"type":"Feature","geometry":{"type":"Point","coordinates":[133.02293355,33.411536350000006]},"properties":{"id":"osm-way-977874713","name":"吉村虎太郎邸","nameEn":"","source":"https://www.openstreetmap.org/way/977874713"}},{"type":"Feature","geometry":{"type":"Point","coordinates":[137.82826820000002,35.5097131]},"properties":{"id":"osm-way-996792959","name":"遠州街道","nameEn":"Enshu Kaido","source":"https://www.openstreetmap.org/way/996792959"}},{"type":"Feature","geometry":{"type":"Point","coordinates":[136.50470435,34.697885799999995]},"properties":{"id":"osm-way-1006598137","name":"石水博物館","nameEn":"","source":"https://www.openstreetmap.org/way/1006598137"}},{"type":"Feature","geometry":{"type":"Point","coordinates":[138.11370555,36.50039475]},"properties":{"id":"osm-way-1008126008","name":"さらしなの里歴史資料館","nameEn":"","source":"https://www.openstreetmap.org/way/1008126008"}},{"type":"Feature","geometry":{"type":"Point","coordinates":[130.7451653,32.89112875]},"properties":{"id":"osm-way-1019037095","name":"合志市マンガミュージアム","nameEn":"","source":"https://www.openstreetmap.org/way/1019037095"}},{"type":"Feature","geometry":{"type":"Point","coordinates":[137.72905874999998,35.449717]},"properties":{"id":"osm-way-1019695317","name":"三州街道","nameEn":"Sanshu Kaido","source":"https://www.openstreetmap.org/way/1019695317"}},{"type":"Feature","geometry":{"type":"Point","coordinates":[140.3138486,38.4267167]},"properties":{"id":"osm-way-1019993015","name":"河北町児童動物園","nameEn":"","source":"https://www.openstreetmap.org/way/1019993015"}},{"type":"Feature","geometry":{"type":"Point","coordinates":[137.7396925,35.44527545]},"properties":{"id":"osm-way-1020200924","name":"三州街道","nameEn":"Sanshu Kaido","source":"https://www.openstreetmap.org/way/1020200924"}},{"type":"Feature","geometry":{"type":"Point","coordinates":[137.8780353,35.5779653]},"properties":{"id":"osm-way-1022258737","name":"飯島飯田線（三州街道）","nameEn":"Sanshū Kaidō","source":"https://www.openstreetmap.org/way/1022258737"}},{"type":"Feature","geometry":{"type":"Point","coordinates":[137.86175595,35.55753575]},"properties":{"id":"osm-way-1022258741","name":"飯島飯田線","nameEn":"Sanshū Kaidō","source":"https://www.openstreetmap.org/way/1022258741"}},{"type":"Feature","geometry":{"type":"Point","coordinates":[137.85808475,35.554489849999996]},"properties":{"id":"osm-way-1022258742","name":"飯島飯田線","nameEn":"Sanshū Kaidō","source":"https://www.openstreetmap.org/way/1022258742"}},{"type":"Feature","geometry":{"type":"Point","coordinates":[136.8312329,35.9206569]},"properties":{"id":"osm-way-1029383805","name":"白山瀧宝殿","nameEn":"","source":"https://www.openstreetmap.org/way/1029383805"}},{"type":"Feature","geometry":{"type":"Point","coordinates":[137.9767294,36.231692499999994]},"properties":{"id":"osm-way-1040428833","name":"松本市美術館","nameEn":"Matsumoto City Museum of Art","source":"https://www.openstreetmap.org/way/1040428833"}},{"type":"Feature","geometry":{"type":"Point","coordinates":[139.9352136,35.245890349999996]},"properties":{"id":"osm-way-1041860073","name":"マザー牧場","nameEn":"Mother Farm","source":"https://www.openstreetmap.org/way/1041860073"}},{"type":"Feature","geometry":{"type":"Point","coordinates":[134.48784145,35.5552779]},"properties":{"id":"osm-way-1056032710","name":"杜氏館","nameEn":"Touji Kan","source":"https://www.openstreetmap.org/way/1056032710"}},{"type":"Feature","geometry":{"type":"Point","coordinates":[137.85498255,35.552226250000004]},"properties":{"id":"osm-way-1059759057","name":"飯島飯田線","nameEn":"Sanshū Kaidō","source":"https://www.openstreetmap.org/way/1059759057"}},{"type":"Feature","geometry":{"type":"Point","coordinates":[133.573752,33.497253799999996]},"properties":{"id":"osm-way-1061555847","name":"桂浜水族館","nameEn":"","source":"https://www.openstreetmap.org/way/1061555847"}},{"type":"Feature","geometry":{"type":"Point","coordinates":[134.1950344,33.325790999999995]},"properties":{"id":"osm-way-1063469545","name":"むろと廃校水族館","nameEn":"","source":"https://www.openstreetmap.org/way/1063469545"}},{"type":"Feature","geometry":{"type":"Point","coordinates":[130.0314753,32.52897135]},"properties":{"id":"osm-way-1086141075","name":"苓北町歴史資料館","nameEn":"","source":"https://www.openstreetmap.org/way/1086141075"}},{"type":"Feature","geometry":{"type":"Point","coordinates":[140.74002760000002,38.22136045]},"properties":{"id":"osm-way-1097414233","name":"仙台万華鏡美術館","nameEn":"Sendai Kaleidoscopes Art Museum","source":"https://www.openstreetmap.org/way/1097414233"}},{"type":"Feature","geometry":{"type":"Point","coordinates":[135.77555984999998,33.8358362]},"properties":{"id":"osm-way-1127649070","name":"大鳥居","nameEn":"","source":"https://www.openstreetmap.org/way/1127649070"}},{"type":"Feature","geometry":{"type":"Point","coordinates":[130.43460905,32.98469645]},"properties":{"id":"osm-way-1155954570","name":"宮崎兄弟資料館","nameEn":"","source":"https://www.openstreetmap.org/way/1155954570"}},{"type":"Feature","geometry":{"type":"Point","coordinates":[140.49820154999998,35.8880425]},"properties":{"id":"osm-way-1169647828","name":"伊能忠敬旧宅","nameEn":"","source":"https://www.openstreetmap.org/way/1169647828"}},{"type":"Feature","geometry":{"type":"Point","coordinates":[136.6938739,35.063424049999995]},"properties":{"id":"osm-way-1173696030","name":"桑名市博物館","nameEn":"","source":"https://www.openstreetmap.org/way/1173696030"}},{"type":"Feature","geometry":{"type":"Point","coordinates":[137.8191443,35.5175699]},"properties":{"id":"osm-way-1184116708","name":"大平街道","nameEn":"Odaira Kaido","source":"https://www.openstreetmap.org/way/1184116708"}},{"type":"Feature","geometry":{"type":"Point","coordinates":[137.876157,35.56101965]},"properties":{"id":"osm-way-1184773112","name":"吉田郷蔵","nameEn":"Yoshida-sato Kura","source":"https://www.openstreetmap.org/way/1184773112"}},{"type":"Feature","geometry":{"type":"Point","coordinates":[138.12154475,35.99930495]},"properties":{"id":"osm-way-1202688476","name":"諏訪大社上社本宮四之鳥居","nameEn":"","source":"https://www.openstreetmap.org/way/1202688476"}},{"type":"Feature","geometry":{"type":"Point","coordinates":[138.1191236,35.99877385]},"properties":{"id":"osm-way-1202688480","name":"諏訪大社本宮大鳥居","nameEn":"","source":"https://www.openstreetmap.org/way/1202688480"}},{"type":"Feature","geometry":{"type":"Point","coordinates":[134.35760125000002,33.613388799999996]},"properties":{"id":"osm-way-1202868576","name":"阿波海南文化村","nameEn":"","source":"https://www.openstreetmap.org/way/1202868576"}},{"type":"Feature","geometry":{"type":"Point","coordinates":[138.12245875000002,35.9968367]},"properties":{"id":"osm-way-1212513318","name":"諏訪大社上社本宮大鳥居東参道三之鳥居）","nameEn":"Suwa Taisha Kamisha Honmiya Higashisandō Ō-torii (Third Torii)","source":"https://www.openstreetmap.org/way/1212513318"}},{"type":"Feature","geometry":{"type":"Point","coordinates":[138.12482515,36.000950849999995]},"properties":{"id":"osm-way-1212517045","name":"進友会館","nameEn":"Shinyu Kaikan","source":"https://www.openstreetmap.org/way/1212517045"}},{"type":"Feature","geometry":{"type":"Point","coordinates":[137.85482125,37.03044835]},"properties":{"id":"osm-way-1215300173","name":"ひすいの蔵～国石ヒスイと糸魚川のお宝蔵","nameEn":"","source":"https://www.openstreetmap.org/way/1215300173"}},{"type":"Feature","geometry":{"type":"Point","coordinates":[138.1412994,36.48178395]},"properties":{"id":"osm-way-1217903790","name":"山口洋子千曲川展示館","nameEn":"","source":"https://www.openstreetmap.org/way/1217903790"}},{"type":"Feature","geometry":{"type":"Point","coordinates":[137.02488284999998,35.160236049999995]},"properties":{"id":"osm-way-1219514134","name":"展望デッキ","nameEn":"","source":"https://www.openstreetmap.org/way/1219514134"}},{"type":"Feature","geometry":{"type":"Point","coordinates":[134.02062110000003,33.85501685]},"properties":{"id":"osm-way-1219969029","name":"かかし工房","nameEn":"Scarecrow Workshop","source":"https://www.openstreetmap.org/way/1219969029"}},{"type":"Feature","geometry":{"type":"Point","coordinates":[138.11848959999998,35.99903075]},"properties":{"id":"osm-way-1220423099","name":"波除鳥居","nameEn":"Namiyoke Torii","source":"https://www.openstreetmap.org/way/1220423099"}},{"type":"Feature","geometry":{"type":"Point","coordinates":[138.11723024999998,36.00036505]},"properties":{"id":"osm-way-1220423122","name":"諏訪大社上社本宮五之鳥居","nameEn":"Suwa Taisha Shrine Kamisha Honmiya Fifth Torii","source":"https://www.openstreetmap.org/way/1220423122"}},{"type":"Feature","geometry":{"type":"Point","coordinates":[137.8959011,35.570881]},"properties":{"id":"osm-way-1221992514","name":"松木土場の桜並木","nameEn":"","source":"https://www.openstreetmap.org/way/1221992514"}},{"type":"Feature","geometry":{"type":"Point","coordinates":[130.56129525,32.93402535]},"properties":{"id":"osm-way-1227702351","name":"玉名市立歴史博物館こころピア","nameEn":"","source":"https://www.openstreetmap.org/way/1227702351"}},{"type":"Feature","geometry":{"type":"Point","coordinates":[138.10175809999998,36.5190492]},"properties":{"id":"osm-way-1232388632","name":"武水別神社神官松田邸","nameEn":"","source":"https://www.openstreetmap.org/way/1232388632"}},{"type":"Feature","geometry":{"type":"Point","coordinates":[138.10294735,36.5368719]},"properties":{"id":"osm-way-1234016261","name":"ふる里漫画館","nameEn":"","source":"https://www.openstreetmap.org/way/1234016261"}},{"type":"Feature","geometry":{"type":"Point","coordinates":[134.76471505,34.95800545]},"properties":{"id":"osm-way-1239805766","name":"福崎町立神崎郡歴史民俗資料館","nameEn":"Kanzaki Country Museum of History and Folklore","source":"https://www.openstreetmap.org/way/1239805766"}},{"type":"Feature","geometry":{"type":"Point","coordinates":[135.6061772,33.813552200000004]},"properties":{"id":"osm-way-1244740810","name":"田辺市立美術館分館・熊野古道なかへち美術館","nameEn":"Kumanokodo Nakahechi Museum of Art","source":"https://www.openstreetmap.org/way/1244740810"}},{"type":"Feature","geometry":{"type":"Point","coordinates":[138.104773,36.53848705]},"properties":{"id":"osm-way-1245781499","name":"千曲市稲荷山宿・蔵し館","nameEn":"","source":"https://www.openstreetmap.org/way/1245781499"}},{"type":"Feature","geometry":{"type":"Point","coordinates":[137.8914529,35.58078745]},"properties":{"id":"osm-way-1253494171","name":"大草街道","nameEn":"Ōkusa Kaidō","source":"https://www.openstreetmap.org/way/1253494171"}},{"type":"Feature","geometry":{"type":"Point","coordinates":[137.13287625,35.334150300000005]},"properties":{"id":"osm-way-1261802175","name":"美濃陶芸協会GALLERY","nameEn":"","source":"https://www.openstreetmap.org/way/1261802175"}},{"type":"Feature","geometry":{"type":"Point","coordinates":[136.14663439999998,36.2531594]},"properties":{"id":"osm-way-1269214371","name":"イルカプール","nameEn":"","source":"https://www.openstreetmap.org/way/1269214371"}},{"type":"Feature","geometry":{"type":"Point","coordinates":[136.14654045,36.25303585]},"properties":{"id":"osm-way-1269214372","name":"ブルードルフィンプール","nameEn":"","source":"https://www.openstreetmap.org/way/1269214372"}},{"type":"Feature","geometry":{"type":"Point","coordinates":[136.1468388,36.2530948]},"properties":{"id":"osm-way-1269214373","name":"オレンジドルフィンプール","nameEn":"","source":"https://www.openstreetmap.org/way/1269214373"}},{"type":"Feature","geometry":{"type":"Point","coordinates":[137.8690381,35.5656553]},"properties":{"id":"osm-way-1291622404","name":"飯島飯田線（三州街道）","nameEn":"Sanshū Kaidō","source":"https://www.openstreetmap.org/way/1291622404"}},{"type":"Feature","geometry":{"type":"Point","coordinates":[137.8713072,35.567383750000005]},"properties":{"id":"osm-way-1291622405","name":"飯島飯田線（三州街道）","nameEn":"Sanshū Kaidō","source":"https://www.openstreetmap.org/way/1291622405"}},{"type":"Feature","geometry":{"type":"Point","coordinates":[136.20049775,36.0508593]},"properties":{"id":"osm-way-1301856217","name":"足羽山公園遊園地管理棟","nameEn":"","source":"https://www.openstreetmap.org/way/1301856217"}},{"type":"Feature","geometry":{"type":"Point","coordinates":[134.1372581,34.680336100000005]},"properties":{"id":"osm-way-1321758755","name":"須恵古代館","nameEn":"Sue Ancient Museum","source":"https://www.openstreetmap.org/way/1321758755"}},{"type":"Feature","geometry":{"type":"Point","coordinates":[137.24886014999998,36.1193883]},"properties":{"id":"osm-way-1339172310","name":"高山まつりの森","nameEn":"Takayama Festival Forest","source":"https://www.openstreetmap.org/way/1339172310"}},{"type":"Feature","geometry":{"type":"Point","coordinates":[136.93096674999998,36.41056535]},"properties":{"id":"osm-way-1342700012","name":"民俗資料館村上家","nameEn":"","source":"https://www.openstreetmap.org/way/1342700012"}},{"type":"Feature","geometry":{"type":"Point","coordinates":[130.68840784999998,33.015134599999996]},"properties":{"id":"osm-way-1349911971","name":"山鹿灯篭民芸館","nameEn":"","source":"https://www.openstreetmap.org/way/1349911971"}},{"type":"Feature","geometry":{"type":"Point","coordinates":[133.99065819999998,34.44522755]},"properties":{"id":"osm-way-1357191882","name":"ベネッセアートサイト直島","nameEn":"Benesse House Museum","source":"https://www.openstreetmap.org/way/1357191882"}},{"type":"Feature","geometry":{"type":"Point","coordinates":[131.4693962,33.3159924]},"properties":{"id":"osm-way-1359597112","name":"別府地獄めぐり","nameEn":"Hells of Beppu","source":"https://www.openstreetmap.org/way/1359597112"}},{"type":"Feature","geometry":{"type":"Point","coordinates":[131.47407265,33.3157844]},"properties":{"id":"osm-way-1359597114","name":"金龍地獄","nameEn":"","source":"https://www.openstreetmap.org/way/1359597114"}},{"type":"Feature","geometry":{"type":"Point","coordinates":[133.99141235000002,34.4442503]},"properties":{"id":"osm-way-1365732441","name":"SeasideGallery","nameEn":"","source":"https://www.openstreetmap.org/way/1365732441"}},{"type":"Feature","geometry":{"type":"Point","coordinates":[130.6656633,32.5893171]},"properties":{"id":"osm-way-1366466130","name":"竜北歴史資料館","nameEn":"","source":"https://www.openstreetmap.org/way/1366466130"}},{"type":"Feature","geometry":{"type":"Point","coordinates":[140.9011649,36.94296735]},"properties":{"id":"osm-way-1382555824","name":"アクアマリンふくしま","nameEn":"AQUAMARINE FUKUSHIMA","source":"https://www.openstreetmap.org/way/1382555824"}},{"type":"Feature","geometry":{"type":"Point","coordinates":[131.50592425000002,33.28171055]},"properties":{"id":"osm-way-1385316939","name":"別府タワー","nameEn":"Beppu Tower","source":"https://www.openstreetmap.org/way/1385316939"}},{"type":"Feature","geometry":{"type":"Point","coordinates":[139.98298435,38.701656549999996]},"properties":{"id":"osm-way-1389763057","name":"出羽三山歴史博物館","nameEn":"Dewa Sanzan History Museum","source":"https://www.openstreetmap.org/way/1389763057"}},{"type":"Feature","geometry":{"type":"Point","coordinates":[131.5027455,33.276084749999995]},"properties":{"id":"osm-way-1392370090","name":"べっぷかんこうかい","nameEn":"Beppu Tourism Association Museum","source":"https://www.openstreetmap.org/way/1392370090"}},{"type":"Feature","geometry":{"type":"Point","coordinates":[130.5146391,31.524362]},"properties":{"id":"osm-way-1395186386","name":"三宅美術館","nameEn":"","source":"https://www.openstreetmap.org/way/1395186386"}},{"type":"Feature","geometry":{"type":"Point","coordinates":[130.48532745,31.4789548]},"properties":{"id":"osm-way-1412121482","name":"児玉美術館","nameEn":"","source":"https://www.openstreetmap.org/way/1412121482"}},{"type":"Feature","geometry":{"type":"Point","coordinates":[134.5560339,34.07362565]},"properties":{"id":"osm-way-1420335392","name":"徳島市立徳島城博物館","nameEn":"Tokushima Castle Museum","source":"https://www.openstreetmap.org/way/1420335392"}},{"type":"Feature","geometry":{"type":"Point","coordinates":[134.2378972,35.539970249999996]},"properties":{"id":"osm-way-1420969865","name":"砂の美術館","nameEn":"The Sand Museum","source":"https://www.openstreetmap.org/way/1420969865"}},{"type":"Feature","geometry":{"type":"Point","coordinates":[136.7911177,34.50738845]},"properties":{"id":"osm-way-1455704574","name":"伊勢シーパラダイス","nameEn":"","source":"https://www.openstreetmap.org/way/1455704574"}},{"type":"Feature","geometry":{"type":"Point","coordinates":[131.1581464,33.2813983]},"properties":{"id":"osm-way-1458012212","name":"国鉄9600形29612","nameEn":"JNR Class 9600 No. 29612","source":"https://www.openstreetmap.org/way/1458012212"}},{"type":"Feature","geometry":{"type":"Point","coordinates":[130.7881281,32.949439850000005]},"properties":{"id":"osm-way-1468704616","name":"花房さくら坂公園","nameEn":"","source":"https://www.openstreetmap.org/way/1468704616"}},{"type":"Feature","geometry":{"type":"Point","coordinates":[141.1071326,39.0157674]},"properties":{"id":"osm-way-1525638428","name":"太平洋戦史館","nameEn":"","source":"https://www.openstreetmap.org/way/1525638428"}}]}